id,name,pdfsize,hpage,wpage,nbpages,imagesize,nbimage
0,0,204106,612,792,2,4,0
1,1,544218,792,612,15,4,0
2,10,373447,272.126,362.835,16,5084,2
3,100,150281,779.53,595.28,8,1012,56
4,1000,644092,540,720,29,33224,58
5,1001,204763,792,612,22,4,0
6,1002,372204,792,612,12,2208,2
7,1003,4836143,842,595,948,20,4
8,1004,358070,842,595,37,4,0
9,1005,1566451,841.89,595.276,240,3900,8
10,1006,421416,792,612,11,2040,6
11,1007,282837,792,612,27,2240,555
12,1008,172583,792,612,12,292,1
13,1009,782409,792,612,73,496,2
14,101,481131,595,794,40,10504,61
15,1010,14967053,600,800,208,164964,455
16,1011,211156,792,612,17,816,1
17,1012,295423,792,612,5,956,1
18,1013,1624464,540,720,48,60888,631
19,1014,127525,792,612,14,4,0
20,1015,26248423,561,417,992,775904,995
21,1016,2341139,595,794,30,61984,92
22,1017,136009,792,612,6,700,1
23,1018,8747675,792,612,1514,264,21
24,1019,84360,792,612,5,240,59
25,102,2477854,792,612,1255,4,0
26,1020,766493,792,612,20,388,1
27,1021,1239133,792,612,12,264,65
28,1022,630410,792,612,79,4,0
29,1023,2101571,792,612,22,37212,56
30,1024,533308,792,612,14,1684,40
31,1025,197042,595.32,841.92,1,4,0
32,1026,140651,792,612,12,1048,259
33,1027,91332,792,612,10,168,41
34,1028,359049,792,612,10,24828,6162
35,1029,274275,792,612,3,3100,3
36,103,4733973,792,612,660,21088,659
37,1030,31601,792,612,13,4,0
38,1031,249573,792,612,4,1088,30
39,1032,1335948,792,612,41,39784,48
40,1033,452506,792,612,11,2884,8
41,1034,413447,792,612,11,4,0
42,1035,536327,540,720,37,8836,5
43,1036,1847491,792,612,49,52276,46
44,1037,692562,792,612,43,4,0
45,1038,131872,792,612,16,4,0
46,1039,29817386,540,960,19,455584,278
47,104,194937,792,612,16,4,0
48,1040,433735,718,538,47,4728,5
49,1041,415732,792,612,19,1664,2
50,1042,1217792,790.866,595.276,6,28,1
51,1043,2333749,540,720,40,214536,89
52,1044,190994,792,612,16,4,0
53,1045,40254827,656.64,530.64,1313,82272,290
54,1046,933168,792,612,12,25968,45
55,1047,1071987,792,612,195,4,0
56,1048,1202341,844,595,202,2036,1
57,1049,519521,792,612,126,4,0
58,105,1526100,841.89,595.276,26,15148,210
59,1050,607152,792,612,14,6124,226
60,1051,187398,792,612,31,4,0
61,1052,2235208,791,612,18,18508,18
62,1053,23176004,792,612,4618,1564,22
63,1054,591419,841.89,595.276,12,4,0
64,1055,1571575,600.12,960.24,27,53608,227
65,1056,19061837,792,612,9,4,0
66,1057,150942,792,612,5,1712,4
67,1058,994000,792,612,41,4,0
68,1059,324831,612,792,60,4,0
69,106,165293,792,612,15,4,0
70,1060,143032,783,603,4,20,1
71,1061,2194428,841.89,595.276,167,34000,35
72,1062,404208,792,612,11,4,0
73,1063,977883,540,720,28,10196,24
74,1064,399277,792,612,14,4,0
75,1065,799069,486,864,23,126484,245
76,1066,927704,792,612,11,3324,14
77,1067,818079,792,612,250,4,0
78,1068,359161,792,612,15,6588,10
79,1069,593577,792,612,5,4,0
80,107,142450,842,595,9,4,0
81,1070,245760,792,612,19,68,1
82,1071,332117,792,612,12,4,0
83,1072,268388,792,612,14,672,167
84,1073,158211,718,537,31,4,0
85,1074,5399128,792,612,372,11688,27
86,1075,1535372,540,720,59,118004,295
87,1076,581586,659.895,429.725,14,360,89
88,1077,2033924,2384.28,3370.8,1,432636,296
89,1078,3783011,792,612,672,5400,672
90,1079,274586,792,612,34,80,6
91,108,6463474,612,792,149,151280,764
92,1080,190927,792,612,8,4320,923
93,1081,138811,792,612,6,4,0
94,1082,2668106,792,612,390,6824,391
95,1083,323683,792,612,51,420,43
96,1084,395159,792,612,9,4,0
97,1085,924277,792,612,22,4,0
98,1086,390577,792,612,16,1844,2
99,1087,339020,782.362,595.276,10,4,0
100,1088,162633,792,612,6,4,0
101,1089,15350133,540,959.76,45,825488,2934
102,109,218479,792,612,14,4,0
103,1090,63101,842,595,9,4,0
104,1091,487521,792,612,26,4,0
105,1092,429546,272.126,362.835,106,4468,3
106,1093,274092,841.89,595.276,17,2092,1
107,1094,130189,768,1024,34,452,6
108,1095,343543,792,612,8,4,0
109,1096,129951,792,648,8,1796,3
110,1097,1204908,792,615,12,12456,12
111,1098,1956901,486,864,71,33204,39
112,1099,946326,841.887,595.273,211,1124,1
113,11,238804,792,594,6,4,0
114,110,756051,783,603,7,2924,4
115,1100,1399118,612,792,58,72144,168
116,1101,323096,792,612,11,52,3
117,1102,523480,841.89,595.28,35,492,1
118,1103,1211371,792,612,35,8916,127
119,1104,274038,792,612,8,388,2
120,1105,55688,792,612,35,4,0
121,1106,4785336,272.126,362.835,49,80032,14
122,1107,1527985,842,595,16,4708,1
123,1108,857755,792,612,24,5736,9
124,1109,2582410,792,612,2,2328,5
125,111,429804,792,612,46,604,150
126,1110,14775011,666,540,48,138472,40
127,1111,684652,792,612,52,32684,2329
128,1112,587744,792,612,31,4,0
129,1113,169672,540,720,1,5588,4
130,1114,269665,792,612,4,8760,1755
131,1115,629196,720,972,47,40148,14
132,1116,179344,792,612,13,168,41
133,1117,899483,792,612,14,162960,47
134,1118,2003528,842,595,148,43392,407
135,1119,77438,792,612,12,4,0
136,112,445652,742.677,544.252,11,2732,8
137,1120,124207,792,612,15,4,0
138,1121,1540820,612,792,31,4,0
139,1122,393908,718,538,18,4528,58
140,1123,109314,792,612,6,72,17
141,1124,1135620,792,612,12,3684,13
142,1125,1768379,790.08,609.6,24,11436,111
143,1126,2588201,405.12,720,44,264516,2231
144,1127,451504,841.92,595.32,11,1852,22
145,1128,6398833,648,432,207,39108,57
146,1129,3865061,792,612,159,17108,124
147,113,317860,841.8,595.4,13,28,2
148,1130,1386589,486,864,55,21720,49
149,1131,277869,680.315,467.717,15,188,2
150,1132,208991,841.89,595.276,20,4,0
151,1133,2187918,792,612,16,4,0
152,1134,291671,792,612,15,4,0
153,1135,2636899,792,612,193,2372,3
154,1136,273937,792,612,8,4,0
155,1137,998783,792,612,6,4,0
156,1138,184465,792,612,38,300,37
157,1139,4278075,792,612,304,2608,5
158,114,253000,792,612,5,100,24
159,1140,274620,792,612,22,4,0
160,1141,3188336,792,612,16,337564,30
161,1142,207314,792,612,15,2820,3
162,1143,658269,742.677,544.252,8,1072,4
163,1144,17175867,792,612,600,206200,102
164,1145,908673,792,612,176,3500,870
165,1146,1732052,540,720,91,35408,35
166,1147,650374,792,612,26,12404,27
167,1148,89257,792,612,6,40,9
168,1149,1172493,792,612,47,47316,28
169,115,949075,792,612,112,4404,6
170,1150,36284,792,612,20,4,0
171,1152,1616515,540,720,23,46308,447
172,1153,188549,792,612,16,928,2
173,1154,260225,792,612,8,4,0
174,1155,6346384,792,612,1142,9756,1143
175,1156,317143,792,612,12,4,0
176,1157,311166,792,612,26,1852,460
177,1158,6420768,842,595,473,116756,104
178,1159,710544,2383.5,1683,1,4,0
179,116,972483,718,538,36,14568,1101
180,1160,3924649,540,720,37,279872,627
181,1161,795313,841.89,595.276,11,4,0
182,1162,212628,840,595,23,1028,212
183,1163,1785123,540,720,64,48532,97
184,1164,455537,841.89,595.276,88,500,1
185,1165,763857,792,612,20,4004,4
186,1166,639723,540,720,53,1796,55
187,1167,358902,792,612,10,4,0
188,1168,733782,792,612,8,8260,8
189,1169,322630,782.362,595.276,21,4,0
190,117,22129,842,595.22,2,4,0
191,1170,928734,2551.18,3429.92,1,4476,5
192,1171,1357690,792,612,26,67704,89
193,1172,4383534,792,612,826,508,2
194,1173,244225,718,537,26,4,0
195,1174,262210,738,522,32,372,2
196,1175,130144,792,612,7,116,28
197,1176,288764,792,612,17,4,0
198,1177,14371306,666,540,37,121416,41
199,1178,4049006,540,720,108,293624,1094
200,1179,750907,842,595,10,11348,9
201,118,931470,486,864,60,7300,6
202,1180,942481,799.68,622.08,17,17780,19
203,1181,766590,792,612,47,4,0
204,1182,824773,792,612,123,1056,261
205,1183,4214269,792,612,642,25912,35
206,1184,202429,792,612,11,1308,2
207,1185,1474315,540,720,12,59440,545
208,1186,415127,792,612,128,4,0
209,1187,712705,782,585,9,13228,1
210,1188,139629,792,612,6,4,0
211,1189,737452,792,612,137,4,0
212,119,303681,792,612,13,3900,150
213,1190,2641976,595,842,44,44748,202
214,1191,834955,792,612,9,4,0
215,1192,444642,792,612,18,2988,7
216,1193,774438,841.89,595.276,77,10364,8
217,1194,43003,792,612,7,4,0
218,1195,1596187,595,794,23,23148,12
219,1196,256858,792,612,16,4,0
220,1197,1300618,612,792,23,15704,17
221,1198,374609,792,612,55,1688,419
222,1199,1605385,792,612,12,4,0
223,12,388868,540,720,27,21868,106
224,120,197363,792,612,9,1564,2
225,1200,1011107,841.92,595.32,28,5636,123
226,1201,1130105,540,720,37,17456,242
227,1202,1347672,792,612,337,51800,103
228,1203,1137588,794,615,12,12460,396
229,1204,527392,792,612,20,4,0
230,1205,1303643,792,612,16,892,135
231,1206,2833068,792,612,1025,9248,1051
232,1207,944351,792,612,8,7848,9
233,1208,707448,792,612,11,28,6
234,1209,277317,841.89,595.276,17,4,0
235,121,229053,841.89,595.276,13,4,0
236,1210,1924750,272.126,362.835,52,10428,13
237,1211,286705,792,612,12,1424,353
238,1212,4546292,540,720,78,1176136,805
239,1213,322992,792,612,7,7676,8
240,1214,465234,792,612,6,2208,37
241,1215,587996,792,612,5,340,56
242,1216,724874,595,794,18,39584,19
243,1217,238013,842,595,21,4,0
244,1218,1551032,540,720,69,17160,43
245,1219,2057037,646.572,538.81,408,4,0
246,122,803661,540,720,20,15032,17
247,1220,1495871,841.89,595.276,12,1156,1
248,1221,568047,792,612,27,4,0
249,1222,1501855,768,1024,40,19180,2202
250,1223,331643,410,302,4,4288,4
251,1224,316334,792,612,12,4,0
252,1225,1902390,540,959,50,24872,14
253,1226,1722294,848.693,668.693,12,10476,10
254,1227,218300,792,612,14,4,0
255,1228,636189,841.89,595.276,12,4,0
256,1229,3721052,792,612,688,7752,748
257,123,1247867,792,612,10,4,0
258,1230,533738,540,720,49,39172,61
259,1231,1737448,792,612,301,4,0
260,1232,126908,792,612,10,4,0
261,1233,196013,792,612,15,44,10
262,1234,216586,792,612,15,500,124
263,1235,1283184,792,612,168,5388,15
264,1236,471927,792,612,8,14736,3008
265,1237,3336605,334.44,252,458,11120,3
266,1238,993032,792,612,13,49364,28
267,1239,967601,792,612,223,6076,1226
268,124,627608,792,612,10,4,0
269,1240,1381819,792,612,8,55664,13800
270,1241,169746,792,612,10,4,0
271,1242,1002917,792,612,291,4,0
272,1243,1072642,792,612,18,5268,127
273,1244,3164774,272.13,362.83,94,66188,521
274,1245,652768,792,612,9,5428,6
275,1246,931364,792,612,119,8228,14
276,1247,636895,540,720,53,11028,156
277,1248,199931,737,567,17,396,68
278,1249,409183,792,612,14,1480,367
279,125,3584462,807.84,609.48,10,60196,10
280,1250,164750,792,612,19,4,0
281,1251,1714347,792,612,10,180,1
282,1252,1759552,791.972,611.972,261,14084,286
283,1253,244316,792,612,13,88,21
284,1254,900085,540,720,67,7768,71
285,1255,6293908,792,612,354,10568,9
286,1256,890770,790.866,612.283,8,3884,504
287,1257,779183,792,612,29,4,0
288,1258,44398,792,612,10,4,0
289,1259,123492,792,612,17,4,0
290,126,1786044,841.89,595.276,61,33372,23
291,1260,2346760,791.997,611.998,30,40892,478
292,1261,800458,792,612,141,204,50
293,1262,422327,792,612,15,2520,3
294,1263,631245,792,612,16,4,0
295,1264,1892715,576,392,292,1624,403
296,1265,1485097,792,612,36,4,0
297,1266,770006,792,612,14,9832,443
298,1267,414709,842,595,56,4,0
299,1268,9313250,792,612,383,281992,306
300,1269,1577584,540,720,78,21056,35
301,127,194298,792,612,5,1748,5
302,1270,1296320,486,864,61,302424,909
303,1271,607303,792,612,46,4,0
304,1272,1596364,792,612,12,4,0
305,1273,374246,792,612,13,8724,4
306,1274,309975,792,612,86,4,0
307,1275,191523,792,612,9,228,56
308,1276,877401,792,612,19,192,9
309,1277,137341,792,612,9,28,6
310,1278,533057,792,612,12,4,0
311,1279,146279,792,612,14,992,64
312,128,169593,842,595,13,812,202
313,1280,433846,792,612,22,84,1
314,1281,371249,792,612,16,4,0
315,1282,2665218,792,612,33,21204,4
316,1283,514467,792,612,140,4,0
317,1284,766481,792,612,11,4,0
318,1285,631205,792,612,16,1684,362
319,1286,1251722,841.89,595.276,191,6404,37
320,1287,1155038,792,612,33,40640,130
321,1288,2058400,540,720,31,7040,34
322,1289,586857,792,612,32,4,0
323,129,275852,792,612,12,4,0
324,1290,523289,595.32,841.92,1,4,0
325,1291,243710,792,612,21,4,0
326,1292,392338,792,612,10,4796,2
327,1293,419687,680.315,467.717,22,104,2
328,1294,434136,841.89,595.276,30,4,0
329,1295,468666,792,612,17,22720,16
330,1296,168636,792,612,16,388,1
331,1297,144884,792,612,10,4,0
332,1298,323169,792,612,15,176,1
333,1299,512794,792,612,12,4,0
334,13,5893787,792,612,682,8892,684
335,130,374133,718,537,21,3444,4
336,1300,515612,792,612,16,1068,64
337,1301,705090,792,612,18,4,0
338,1302,1224337,405,720,34,240740,451
339,1303,218424,792,612,10,888,221
340,1304,831013,792,612,15,1604,3
341,1305,5799286,792,612,49,10072,26
342,1306,531472,841.89,595.276,11,4,0
343,1307,175107,792,612,12,868,216
344,1308,394980,792,612,92,4,0
345,1309,1242478,783,576,8,18820,8
346,131,7889996,792,612,19,142280,13
347,1310,1930236,703,490,22,50540,109
348,1311,235960,792,612,29,4,0
349,1312,259286,792,612,6,4,0
350,1313,150093,842,595,10,4,0
351,1314,1036807,792,612,130,12940,19
352,1315,330553,792,612,81,7204,246
353,1316,69752,792,612,9,912,227
354,1317,1022284,792,612,20,8140,6
355,1318,168991,792,612,28,1584,393
356,1319,1071632,720,486,41,4,0
357,132,3067290,842.04,595.32,258,31824,257
358,1320,471091,792,612,49,4,0
359,1321,5183456,792,612,1206,4,0
360,1322,692789,792,612,156,1940,2
361,1323,67135442,792,612,6018,52,2
362,1324,4804182,792,612,18,4904,31
363,1325,19148153,696.24,531.36,986,3237184,985
364,1326,568063,272.126,362.835,47,7792,59
365,1327,296577,842,595,32,8908,41
366,1328,591381,782.362,595.276,25,4,0
367,1329,362073,792,612,11,4,0
368,133,305982,791.997,611.998,14,4,0
369,1330,301048,792,612,16,1120,277
370,1331,198321,792,612,7,4,0
371,1332,1992435,405,720,25,94388,272
372,1333,1024042,841.663,595.417,333,232,1
373,1334,385030,792,612,10,720,12
374,1335,309487,792,612,11,3624,7
375,1336,43342,792,612,6,364,6
376,1337,3992769,550.8,979.2,52,737068,127
377,1338,904272,792,612,284,4,0
378,1339,1103368,540,720,37,77996,140
379,134,1258941,790.866,595.276,25,20296,35
380,1340,729728,792,612,12,4,0
381,1341,1747618,792,612,372,11912,372
382,1342,510611,842,595,25,4,0
383,1343,551215,792,612,83,4,0
384,1344,716915,842,595,29,3168,12
385,1345,287905,272.126,362.835,60,4,0
386,1346,330553,792,612,81,7204,246
387,1347,284814,792,612,11,300,74
388,1348,498233,792,612,12,4,0
389,1349,1205315,792,612,53,4,0
390,135,333665,792,612,12,1432,355
391,1350,221870,792,612,10,4,0
392,1351,3506312,792,612,684,5596,685
393,1352,3369361,792,612,13,49888,127
394,1353,526456,792,612,85,4,0
395,1354,176384,792,612,12,4,0
396,1355,1088956,792,612,17,4,0
397,1356,15511963,792,612,487,633476,206
398,1357,215644,792,612,28,4,0
399,1358,2347581,792,612,439,3432,7
400,1359,1035050,540,960,45,22204,16
401,136,483681,841.89,595.276,18,4,0
402,1360,572828,790.866,612.283,72,964,6
403,1361,365591,792,612,12,4,0
404,1362,1518527,792,612,66,2380,344
405,1363,36242,792,612,7,4,0
406,1364,32949,792,612,8,4,0
407,1365,356853,792,612,56,2096,40
408,1366,931695,792,612,11,912,84
409,1367,384202,792,612,23,4,0
410,1368,52402,2276,11889,1,4,0
411,1369,211834,792,612,6,4,0
412,137,418430,600,800,39,6068,41
413,1370,488477,540,720,27,3384,178
414,1371,709331,842,595,100,228,1
415,1372,3450645,540,720,57,55304,20
416,1373,310420,792,612,13,432,107
417,1374,5533713,792,612,594,91124,675
418,1375,450391,792,612,12,848,1
419,1376,1828216,841.89,595.276,19,146744,22
420,1377,958520,405,720,41,13980,8
421,1378,408100,792,612,15,1164,8
422,1379,2083655,486,864,21,94816,1006
423,138,13793233,486,864,34,504772,177
424,1380,911157,792,612,12,3548,2
425,1381,9146423,272.13,362.83,86,497828,489
426,1382,991001,841.89,595.276,29,4,0
427,1383,1449733,792,612,12,9688,5
428,1384,494853,842,595.22,29,11380,2664
429,1385,1762494,841.92,595.32,164,4,0
430,1386,560787,792,612,10,11332,24
431,1387,88435,792,612,3,492,1
432,1388,1709418,2160,3840,107,507916,60
433,1389,57118,792,612,1,4,0
434,139,56715281,612,792,61,786744,436
435,1390,301521,540,720,12,6708,38
436,1391,1402136,799,623,25,26064,25
437,1392,532312,792,612,32,276,2
438,1393,2238727,540,720,110,61076,66
439,1394,168970,792,612,17,4,0
440,1395,116276,792,612,14,4,0
441,1396,471371,792,612,78,4,0
442,1397,64001,792,612,9,276,68
443,1398,432230,792,612,21,4,0
444,1399,1849863,792,612,12,4,0
445,14,21000999,842,595,3597,106496,271
446,140,291338,783,585,8,3220,15
447,1400,89431,842,595,12,4,0
448,1401,803847,768,1024,26,5832,13
449,1402,117175,841.89,595.276,7,4,0
450,1403,1467761,792,612,43,2084,3
451,1404,145862,595.276,841.89,10,2840,645
452,1405,211355,792,612,16,2272,1
453,1406,566522,792,612,19,412,1
454,1407,26912,792,612,7,4,0
455,1408,3784117,792,612,268,848,3
456,1409,15666872,666,540,56,123960,71
457,141,105240,595,794,16,22532,16
458,1410,112084,792,612,9,632,157
459,1411,11993366,792,612,9,8620,4
460,1412,199434,792,612,10,4,0
461,1413,223971,680.315,467.717,26,100,2
462,1414,2450961,792,612,51,1092,206
463,1415,386310,792,612,30,84,1
464,1416,1300441,644,375,145,5092,10
465,1417,1957204,540,959.76,55,113928,70
466,1418,277604,792,612,15,1784,266
467,1419,612482,792,612,17,2300,5
468,142,1039358,792,612,96,9980,11
469,1420,231411,611.998,791.997,22,4,0
470,1421,4261722,334.8,252,462,14268,51
471,1422,271130,842,595,8,36,1
472,1423,871776,792,612,15,5884,7
473,1424,290405,792,612,4,3484,2
474,1425,59790014,783,585,10,365016,3
475,1426,47042,841.89,595.276,6,4,0
476,1427,225578,792,612,11,364,90
477,1428,178935,792,612,22,4,0
478,1429,1462855,792,612,11,9940,313
479,143,4927585,792,612,68,124036,68
480,1430,1101749,272.126,362.835,31,5596,209
481,1431,327145,792,612,11,1124,278
482,1432,3474511,792,612,384,12720,383
483,1433,2182433,792,612,16,26212,68
484,1434,303282,792,612,14,4,0
485,1435,294798,792,612,16,636,158
486,1436,1108108,841.89,595.276,300,4,0
487,1437,1183800,792,612,23,4,0
488,1438,217429,842,595,10,4,0
489,1439,168636,792,612,16,388,1
490,144,1529323,720,486,15,44584,15
491,1440,490898,792,612,13,4,0
492,1441,1004739,550.8,979.2,11,8292,6
493,1442,518631,792,612,37,13416,22
494,1443,230035,738,612,14,4,0
495,1444,422715,540,720,20,24548,186
496,1445,326803,792,612,139,4,0
497,1446,294457,792,612,12,4288,5
498,1447,666862,792,612,12,700,20
499,1448,531967,768,1024,26,1372,14
500,1449,417580,540,720,21,11700,198
501,145,9533322,540,720,49,413516,2631
502,1450,175764,841.89,595.276,8,4,0
503,1451,162895,792,612,12,208,51
504,1452,226425,612,792,17,4,0
505,1453,516046,1593,2481,1,23492,492
506,1454,7038104,792,612,530,1236,3
507,1455,179091,792,612,19,5412,2
508,1456,443892,792,612,12,4,0
509,1457,437092,718,537,20,2640,537
510,1458,566860,792,612,28,4,0
511,1459,1359056,841.92,595.32,168,4,0
512,146,382605,792,612,20,6108,11
513,1460,4602565,792,612,13,21864,37
514,1461,4176611,841.89,595.276,9,58908,61
515,1462,350056,792,612,10,4,0
516,1463,88027,272.126,362.835,36,4,0
517,1464,2874703,540,720,125,30796,58
518,1465,673148,792,612,22,38356,232
519,1466,6233529,540,720,79,116552,134
520,1467,893190,595,794,54,1919292,462
521,1468,273771,792,594,4,1104,1
522,1469,1453041,792,612,10,2916,2
523,147,1126102,720,468,16,11532,368
524,1470,230738,792,612,12,4,0
525,1471,306580,842,595,28,1352,1
526,1472,235212,842,595,19,4,0
527,1473,3184765,792,612,52,77288,58
528,1474,7626685,666,540,525,53448,6
529,1475,1857693,791.972,611.972,259,11196,280
530,1476,1940525,792,612,76,22964,254
531,1477,1504766,792,612,111,11416,404
532,1478,1169790,3368.04,2381.4,1,72276,216
533,1479,2406880,719,538,41,26360,5576
534,148,737452,792,612,137,4,0
535,1480,201437,612,792,7,336,2
536,1481,10811677,841.89,595.276,234,100396,1070
537,1482,461760,792,612,20,1268,3
538,149,1322837,792,612,99,20,1
539,15,68426,842,595,4,4,0
540,150,812403,792,612,48,4,0
541,151,292842,272.126,362.835,35,4,0
542,152,1626520,550.8,979.2,19,7856,9
543,153,572852,792,612,12,4,0
544,154,1976222,540,720,50,119996,92
545,155,398117,540,720,34,7652,165
546,156,1835568,792,612,123,16812,26
547,157,880517,405,720,45,292100,68
548,158,343506,792,612,12,1432,355
549,159,321325,792,612,15,4,0
550,16,120304,792,612,6,792,3
551,160,303997,792,612,12,984,1
552,161,450294,841.92,595.32,47,968,1
553,162,2248519,841.89,595.276,31,22876,5
554,163,115557,595,794,26,1252,52
555,164,117263,792,612,17,2000,6
556,165,184051,595.276,841.89,2,4,0
557,166,3506302,792,612,43,62136,103
558,167,3003405,791,612,172,3756,6
559,168,102324,792,612,5,152,37
560,169,26220257,792,612,5038,5456,22
561,17,1474315,540,720,12,59440,545
562,170,521627,792,612,74,3052,3
563,171,1901213,768,1024,29,76936,68
564,172,465864,841.89,595.276,17,4,0
565,173,7107180,648.96,599.04,312,18260,3712
566,174,410878,792,612,66,4,0
567,175,3172340,595,842,61,155712,786
568,176,2565927,540,720,38,60692,360
569,177,1255135,792,612,111,4,0
570,178,654705,793.701,595.276,3,4064,3
571,179,250675,841.89,595.28,12,4,0
572,18,1214868,842,595,48,852,4
573,180,7125292,612,792,98,358432,1590
574,181,300607,792,612,11,2504,620
575,182,2495093,841.89,595.276,227,62204,18
576,183,162668,792,612,10,964,240
577,184,9017960,792,612,1601,4,0
578,185,1904275,792,612,471,228,2
579,186,495753,792,612,10,4,0
580,187,13888055,792,612,3906,348,2
581,188,206745,792,612,10,4,0
582,189,2601125,792,612,299,2320,7
583,19,159623,792,612,12,476,118
584,190,1603303,792,612,17,58504,17
585,191,251254,841.89,595.276,9,4,0
586,192,871776,792,612,15,5884,7
587,193,1884547,792,612,12,4,0
588,194,682444,792,612,14,4,0
589,195,198137,792,612,15,1316,326
590,196,426144,792,612,17,4,0
591,197,864918,792,612,11,6392,3
592,198,235180,792,612,9,156,38
593,199,248467,792,612,13,4760,1180
594,2,114511,792,612,12,4,0
595,20,1157116,708.66,496.06,100,72,17
596,200,256858,792,612,16,4,0
597,201,2264125,841.92,595.32,238,2556,11
598,202,2398315,792,612,199,47976,63
599,203,192032,792,612,10,4,0
600,204,195989,841.89,595.276,12,3152,9
601,205,171316,792,612,34,6736,34
602,206,266370,792,612,21,4,0
603,207,1383149,272.126,362.835,37,92160,221
604,208,757743,792,612,78,380,94
605,209,5040471,841.89,595.276,170,12444,80
606,21,732131,792,612,9,760,189
607,210,217429,792,612,7,2244,3
608,211,1426100,841.9,595.3,232,6624,14
609,212,3425970,792,612,36,161320,100
610,213,2048075,540,720,52,43220,213
611,214,356389,684,450,7,2944,7
612,215,184292,792,612,9,4,0
613,216,137030,792,612,4,4,0
614,217,3600430,612,792,35,155792,192
615,218,962928,540,720,66,800,3
616,219,279522,540,720,48,4,0
617,22,497043,792,612,13,1452,2
618,220,584525,792,612,12,4,0
619,221,22038,792,612,14,4,0
620,222,159053,792,612,10,4,0
621,223,256333,792,612,14,40,3
622,224,258081,792,612,122,4,0
623,225,100045,792,612,9,4,0
624,226,152347,792,612,60,4,0
625,227,1243770,792,612,104,780,194
626,228,96765,792,612,7,4,0
627,229,3719635,792,612,390,16008,390
628,23,1154609,540,720,17,41852,232
629,230,822345,272.126,362.835,46,12700,382
630,231,299058,1440,1728,1,7316,11
631,232,537860,718,537,56,4,0
632,233,13287203,792,612,882,18388,71
633,234,2752666,792,612,10,43300,45
634,235,346273,792,612,29,4,0
635,236,154817,792,612,21,76,2
636,237,1193270,841.89,595.276,77,5872,19
637,238,5075816,792,612,1324,4,0
638,239,1514173,792,612,64,16288,12
639,24,1531999,486,864,56,21392,49
640,240,111190,792,612,1,4,0
641,241,185688,842,595,9,40,9
642,242,141192,783,603,3,48,1
643,243,3608757,792,612,201,47920,55
644,244,642625,792,612,12,4,0
645,245,2050072,792,612,29,4760,1181
646,246,556854,792,612,10,2444,10
647,247,4641984,540,720,153,278876,2319
648,248,328226,792,612,34,1872,12
649,249,3814482,540,720,166,472,2
650,25,261653,783,603,3,2248,3
651,250,1088734,842,595,112,30480,33
652,251,1112906,842,595,57,131808,23802
653,252,5068874,792,612,20,43932,19
654,253,138975,841.89,595.276,12,4,0
655,254,432137,595.3,841.9,22,6092,96
656,255,11064170,540,720,47,502388,4134
657,256,102709,272.126,362.835,24,4,0
658,257,1651075,792,612,224,8776,8
659,258,213777,792,612,14,4,0
660,259,199550,792,612,26,4,0
661,26,192032,792,612,10,4,0
662,260,1694261,841.89,595.276,490,4,0
663,261,3024038,792,612,652,4,0
664,262,1231561,272.126,362.835,65,3568,42
665,263,12640318,538.581,669.289,214,412592,57
666,264,2076657,595,842,43,1508,372
667,265,11824924,792,612,79,764920,354
668,266,942447,792,612,6,29104,6
669,267,1092214,791.998,611.998,7,28176,24
670,268,46323,792,612,2,4,0
671,269,2358557,792,612,11,16972,82
672,27,408023,540,720,18,2740,36
673,270,1460231,792,612,21,84,20
674,271,488316,792,612,7,916,4
675,272,947802,842,595,126,5644,180
676,273,2023792,540,720,41,190008,646
677,274,1214192,750,542,12,10424,12
678,275,146283,792,612,5,20,4
679,276,1409792,648,432,60,9868,7
680,277,214499,272.126,362.835,36,6076,66
681,278,1849863,792,612,12,4,0
682,279,934051,792,612,114,4,0
683,28,378763,792,612,12,2820,2
684,280,305524,792,612,12,500,124
685,281,740232,841.89,595.276,8,9156,9
686,282,435447,841.92,595.32,14,4,0
687,283,323487,841.89,595.276,10,4,0
688,284,393638,792,612,37,4,0
689,285,2260049,792,612,18,4,0
690,286,1057808,540,720,45,40348,332
691,287,350605,792,612,13,3284,118
692,288,478308,792,612,45,6240,10
693,289,792656,297,210,45,4,0
694,29,284003,792,612,33,2268,562
695,290,1054892,792,612,12,80740,13
696,291,676494,792,612,20,7064,118
697,292,3424414,842,595,43,157896,33987
698,293,414373,792,612,27,300,1
699,294,105816,792,612,2,4,0
700,295,228716,792,612,12,4,0
701,296,543010,792,612,12,2812,698
702,297,2169758,792,612,13,115236,120
703,298,274520,742.677,544.252,8,436,3
704,299,538224,595,842,56,7460,8
705,3,246887,612,792,19,16188,115
706,30,251109,842,595,29,4,0
707,300,9246137,667.5,540,209,32860,97
708,301,4927222,792,612,1025,33796,1051
709,302,848563,540,720,26,12196,11
710,303,1990753,792,612,170,14944,130
711,304,109901,792,612,1,4,0
712,305,386637,792,612,12,4,0
713,306,667272,841.89,595.276,89,4,0
714,307,968520,750,1006,229,7900,251
715,308,289974,792,612,36,4,0
716,309,2143823,612,792,16,31068,59
717,31,1011213,774,576,11,10440,330
718,310,525383,792,612,15,4,0
719,311,255485,842,595,8,732,182
720,312,499536,648,540,78,4,0
721,313,508399,792,612,12,4,0
722,314,429674,792,612,10,24660,1
723,315,8004367,792,612,70,43360,1013
724,316,430333,792,612,11,3604,20
725,317,4298584,540,960,66,11532,28
726,318,616736,792,612,8,4,0
727,319,7923596,792,612,1132,24,1
728,32,465997,792,612,19,1440,4
729,320,8204128,668.16,438.12,225,262448,235
730,321,12249740,792,612,576,24,1
731,322,1399184,842,595,171,11364,2373
732,323,1516903,768,1024,25,20300,72
733,324,27111,1537.32,1883.88,1,4,0
734,325,461633,540,720,35,5840,5
735,326,3861992,792,612,1047,9512,1074
736,327,5171566,600,800,44,27168,31
737,328,2672570,595.32,793.8,45,184356,1617
738,329,18465568,792,612,124,134780,73
739,33,228017,792,612,16,1872,465
740,330,1422769,792,612,10,38736,20
741,331,665849,792,594,4,260,20
742,332,6264481,792,612,188,5772,512
743,333,634316,782.362,595.276,16,4,0
744,334,308196,842,595,33,512,127
745,335,146692,792,612,11,416,103
746,336,425421,792,612,9,11352,4
747,337,1371674,684,450,17,11156,17
748,338,494677,792,612,10,136,33
749,339,1681871,783,603,5,30560,5
750,34,1675011,720,540,25,40120,171
751,340,15904988,792,612,768,24,1
752,341,230533,791,612,11,4,0
753,342,194676,792,612,12,316,78
754,343,7068187,792,612,78,77712,125
755,344,198623,792,612,9,52,12
756,345,291489,792,612,17,304,75
757,346,90212,792,612,7,28,6
758,347,746282,272.126,362.835,174,21124,15
759,348,627306,792,612,25,5324,115
760,349,432906,842,595,23,1112,275
761,35,766590,792,612,47,4,0
762,350,1333890,792,612,137,4720,5
763,351,694307,792,612,12,3836,3
764,352,1294009,792,612,26,30124,34
765,353,2066784,841.89,595.276,9,440,22
766,354,1790803,790.866,595.276,15,116,2
767,355,1753841,792,612,57,69552,46
768,356,563504,841.89,595.276,25,4,0
769,357,1071987,792,612,195,4,0
770,358,224183,792,612,19,4,0
771,359,580464,540,720,22,79412,56
772,36,1442693,842,595,6,109728,40
773,360,319417,540,720,45,4316,9
774,361,895868,792,612,44,572,52
775,362,4945661,648,612,546,44176,28
776,363,2852513,841.89,595.276,68,12904,41
777,364,3419503,841.89,595.276,122,32044,284
778,365,189706,792,612,8,32,7
779,366,1422465,272.13,362.83,71,4656,5
780,367,2091073,792,612,396,21260,486
781,368,241508,792,612,10,4,0
782,369,235615,792,612,10,1004,250
783,37,1227158,792,612,14,4,0
784,370,1978070,841,595,16,94148,16
785,371,18531990,405,720,868,3893296,3858
786,372,1630106,792,612,37,35828,8
787,373,2824861,792,612,28,32968,36
788,374,1161872,792,612,12,18724,168
789,375,948102,792,612,30,6944,68
790,376,9456278,540,959.76,44,690632,1586
791,377,1783654,792,612,15,4,0
792,378,517898,792,612,24,4,0
793,379,336683,841.89,595.276,16,4,0
794,38,5818646,792,612,430,256364,318
795,380,876380,792,612,22,8944,148
796,381,12385025,329.4,252,1152,42672,58
797,382,562775,792,612,3,3564,4
798,383,265591,792,612,13,40,1
799,384,153792,842,595,13,4,0
800,385,550497,792,594,12,776,6
801,386,1479961,792,612,90,8876,15
802,387,384019,789.041,609.714,57,4,0
803,388,1169125,792,612,10,10324,10
804,389,589758,540,720,15,6408,4
805,39,253440,792,612,16,4,0
806,390,7874830,792,612,828,27972,2101
807,391,3007868,272.126,362.835,25,27120,29
808,392,1581910,791,592,111,21752,634
809,393,164743,666,540,10,4,0
810,394,2294983,272.126,362.835,229,158156,352
811,395,6082549,792,612,560,2872,7
812,396,579535,792,612,10,2320,3
813,397,4646579,774,567,14,219172,25
814,398,191615,540,648,6,4,0
815,399,514922,792,612,16,1036,2
816,4,655534,792,612,17,3932,13
817,40,8086933,792,612,1385,97996,168
818,400,106107,789.041,609.714,29,4,0
819,401,1661704,612,792,2,8596,4
820,402,6821311,792,612,788,64700,90
821,403,226594,540,720,37,21576,74
822,404,350299,792,612,7,4,0
823,405,3112558,792,612,678,4,0
824,406,488682,792,612,15,4,0
825,407,591381,782.362,595.276,25,4,0
826,408,98445,840.96,594.96,15,1236,5
827,409,1501978,405,720,24,37476,29
828,41,491808,792,612,12,4,0
829,410,4229473,768,1024,22,58516,86
830,411,237775,791.997,611.998,10,4,0
831,412,142958,842,595,43,164,40
832,413,717246,792,612,10,4,0
833,414,917050,792,612,13,4,0
834,415,1384383,792,612,200,4148,4
835,416,284927,612,792,69,9088,1
836,417,792135,841.92,595.32,26,3396,2
837,418,292162,792,612,27,17520,4347
838,419,452037,792,612,20,6896,3
839,42,361358,540,720,18,9508,26
840,420,3570167,792,612,424,41292,801
841,421,912545,792,612,36,2908,4
842,422,408514,792,612,57,1228,304
843,423,10320699,540,720,133,882944,2966
844,424,156844,792,612,12,428,106
845,425,5302810,841.92,595.32,282,64304,84
846,426,720258,792,612,12,2988,364
847,427,249764,792,612,11,48,11
848,428,1156619,792,612,247,1268,1
849,429,152740,841.89,595.276,11,4,0
850,43,1330733,841.998,594.999,77,8,1
851,430,256604,792,612,8,4,0
852,431,178149,792,612,20,2424,3
853,432,25210294,792,612,4844,1564,22
854,433,598079,792,612,12,36,8
855,434,2131013,792,612,477,4,0
856,435,96749,792,612,13,2316,2
857,436,493062,792,612,185,4,0
858,437,3933820,792,612,65,48956,4
859,438,249767,595.276,841.89,1,27548,19
860,439,368054,792,612,10,4,0
861,44,1931978,792,612,12,4,0
862,440,811189,792,612,13,4,0
863,441,908614,805,629,4,4292,136
864,442,1177158,792,612,10,58788,417
865,443,2336905,792,612,14,8548,212
866,444,993032,792,612,13,49364,28
867,445,219607,842,595,18,4,0
868,446,14917246,792,612,868,128964,119
869,447,1741827,792,612,216,11432,2748
870,448,1673492,792,612,23,16196,4
871,449,427150,792,612,49,14808,910
872,45,1303446,540,720,48,18972,56
873,450,1707067,792,612,12,56068,28
874,451,1747358,841.92,595.32,236,2556,11
875,452,163341,792,612,6,4,0
876,453,30288,792,612,7,4,0
877,454,274077,774,567,5,4,0
878,455,789084,792,612,15,1272,3
879,456,280725,792,612,12,5360,3
880,457,2230792,792,612,32,37196,28
881,458,1053855,405,720,34,29256,8
882,459,558304,792,612,12,3780,6
883,46,616423,660,430,22,7296,53
884,460,13580953,792,612,503,919500,503
885,461,876861,768,1024,27,3592,25
886,462,831699,792,612,107,592,147
887,463,778168,540,720,21,72276,134
888,464,163257,595,794,65,4,0
889,465,9367485,792,612,825,136464,119
890,466,1551487,792,612,14,54112,6
891,467,3041850,792,612,399,4,0
892,468,799029,841.89,595.276,219,4,0
893,469,7321124,841.89,595.28,950,143172,173
894,47,157158,842,595,12,4,0
895,470,610835,792,612,131,104,25
896,471,315895,792,612,12,4,0
897,472,3303208,842,595,414,7280,2
898,473,3425970,792,612,36,161320,100
899,474,598805,792,612,69,4,0
900,475,240968,540,720,9,15868,116
901,476,2880250,792,612,30,18428,19
902,477,85503,792,612,18,36,1
903,478,888046,801,618,10,10836,345
904,479,2295954,792,612,16,4,0
905,48,400277,792,612,25,4,0
906,480,406224,792,612,12,148,1
907,481,527632,774,576,6,5692,180
908,482,529998,792,612,12,100,10
909,483,440480,612,792,39,49756,92
910,484,385140,595,842,40,2744,3
911,485,214306,792,612,38,7508,9
912,486,1558622,801,621,6,27124,12
913,487,386304,792,612,40,1088,1
914,488,328331,792,612,12,4,0
915,489,3824304,792,612,592,11556,40
916,49,147073,792,612,14,4,0
917,490,23669057,792,612,270,268104,152
918,491,692820,792,612,30,7660,76
919,492,1231144,792,612,239,4976,9
920,493,421156,718,538,32,18540,681
921,494,93548,792,612,11,4,0
922,495,315197,792,612,26,104,3
923,496,277056,792,612,10,48,11
924,497,643946,792,612,21,5000,8
925,498,140351,842,595,15,4,0
926,499,1457728,792,612,11,196684,18
927,5,216415,792,612,15,112,1
928,50,965119,842,595,164,24,1
929,500,1461199,540,720,21,48440,62
930,501,1610541,842,595,198,26448,6024
931,502,1156991,792,612,21,4052,23
932,503,429180,792,612,16,4,0
933,504,1441063,795,615,12,12604,398
934,505,1533313,792,612,16,10564,16
935,506,274038,792,612,8,388,2
936,507,919562,792,612,12,4,0
937,508,443972,792,612,7,316,8
938,509,1114740,792,612,72,84,2
939,51,260329,792,612,12,4,0
940,510,142801,792,612,30,4,0
941,511,140917,792,612,10,4,0
942,512,26395683,842,595,4983,2708,4
943,513,1693642,697,536,319,4,0
944,514,221894,842,595,17,936,233
945,515,131227,792,612,13,2348,582
946,516,5962936,792,612,856,4,0
947,517,489945,540,720,16,4,0
948,518,4704820,671,506,730,288,3
949,519,107110,792,612,2,22532,5597
950,52,2515570,792,612,124,18304,4133
951,520,2375929,540,720,80,37560,24
952,521,3409880,792,612,32,32840,91
953,522,371104,680.315,467.717,23,188,2
954,523,3008967,792,612,706,1304,1
955,524,757609,792,612,88,4,0
956,525,741777,841.89,595.276,7,1988,2
957,526,7073250,792,612,185,1808,302
958,527,392093,792,612,11,8452,84
959,528,2661365,792,612,132,248,3
960,529,375309,405,720,89,4,0
961,53,624966,272.126,362.835,62,1988,7
962,530,3502367,842,595,92,240096,140
963,531,681763,841.89,595.28,9,1928,3
964,532,4488844,760,587,1426,3532,33
965,533,24961640,792,612,1546,24,1
966,534,215682,718,537,25,4,0
967,535,4257738,540,720,33,12812,31
968,536,48729,792,612,8,60,1
969,537,766335,720,522,16,12856,16
970,538,373045,540,720,39,1300,2
971,539,149801,842,595,11,200,1
972,54,1369818,600,800,19,37944,38
973,540,2425306,540,720,64,42836,63
974,541,228716,792,612,12,4,0
975,542,4715858,792,612,275,168028,25
976,543,421033,841.89,595.276,31,4,0
977,544,488315,540,720,27,3384,178
978,545,934238,540,720,55,292504,108
979,546,1029220,841.89,595.276,45,4,0
980,547,1659524,792,612,56,1418132,151
981,548,300717,792,612,40,2340,493
982,549,446067,792,612,12,4,0
983,55,163683,612,792,62,4,0
984,550,4425170,792,612,675,4,0
985,551,46219,792,612,1,4,0
986,552,109102,272.126,362.835,18,4,0
987,553,254725,792,612,30,220,54
988,554,153773,792,612,12,4,0
989,555,843089,842,595,241,232,1
990,556,4100789,792,612,936,4,0
991,557,117531,792,612,23,4,0
992,558,518433,792,612,32,4,0
993,559,407165,782.362,595.276,10,4,0
994,56,1415231,600,800,47,79520,69
995,560,1338285,792,612,6,4,0
996,561,222883,774,576,4,1844,2
997,562,1071187,788,1024,10,28692,115
998,563,1225821,841.89,595.276,333,628,2
999,564,464466,842,595,65,104,25
1000,565,261333,792,612,21,4,0
1001,566,45763,792,612,40,4,0
1002,567,62061798,792,612,72,370436,120
1003,568,205699,540,960,29,5492,12
1004,569,1204311,841.89,595.276,20,5644,8
1005,57,2849607,768,1024,114,50068,267
1006,570,9068750,841.89,595.28,1082,199928,237
1007,571,407144,792,612,59,4,0
1008,572,9115522,792,612,556,8,1
1009,573,423997,792,612,59,3376,19
1010,574,570096,792,612,9,5300,4
1011,575,1016315,792,612,14,4084,180
1012,576,358744,792,612,6,4,0
1013,577,451504,841.92,595.32,11,1852,22
1014,578,956426,486,864,27,79028,361
1015,579,2139386,540,959.76,50,100852,48
1016,58,134454,792,612,20,4,0
1017,580,5062761,792,612,1180,4,0
1018,581,186146,792,612,15,3560,7
1019,582,405440,792,612,14,4,0
1020,583,138118,272.126,362.835,36,4,0
1021,584,1324165,666.142,439.37,22,16120,4
1022,585,2669836,842,595,43,145008,33178
1023,586,3406553,841.89,595.276,56,4,0
1024,587,566785,792,612,12,1756,3
1025,588,2228790,792,612,24,11828,24
1026,589,1514173,792,612,64,16288,12
1027,59,263735,774.336,566.544,5,2892,5
1028,590,13269308,792,612,1048,186164,2433
1029,591,523140,792,612,34,7436,6
1030,592,660503,842,595,98,2784,207
1031,593,437213,792,612,46,4,0
1032,594,1081490,540,960,27,303388,82
1033,595,491990,792,612,13,4,0
1034,596,1059520,841.89,595.276,24,9868,8
1035,597,850979,612,792,4,118976,20
1036,598,25067054,792,612,4810,1564,22
1037,599,32555,792,612,5,4,0
1038,6,4927585,792,612,68,124036,68
1039,60,445620,792,612,92,4,0
1040,600,1337862,792,612,521,532,21
1041,601,1153018,790.866,595.276,21,1788,7
1042,602,1735774,540,720,27,60412,109
1043,603,981109,720.3,540.3,60,20824,75
1044,604,811094,792,612,31,684,64
1045,605,13553394,1080,1920,83,1875804,2942
1046,606,10465279,595,794,157,250456,1058
1047,607,2638621,595,793,59,634512,121
1048,608,176404,792,612,11,2324,4
1049,609,1148042,792,612,19,2276,564
1050,61,114625,792,612,4,4,0
1051,610,572775,792,612,26,4,0
1052,611,1265606,450,720,29,10916,43
1053,612,284503,792,612,4,2236,5
1054,613,1709387,792,612,368,11784,368
1055,614,2688048,540,720,28,51536,252
1056,615,124674,842,595,8,1756,2
1057,616,365541,841.89,595.276,20,908,1
1058,617,1664785,841.92,595.32,170,24,1
1059,618,271847,841.89,595.276,7,812,1
1060,619,395476,792,612,16,4,0
1061,62,868869,841.89,595.275,115,14956,6
1062,620,271462,792,612,40,102512,120
1063,621,1311284,646.572,538.81,192,4,0
1064,622,806073,648,540,82,4,0
1065,623,884986,792,612,19,23724,10
1066,624,417186,792,612,8,4,0
1067,625,1033265,792,612,14,33252,8251
1068,626,652508,782.362,595.276,29,4,0
1069,627,72975,792,612,8,36,8
1070,628,648014,792,612,14,4,0
1071,629,213777,792,612,14,4,0
1072,63,55292,792,612,6,392,97
1073,630,162573,792,612,4,18932,4700
1074,631,430333,792,612,11,3604,20
1075,632,734481,792,612,14,1788,2
1076,633,1323772,781,599,12,11832,12
1077,634,2459177,792,612,402,16748,403
1078,635,351330,792,612,149,4,0
1079,636,553160,540,720,27,932,4
1080,637,270879,792,612,40,24,1
1081,638,638901,792,612,138,4,0
1082,639,1149615,792,612,14,4140,594
1083,64,1125680,792,612,10,6256,577
1084,640,411504,792,612,21,2420,2
1085,641,447860,792,612,15,4,0
1086,642,247942,1593,2474,1,28228,260
1087,643,3398534,768,1023.96,70,312244,816
1088,644,5114012,638,415.64,69,72048,69
1089,645,378763,792,612,12,2820,2
1090,646,154503,841.89,595.276,8,4,0
1091,647,223792,792,612,14,4,0
1092,648,480891,792,612,10,4220,130
1093,649,2075601,792,612,419,2224,13
1094,65,2824821,792,612,28,14032,124
1095,650,972243,720,486,28,4,0
1096,651,156763,792,612,9,68,16
1097,652,464371,792,612,36,2708,4
1098,653,3007642,540,960,41,138904,159
1099,654,319792,850.38,1100.1,2,568,12
1100,655,8537261,841.89,595.276,12,57080,33
1101,656,696548,841.8,595.2,147,4,0
1102,657,12753207,729,482,758,68260,180
1103,658,274901,792,612,12,4,0
1104,659,4083835,792,612,934,4,0
1105,660,1495876,792,612,12,4,0
1106,661,835644,841.89,595.276,6,3552,6
1107,662,328034,792,612,76,3904,225
1108,664,3109334,648,432,88,13164,224
1109,665,59731248,792,612,60,771024,104
1110,666,165921,792,612,7,368,7
1111,667,395682,680.315,467.717,24,2132,8
1112,668,2980199,792,612,119,3860,8
1113,669,134529,792,612,10,52,12
1114,670,284772,792,612,3,3112,99
1115,671,9456220,842,595,1279,51332,95
1116,672,164759,792,612,19,4,0
1117,673,507346,792,612,55,12,1
1118,674,362482,792,612,8,8588,17
1119,675,20812100,792,612,1962,112160,201
1120,676,4792991,792,612,672,28660,39
1121,677,369004,792,612,9,4,0
1122,678,386003,792,612,37,2008,4
1123,679,1000520,720,972,36,12484,13
1124,68,299865,792,648,10,4392,15
1125,680,108608,792,612,24,4,0
1126,681,51898,792,612,6,4,0
1127,682,94390,792,612,9,4,0
1128,683,25720080,792,612,4922,5456,22
1129,684,722540,792,612,13,15484,268
1130,685,2815882,648,594,466,1196,2
1131,686,3531946,540,720,34,52868,131
1132,687,107168,720,540,8,4,0
1133,688,502936,792,612,213,4,0
1134,689,694307,792,612,12,3836,3
1135,69,881137,792,612,15,2872,34
1136,690,1882099,540,960,97,49836,391
1137,691,7640253,792,612,67,106948,132
1138,692,13911146,614.4,819.2,108,4480,11
1139,693,488414,595,842,45,1364,2
1140,694,344025,792,612,20,4492,110
1141,695,42382,841,595,6,4,0
1142,696,765625,3368.13,2379.97,1,164308,7
1143,697,273395,792,612,8,4,0
1144,698,4528231,792,612,642,20544,642
1145,699,345352,792,612,135,4,0
1146,7,1114546,792,612,12,5980,6
1147,70,855640,792,612,13,2692,176
1148,700,1124490,792,612,8,13380,147
1149,701,542714,792,612,36,14952,75
1150,702,312193,792,612,34,1488,369
1151,703,404444,792,612,9,4,0
1152,704,11332334,768,1024,68,88788,74
1153,705,6358127,841.89,595.276,244,115600,83
1154,706,37894,792,612,11,4,0
1155,707,346632,792,612,23,11912,13
1156,708,224928,842,595,15,1056,235
1157,709,2096544,540,960,60,1114732,187
1158,71,373197,792,612,16,5304,5
1159,710,3824061,540,960,60,183472,1717
1160,711,148888,272.126,362.835,21,4,0
1161,712,497679,272.126,362.835,91,10820,10
1162,713,1265941,792,612,12,25448,23
1163,714,296488,792,612,11,4,0
1164,715,124218,792,612,24,144,2
1165,716,459797,595,842,74,13908,234
1166,717,60924,792,612,6,4,0
1167,718,716123,792,612,152,1748,434
1168,719,509504,792,612,29,708,59
1169,72,319475,792,612,27,4,0
1170,720,929356,272.126,362.835,47,39904,103
1171,721,4789771,792,612,255,49652,141
1172,722,414213,792,612,40,1236,306
1173,723,3069852,792,612,578,224,11
1174,724,1833785,720,486,32,4,0
1175,725,17624290,792,612,3439,1564,22
1176,726,2251355,841.89,595.276,324,12500,46
1177,727,371641,792,612,13,4,0
1178,728,936363,272.126,362.835,21,164,1
1179,729,463123,792,612,15,4,0
1180,73,515193,792,612,12,4,0
1181,730,643566,540,720,49,63336,77
1182,731,297323,792,612,16,4700,8
1183,732,1410018,595,794,36,22196,19
1184,733,4279623,792,612,670,21416,670
1185,734,381173,792,612,18,4,0
1186,735,2462062,842,595,43,145008,33178
1187,736,206383,792,612,11,2688,16
1188,737,17159,792,612,5,4,0
1189,738,6073769,684.959,449.279,35,23200,35
1190,739,415127,792,612,128,4,0
1191,74,175027,792,612,12,376,93
1192,740,451218,792,612,5,5164,5
1193,741,450647,792,612,12,4,0
1194,742,172282,718,537,25,4,0
1195,743,1733970,842,595,41,654260,151191
1196,744,119750,792,612,38,1464,306
1197,745,395461,792,612,14,3692,1
1198,746,433424,792,612,12,4,0
1199,747,3284570,782.362,595.276,10,28896,22
1200,748,143829,792,612,10,60,14
1201,749,176000,792,612,5,4,0
1202,75,2221935,540,960,46,86624,140
1203,750,13002329,792,612,246,65392,58
1204,751,498211,842,595,67,7428,1844
1205,752,2247664,540,720,48,360196,343
1206,753,626573,774,576,7,6640,210
1207,754,506036,842,595,56,4,0
1208,755,1264943,792,612,19,3852,20
1209,756,1911066,841.89,595.276,29,40288,33
1210,757,455557,792,612,32,16680,143
1211,758,3123083,648,612,584,3388,7
1212,759,4927585,792,612,68,124036,68
1213,76,1537629,841.89,595.276,50,3004,431
1214,760,1908847,792,612,162,472,19
1215,761,19401538,666,540,60,174772,54
1216,762,252679,792,612,24,268,66
1217,763,3814482,540,720,166,472,2
1218,764,5222582,792,612,1366,4,0
1219,765,168794,595,794,40,5580,82
1220,766,344823,272.126,362.835,17,1512,2
1221,767,944967,595,794,28,3476,6
1222,768,249422,841.89,595.276,7,4,0
1223,769,1340403,540,780,90,15428,104
1224,77,7319537,841.89,595.28,616,78328,30
1225,770,691008,648,540,30,4,0
1226,771,25010023,842,595,4026,168312,372
1227,772,1386064,779,610,34,34552,34
1228,773,413026,792,612,17,4,0
1229,774,1449666,842,595,31,32044,30
1230,775,309830,841.89,595.276,12,4,0
1231,776,101850,792,612,33,408,1
1232,777,1827402,841.89,595.276,71,7600,2
1233,778,681375,540,720,51,104652,75
1234,779,650374,792,612,26,12404,27
1235,78,68148,3368.13,2379.97,1,4,0
1236,780,883735,842,595,75,32992,96
1237,781,797856,792,612,143,4,0
1238,782,302632,792,612,17,888,221
1239,783,247161,792,612,7,4,0
1240,784,638688,792,612,13,4,0
1241,785,550982,792,610,10,4,0
1242,786,892594,792,612,9,4,0
1243,787,632825,845.972,638.986,11,5860,3
1244,788,198528,792,612,13,1132,280
1245,789,11880870,595,794,204,497736,1971
1246,79,73474,842,595,7,1476,366
1247,790,470427,558.425,418.961,32,860,4
1248,791,520069,792,612,15,2076,76
1249,792,141041,792,612,10,4,0
1250,793,484794,792,612,6,244,60
1251,794,7494062,841.89,595.276,226,119524,35
1252,795,457637,792,612,14,4,0
1253,796,151004,792,612,8,4,0
1254,797,749755,405,720,75,4,0
1255,798,333461,792,612,10,552,2
1256,799,260864,792,612,19,1124,1
1257,8,427647,792,612,11,5060,2
1258,80,587283,3368.13,2379.97,1,14816,16
1259,800,776282,540,720,24,74252,15
1260,801,47665,792,612,2,4,0
1261,802,1296320,486,864,61,302420,909
1262,803,817231,792,612,18,2300,5
1263,804,2130652,842,595,380,12028,2989
1264,805,2550788,792,612,664,5328,663
1265,806,133257,792,612,11,4,0
1266,807,11353071,595,842,34,165468,425
1267,808,16775220,792,612,86,485460,123
1268,809,1192647,792,612,14,252,20
1269,81,10293659,792,612,2172,1304,1
1270,810,523331,792,612,6,4,0
1271,811,1005125,792,612,139,4,0
1272,812,549638,540,720,28,27884,281
1273,813,489256,841.89,595.276,15,4,0
1274,814,140529,792,612,10,4,0
1275,815,1534266,468,792,67,66148,91
1276,816,13004095,792,612,21,105352,38
1277,817,190354,842,595,55,44,10
1278,818,787602,405,720,36,12128,9
1279,819,6226320,792,612,56,131672,257
1280,82,252915,841.89,595.276,10,4,0
1281,820,758240,792,612,78,380,94
1282,821,270625,792,612,8,3700,3
1283,822,425679,792,612,93,476,118
1284,823,177835,792,612,15,4,0
1285,824,577210,792,612,13,10996,4
1286,825,522201,540,720,35,8836,5
1287,826,1639846,540,720,47,26980,11
1288,827,850353,792,612,8,8260,8
1289,828,302291,783,603,4,1084,3
1290,829,2500931,540,720,79,31644,193
1291,83,1554800,792,612,10,33676,70
1292,830,707384,792,612,73,2564,4
1293,831,4086622,792,612,17,124,24
1294,832,189828,792,612,12,4,0
1295,833,134785,792,612,12,4,0
1296,834,334535,792,612,29,29644,7355
1297,835,1453067,792,612,44,43596,185
1298,836,536251,792,612,10,380,94
1299,837,213497,842,595,13,4,0
1300,838,2350621,540,720,116,151752,463
1301,839,735067,540,720,58,30220,579
1302,84,563143,792,612,17,4456,8
1303,840,1636458,792,612,13,21980,16
1304,841,347789,792,612,8,12284,15
1305,842,804517,540,720,85,243920,328
1306,843,9886924,666,540,42,77024,28
1307,844,341169,792,612,32,916,228
1308,845,807026,792,612,12,916,1
1309,846,143152,842,595,11,2292,44
1310,847,960205,792,612,404,4,0
1311,848,234264,718,537,20,28,2
1312,849,4228011,540,960,42,188088,316
1313,85,293553,841.89,595.276,20,4,0
1314,850,1056696,540,720,36,27664,65
1315,851,3258961,540,720,56,31152,37
1316,852,1124869,792,612,61,2284,262
1317,853,271892,666.142,439.37,14,2148,5
1318,854,2336672,842,595,20,4,0
1319,855,279599,792,612,6,4,0
1320,856,677692,841.89,595.276,16,4,0
1321,857,4822464,792,612,12,22296,9
1322,858,1380092,697.68,535.68,412,4,0
1323,859,165110,792,612,33,4,0
1324,86,983221,405,720,16,31012,10
1325,860,944456,792,612,12,7924,12
1326,861,182552,842,595,21,1032,32
1327,862,60595,842,595,4,332,82
1328,863,9433354,666.15,439.36,440,4,0
1329,864,3632416,792,612,176,300,1
1330,865,15420691,666,540,19,104236,39
1331,866,532006,792,612,66,4,0
1332,867,442855,792,612,9,1084,2
1333,868,1388490,792,612,57,17396,58
1334,869,2565927,540,720,38,60692,360
1335,87,409470,842,595,12,208,51
1336,870,849642,2385,1684.5,1,4,0
1337,871,325058,792,612,29,952,237
1338,872,143356,792,612,9,4,0
1339,873,239727,792,612,60,4,0
1340,874,641441,792,612,2,30656,10
1341,875,248365,792,612,12,4,0
1342,876,188601,792,612,6,404,100
1343,877,544438,718,538,37,21180,138
1344,878,968576,792,612,53,5688,133
1345,879,2759536,792,612,16,4,0
1346,88,279332,792,594,6,972,1
1347,880,610835,792,612,131,104,25
1348,881,192083,842,595,23,32324,6620
1349,882,569078,600,800,20,106964,60
1350,883,878012,792,612,141,4,0
1351,884,11927637,683.15,439.42,434,4004,2
1352,885,502796,792,612,85,3200,8
1353,886,548902,792,612,14,43564,1118
1354,887,2114928,792,612,12,460,12
1355,888,903681,792,612,50,14084,14
1356,889,495971,540,720,29,6500,29
1357,89,592809,792,612,14,20380,14
1358,890,187648,792,612,12,868,216
1359,891,226249,792,612,13,444,110
1360,892,2759536,792,612,16,4,0
1361,893,4421993,648.96,599.04,292,13344,2784
1362,894,1742227,540,960,111,692880,348
1363,895,2991067,792,612,8,46264,83
1364,896,249589,792,612,22,368,91
1365,897,32193,612,792,16,4,0
1366,898,531563,792,612,27,8156,70
1367,899,522480,792,612,5,4392,138
1368,9,3620449,540,960,66,11532,28
1369,90,152634,792,612,15,1028,169
1370,900,843297,792,612,29,4,0
1371,901,362573,792,612,7,4,0
1372,902,443950,792,612,11,10984,11
1373,903,311146,792,612,7,4,0
1374,904,619147,792,612,9,9292,9
1375,905,3202332,486,864,109,163484,1730
1376,906,417732,792,612,16,3448,9
1377,907,1484250,600,800,57,25040,545
1378,908,20300925,666,540,71,176072,54
1379,909,431015,272.126,362.835,37,2928,7
1380,91,523219,841.92,595.32,5,8764,26
1381,910,577076,768,1024,41,5540,8
1382,911,201880,792,612,12,36,1
1383,912,196634,792,612,8,1284,2
1384,913,891849,792,612,8,64916,24
1385,914,279808,792,612,12,228,56
1386,915,435076,744,543,34,2128,69
1387,916,260815,792,612,9,4,0
1388,917,142958,842,595,43,164,40
1389,918,1996890,790.866,612.283,87,65172,106
1390,919,1267559,792,612,336,4,0
1391,92,835811,792,612,116,4,0
1392,920,325479,792,612,9,8,1
1393,921,941191,841.89,595.276,44,4,0
1394,922,409906,792,612,6,8548,15
1395,923,1414901,612,792,40,51024,122
1396,924,1570358,540,960,65,1200308,220
1397,925,770304,841.92,595.32,57,4,0
1398,926,372157,792,612,10,4,0
1399,927,1287499,841.89,595.276,27,60632,9
1400,928,358054,792,612,14,1940,133
1401,929,10036888,792,612,497,4,0
1402,93,112315,792,612,12,4,0
1403,930,515082,792,612,16,17880,3
1404,931,1924397,792,612,11,4,0
1405,932,2666532,792,612,128,300,1
1406,933,3850701,842,595,572,824688,572
1407,934,872653,792,612,7,12,1
1408,935,803661,540,720,20,15032,17
1409,936,516825,782.362,595.276,15,4,0
1410,937,6820621,792,612,788,64796,91
1411,938,8305850,792,612,8,10796,4
1412,939,166533,792,612,13,6612,8
1413,94,408485,720,540,21,4532,14
1414,940,4686664,792,612,54,279100,150
1415,941,14334984,841.89,595.276,682,49116,3448
1416,942,190128,792,612,28,4,0
1417,943,874328,540,720,89,453720,102
1418,944,2387565,792,612,147,6764,55
1419,945,378234,792,612,15,21508,2490
1420,946,137828,792,612,4,392,3
1421,947,265456,841.887,595.273,16,4,0
1422,948,811189,792,612,13,4,0
1423,949,6013431,792,612,730,4,0
1424,95,459589,792,612,6,404,6
1425,950,173655,842,595,11,4,0
1426,951,596357,792,612,49,4,0
1427,952,800095,792,612,61,15472,78
1428,953,631251,792,612,10,4,0
1429,954,541154,792,612,31,84,1
1430,955,630905,792,612,14,4,0
1431,956,1499311,792,612,156,30656,15
1432,957,286284,792,612,6,4,0
1433,958,2093304,792,612,6,22476,29
1434,959,7537259,540,720,116,684464,2210
1435,96,5479661,792,612,161,203588,35
1436,960,1222503,792,612,241,144,5
1437,961,288874,792,612,9,4,0
1438,962,349128,680.315,467.717,4,192,2
1439,963,616316,792,612,7,2220,23
1440,964,2739636,792,612,52,197424,48740
1441,965,762468,792,612,32,3520,8
1442,966,209012,272.13,362.83,56,2404,4
1443,967,460476,792,612,14,2444,156
1444,968,227197,792,612,34,4,0
1445,969,677692,841.89,595.276,16,4,0
1446,97,2029404,792,612,28,72152,940
1447,970,175517,842,595,14,4,0
1448,971,136072,540,720,25,8436,127
1449,972,591848,841.89,595.276,9,3048,87
1450,973,430947,792,612,19,1788,2
1451,974,1578537,792,612,14,4,0
1452,975,1164143,540,960,190,26436,254
1453,976,1009566,792,612,6,14628,10
1454,977,1823267,612,792,65,299044,932
1455,978,267329,792,612,28,7404,1451
1456,979,375964,718,538,18,4528,58
1457,98,9644064,255.12,453.54,159,96952,171
1458,980,432535,783,585,13,2080,19
1459,981,2381274,792,612,145,8968,28
1460,982,1205744,540,720,22,174668,197
1461,983,67494,792,612,8,4,0
1462,984,651771,782.362,595.276,29,4,0
1463,985,2587143,540,720,92,31520,30
1464,986,927024,272.13,362.83,34,5780,432
1465,987,672046,405,720,23,19668,351
1466,988,216262,540,720,21,488,1
1467,989,1071688,783,603,3,12056,3
1468,99,535376,841.92,595.32,37,4,0
1469,990,1978070,841,595,16,94148,16
1470,991,463802,841.891,595.277,1,16700,8
1471,992,373383,792,612,13,16032,1
1472,993,713632,792,612,131,4,0
1473,994,483066,792,612,56,4,0
1474,995,3184765,792,612,52,77288,58
1475,996,777484,841.89,595.276,16,4,0
1476,997,306754,718,537,37,292,24
1477,998,466105,842,595,44,508,42
1478,999,849096,842,595,140,1776,441
