FILENAME,WIDTH,HEIGHT,SPATIAL_COMPLEXITY,TEMPORAL_COMPLEXITY,CHUNK_COMPLEXITY_VARIATION,COLOR_COMPLEXITY
Animation_1080P-01b3,1920,1080,0.098,0.004,0.017,0.005
Animation_1080P-05f8,1920,1080,1.229,0.454,15.962,0.794
Animation_1080P-0c4f,1920,1080,1.714,0.136,9.048,0.000
Animation_1080P-0cdf,1920,1080,1.330,0.451,3.677,0.181
Animation_1080P-18f5,1920,1080,2.452,0.137,3.918,0.329
Animation_1080P-209f,1920,1080,3.325,0.012,1.266,0.000
Animation_1080P-21dd,1920,1080,0.717,0.661,1.748,0.088
Animation_1080P-2fbe,1920,1080,1.930,0.598,11.216,0.664
Animation_1080P-2fff,1920,1080,3.491,0.455,4.565,0.469
Animation_1080P-3d67,1920,1080,3.391,0.068,3.555,0.000
Animation_1080P-3dbf,1920,1080,0.687,0.150,1.881,0.160
Animation_1080P-3e01,1920,1080,2.084,0.085,1.307,0.071
Animation_1080P-4214,1920,1080,1.985,0.026,2.182,0.019
Animation_1080P-4be3,1920,1080,1.793,0.696,0.845,0.651
Animation_1080P-4ea8,1920,1080,1.055,0.729,17.421,0.157
Animation_1080P-5083,1920,1080,0.136,0.679,0.055,1.073
Animation_1080P-58d3,1920,1080,0.239,0.581,6.667,0.051
Animation_1080P-5dd8,1920,1080,0.407,0.046,0.257,0.083
Animation_1080P-646f,1920,1080,2.471,0.021,0.352,0.186
Animation_1080P-66ba,1440,1080,0.044,0.669,0.235,0.000
Animation_1080P-6a33,1920,1080,0.091,1.286,2.931,0.000
Animation_1080P-6ec0,1920,1080,0.505,0.377,7.327,0.127
Animation_1080P-7f27,1920,1080,0.058,0.371,0.264,0.048
Animation_2160P-41dc,3840,2160,2.423,0.376,16.159,0.656
Animation_2160P-6f3b,3032,2304,0.138,0.725,2.214,0.261
Animation_360P-08c9,640,360,0.990,0.257,3.251,0.171
Animation_360P-188f,640,360,0.434,0.465,4.220,0.572
Animation_360P-24d4,480,360,2.010,0.169,6.707,0.151
Animation_360P-3e40,640,360,1.029,0.242,4.022,0.019
Animation_360P-3e52,640,360,0.622,0.157,3.162,0.083
Animation_360P-47cc,640,360,1.294,0.173,5.706,0.054
Animation_360P-4b4c,640,360,0.079,0.044,0.040,0.092
Animation_360P-4edc,640,360,1.148,0.412,7.822,0.410
Animation_360P-5712,640,360,1.059,0.168,4.354,0.283
Animation_360P-5de0,640,360,0.855,0.319,4.345,0.155
Animation_360P-631c,640,360,2.116,0.092,3.386,0.703
Animation_360P-69e0,640,360,1.037,0.262,3.896,0.106
Animation_360P-7856,640,360,0.905,0.003,0.056,0.149
Animation_360P-794f,640,360,0.951,0.441,6.713,0.609
Animation_480P-046c,640,480,0.859,0.397,7.273,0.493
Animation_480P-0529,640,480,1.074,0.044,0.827,0.082
Animation_480P-073c,640,480,0.412,0.616,3.550,0.000
Animation_480P-087e,720,480,0.409,0.339,1.744,0.025
Animation_480P-08a5,640,480,2.685,0.312,15.224,0.694
Animation_480P-0d04,856,480,0.166,0.311,1.368,0.170
Animation_480P-1da7,928,480,1.591,0.152,5.323,0.348
Animation_480P-35ee,720,480,0.083,0.575,1.416,0.000
Animation_480P-3e06,640,480,0.298,0.023,0.447,0.176
Animation_480P-3fdf,640,480,4.399,0.374,11.151,0.717
Animation_480P-4b80,640,480,1.382,0.107,8.597,0.514
Animation_480P-4b86,720,480,0.399,0.108,1.036,0.081
Animation_480P-4e36,640,480,0.108,0.361,0.197,0.192
Animation_480P-52af,854,480,1.480,0.013,0.651,0.010
Animation_480P-66c0,720,480,0.747,0.301,1.563,0.659
Animation_480P-6e23,854,480,0.177,0.253,1.037,0.048
Animation_480P-6ef6,640,480,0.166,0.338,0.433,0.068
Animation_480P-6ff4,854,480,1.480,0.488,3.201,0.305
Animation_480P-70d4,720,480,0.194,0.423,1.366,0.093
Animation_480P-7114,854,480,0.946,0.379,6.082,0.395
Animation_480P-791b,640,480,0.162,0.063,0.243,0.065
Animation_480P-7a31,640,480,4.417,0.046,3.743,0.467
Animation_480P-7ef2,854,480,0.477,0.228,1.777,0.238
Animation_720P-0116,1280,720,0.393,0.192,0.376,0.000
Animation_720P-01b3,1280,720,1.196,0.317,5.460,0.231
Animation_720P-06a6,1280,720,2.415,0.219,3.029,0.104
Animation_720P-0acc,1280,720,0.914,0.619,5.423,0.164
Animation_720P-0c8f,1280,720,0.552,0.223,6.881,0.068
Animation_720P-13b7,1280,720,0.279,0.124,0.304,0.176
Animation_720P-1a6d,1280,720,1.940,0.084,1.611,0.000
Animation_720P-2525,1280,720,1.150,0.053,0.106,0.481
Animation_720P-26d2,1280,720,0.716,0.218,10.349,0.060
Animation_720P-2abf,1280,720,1.351,0.284,5.334,0.000
Animation_720P-3adc,1280,720,1.610,0.029,1.735,0.130
Animation_720P-412a,1280,720,0.864,0.277,5.361,0.311
Animation_720P-41cf,1280,720,0.339,0.658,0.936,0.179
Animation_720P-41d6,960,720,0.775,0.243,12.338,0.622
Animation_720P-4268,1280,720,0.641,0.729,5.398,0.077
Animation_720P-431c,1280,720,0.177,0.459,1.510,0.094
Animation_720P-4b17,1280,720,1.503,0.003,0.093,0.187
Animation_720P-57d9,1280,720,0.623,0.437,9.232,0.253
Animation_720P-5bfc,1280,720,1.980,0.569,12.152,0.347
Animation_720P-620f,1280,720,0.282,0.403,0.658,0.466
Animation_720P-6372,1280,720,2.010,0.639,22.895,0.113
Animation_720P-79ee,1280,720,2.029,0.281,3.804,0.021
Animation_720P-7b29,1280,720,1.422,0.259,7.694,0.033
Animation_720P-7e7d,1280,720,2.190,0.816,9.802,0.539
Animation_720P-7ff2,1280,720,0.870,1.019,3.656,0.101
CoverSong_1080P-0188,1920,1080,3.610,0.115,0.574,0.087
CoverSong_1080P-033d,1920,1080,1.459,0.281,0.647,0.076
CoverSong_1080P-0a86,1920,1080,0.676,0.246,1.425,0.149
CoverSong_1080P-0cdc,1920,1080,0.176,0.464,0.107,0.076
CoverSong_1080P-0f33,1920,1080,0.414,0.417,0.126,0.165
CoverSong_1080P-0f3a,1440,1080,1.372,0.500,10.135,0.000
CoverSong_1080P-1963,1920,1080,0.412,0.025,0.117,0.096
CoverSong_1080P-1b08,1920,1080,0.731,0.265,0.373,0.078
CoverSong_1080P-1b0c,1920,1080,0.485,0.566,0.634,0.608
CoverSong_1080P-2207,1440,1080,1.797,0.524,11.265,0.000
CoverSong_1080P-237f,1920,1080,1.510,0.397,11.578,0.445
CoverSong_1080P-3409,1920,1080,1.914,0.136,0.609,0.179
CoverSong_1080P-3499,1920,1080,1.424,0.356,1.859,0.369
CoverSong_1080P-3aac,1920,1080,1.351,0.363,0.261,0.552
CoverSong_1080P-3df8,1920,1080,0.713,0.491,3.622,0.080
CoverSong_1080P-4bad,1920,1080,1.349,0.187,0.279,0.349
CoverSong_1080P-5430,1920,1080,1.050,0.291,4.230,0.426
CoverSong_1080P-5456,1920,1080,0.252,0.344,0.151,0.007
CoverSong_1080P-5cae,1920,1080,0.802,0.445,0.064,0.122
CoverSong_1080P-5e69,1920,1080,0.497,0.538,0.290,0.169
CoverSong_1080P-5f92,1920,1080,0.488,0.195,0.949,0.007
CoverSong_1080P-6f26,1440,1080,1.636,0.487,7.171,0.463
CoverSong_360P-0a9d,640,360,0.821,0.112,0.250,0.539
CoverSong_360P-0aa2,640,360,1.546,0.149,0.439,0.092
CoverSong_360P-11f9,640,360,1.671,0.135,0.468,0.715
CoverSong_360P-13d2,640,360,1.204,0.140,0.447,0.256
CoverSong_360P-14b9,640,360,1.077,0.253,0.450,0.232
CoverSong_360P-1b2b,640,360,1.079,0.173,1.218,0.000
CoverSong_360P-2146,640,360,1.052,0.297,0.520,0.205
CoverSong_360P-2b4d,480,360,1.338,0.142,0.254,0.515
CoverSong_360P-3218,640,360,1.542,0.192,0.489,0.789
CoverSong_360P-4add,640,360,0.790,0.090,0.174,0.004
CoverSong_360P-53a6,640,360,1.509,0.105,0.480,0.630
CoverSong_360P-59d1,640,360,1.538,0.140,0.427,0.089
CoverSong_360P-5a24,640,360,0.998,0.126,0.698,0.340
CoverSong_360P-5d20,480,360,0.521,0.212,0.402,1.031
CoverSong_360P-67ec,640,360,1.023,0.188,2.610,0.275
CoverSong_360P-69ef,480,360,1.154,0.114,0.446,0.451
CoverSong_360P-6d6a,640,360,0.903,0.196,0.301,0.452
CoverSong_360P-6da7,640,360,1.227,0.368,3.816,0.482
CoverSong_480P-0170,640,480,1.589,0.234,0.366,0.027
CoverSong_480P-1019,640,480,0.972,0.195,0.135,0.000
CoverSong_480P-1109,640,480,0.456,0.315,1.530,0.153
CoverSong_480P-2142,854,480,0.711,0.485,3.717,0.132
CoverSong_480P-2207,640,480,1.450,0.799,2.188,0.002
CoverSong_480P-2711,854,480,0.563,0.599,3.085,0.914
CoverSong_480P-2d2c,640,480,1.141,0.449,0.237,0.000
CoverSong_480P-3076,640,480,0.616,0.581,0.172,1.029
CoverSong_480P-35e1,640,480,2.349,0.267,0.533,0.215
CoverSong_480P-3e4b,640,480,0.852,0.029,0.134,0.071
CoverSong_480P-3e92,640,480,2.219,0.369,1.026,0.616
CoverSong_480P-3f3b,640,480,0.976,0.704,2.078,0.861
CoverSong_480P-41a5,640,480,0.758,0.032,0.109,0.519
CoverSong_480P-4d34,640,480,1.274,0.100,0.509,0.914
CoverSong_480P-53f4,640,480,2.102,0.732,0.424,0.613
CoverSong_480P-59f2,720,480,1.101,0.067,0.444,0.220
CoverSong_480P-5b62,640,480,1.933,0.617,4.033,0.686
CoverSong_480P-60a6,640,480,1.517,0.100,0.547,1.415
CoverSong_480P-64d0,640,480,2.230,0.080,0.315,0.399
CoverSong_480P-6c3e,720,480,1.549,0.448,1.001,0.354
CoverSong_480P-6c50,640,480,1.060,0.675,0.170,0.288
CoverSong_480P-7443,640,480,1.062,0.363,0.534,0.694
CoverSong_480P-7f6d,854,480,0.454,0.337,3.107,0.529
CoverSong_720P-014c,1280,720,0.987,0.047,0.172,0.000
CoverSong_720P-01a1,1280,720,1.151,0.593,0.198,0.517
CoverSong_720P-0239,1280,720,1.105,0.664,0.509,0.348
CoverSong_720P-05d6,1280,720,2.474,0.280,8.225,0.550
CoverSong_720P-10f1,1280,720,4.675,0.410,5.272,0.542
CoverSong_720P-1393,1280,720,1.439,0.063,0.768,0.087
CoverSong_720P-2d05,1280,720,2.669,0.573,16.946,0.006
CoverSong_720P-3dca,1280,720,1.364,0.448,6.474,0.572
CoverSong_720P-4006,1280,720,2.122,0.489,0.756,0.363
CoverSong_720P-449f,1280,720,1.966,0.203,0.256,0.584
CoverSong_720P-5689,960,720,2.331,0.568,1.283,0.545
CoverSong_720P-5ba2,1280,720,0.704,0.519,0.679,0.035
CoverSong_720P-60d3,1280,720,0.584,0.166,0.166,0.349
CoverSong_720P-6626,1280,720,0.430,0.268,0.149,0.000
CoverSong_720P-6ae4,1280,720,0.443,0.160,0.136,0.071
CoverSong_720P-6b8c,1280,720,3.444,0.645,9.939,0.091
CoverSong_720P-6d6a,1280,720,1.960,0.662,2.480,0.367
CoverSong_720P-6d81,1280,720,0.565,0.384,0.210,0.192
CoverSong_720P-7360,1280,720,0.644,0.209,0.453,0.271
CoverSong_720P-7539,1280,720,2.454,0.451,8.384,0.635
Gaming_1080P-0a5b,1920,1080,3.537,0.355,7.634,0.074
Gaming_1080P-0ce6,1920,1080,2.651,0.193,9.309,0.001
Gaming_1080P-0ef8,1920,1080,0.733,0.336,1.942,0.092
Gaming_1080P-12d4,1920,1080,4.174,0.120,8.302,0.580
Gaming_1080P-13e3,1920,1080,1.066,0.461,2.372,0.192
Gaming_1080P-1704,1920,1080,2.773,0.361,7.085,0.165
Gaming_1080P-173a,1920,1080,1.341,0.311,0.240,0.028
Gaming_1080P-190d,1920,1080,1.212,0.333,18.196,0.007
Gaming_1080P-2221,1920,1080,3.616,0.776,1.619,0.169
Gaming_1080P-223e,1920,1080,0.469,0.304,6.007,0.446
Gaming_1080P-26dc,1920,1080,1.587,0.210,7.522,0.053
Gaming_1080P-277c,1920,1080,3.111,0.066,9.196,0.443
Gaming_1080P-2927,1920,1080,1.138,0.154,6.091,0.431
Gaming_1080P-29b1,1920,1080,2.458,0.046,2.427,0.188
Gaming_1080P-2e97,1920,1080,1.317,0.264,6.112,0.207
Gaming_1080P-35fa,1920,1080,0.967,0.935,5.290,0.061
Gaming_1080P-3a9d,1920,1080,3.122,0.053,8.324,0.144
Gaming_1080P-3bf7,1920,1080,0.712,1.040,7.162,0.019
Gaming_1080P-3d58,1920,1080,2.868,0.195,12.151,0.015
Gaming_1080P-44c4,1920,1080,1.444,0.543,16.696,0.028
Gaming_1080P-45af,1920,1080,1.692,0.192,7.931,0.285
Gaming_1080P-45fc,1920,1080,0.318,0.193,0.435,0.041
Gaming_1080P-4865,1920,1080,1.388,0.371,8.275,0.073
Gaming_1080P-51fc,1920,1080,2.236,0.163,6.404,0.099
Gaming_1080P-55ac,1920,1080,3.181,0.574,7.859,0.514
Gaming_1080P-564e,1920,1080,2.648,0.235,10.606,0.171
Gaming_1080P-57ca,1920,1080,3.161,0.673,19.227,0.160
Gaming_1080P-58ba,1440,1080,0.522,0.503,2.019,0.225
Gaming_1080P-592a,1920,1080,1.457,0.368,12.123,0.048
Gaming_1080P-5ae7,1920,1080,0.612,0.944,10.365,0.033
Gaming_1080P-6530,1920,1080,2.859,0.608,15.501,0.264
Gaming_1080P-6578,1920,1080,3.712,0.118,10.265,0.431
Gaming_1080P-66d2,1920,1080,3.391,0.105,10.060,0.552
Gaming_1080P-698a,1920,1080,4.102,0.096,10.140,0.351
Gaming_1080P-6d53,1920,1080,2.711,0.136,6.960,0.085
Gaming_1080P-6db2,1920,1080,2.849,0.224,1.280,0.079
Gaming_1080P-6dc6,1920,1080,2.795,0.682,18.703,0.353
Gaming_1080P-6e45,1920,1080,2.369,0.233,0.436,0.466
Gaming_1080P-71a5,1920,1080,2.579,0.553,17.849,0.310
Gaming_1080P-72c8,1920,1080,2.740,0.557,4.792,0.277
Gaming_1080P-777b,1920,1080,1.189,0.527,18.618,0.027
Gaming_1080P-7a1e,1920,1080,1.952,0.156,5.959,0.290
Gaming_2160P-2436,3840,2160,0.510,0.550,1.194,0.686
Gaming_2160P-28de,3840,2160,0.688,0.307,1.875,0.149
Gaming_2160P-2b92,4096,2160,0.581,0.273,1.006,0.086
Gaming_2160P-2cb1,3840,2160,1.274,0.507,4.302,0.147
Gaming_2160P-2dc4,3840,2160,0.572,0.384,3.652,0.224
Gaming_2160P-3002,3840,2160,0.338,0.575,1.054,0.209
Gaming_2160P-31f6,3840,2160,0.670,0.393,6.120,0.351
Gaming_2160P-348d,3840,2160,0.516,0.205,4.110,0.145
Gaming_2160P-34a1,3840,2160,0.199,0.646,1.310,0.169
Gaming_2160P-387f,3840,2160,1.019,0.103,0.465,0.339
Gaming_2160P-3a25,3840,2160,0.566,0.192,5.017,0.334
Gaming_2160P-3aec,3840,2160,0.868,0.152,5.641,0.421
Gaming_2160P-3ce4,3840,2160,0.631,0.270,3.924,0.340
Gaming_2160P-4139,3840,2160,0.457,0.443,6.331,0.422
Gaming_2160P-416f,3840,2160,1.164,0.624,3.176,0.120
Gaming_2160P-4258,3840,2160,0.401,0.252,1.467,0.597
Gaming_2160P-5c33,3840,2160,0.169,0.435,0.153,0.457
Gaming_2160P-5c53,3840,2160,1.064,0.092,0.903,0.324
Gaming_2160P-673d,3840,2160,0.561,0.117,0.934,0.158
Gaming_2160P-67b0,3840,2160,0.765,0.375,1.470,0.083
Gaming_2160P-6bb6,3840,2160,0.625,0.243,3.011,0.158
Gaming_2160P-6cd8,3840,2160,0.332,0.510,2.966,0.226
Gaming_2160P-7e80,3840,2160,0.047,0.148,0.410,0.044
Gaming_2160P-7ff0,3840,2160,0.571,0.385,8.467,0.287
Gaming_360P-043e,450,360,2.323,0.094,1.810,0.181
Gaming_360P-0b98,640,360,1.158,0.482,10.081,0.051
Gaming_360P-187a,640,360,4.150,0.022,1.128,0.539
Gaming_360P-2141,640,360,1.329,0.253,1.026,0.061
Gaming_360P-215f,640,360,0.787,0.321,1.400,0.297
Gaming_360P-2164,640,360,1.740,0.879,3.725,0.097
Gaming_360P-21d2,480,360,0.886,0.386,1.718,0.210
Gaming_360P-2330,640,360,1.012,0.290,1.265,0.094
Gaming_360P-279f,640,360,0.676,0.341,3.783,0.353
Gaming_360P-2f99,640,360,1.592,0.539,5.907,0.241
Gaming_360P-3794,640,360,0.892,0.605,1.652,0.336
Gaming_360P-3a6b,640,360,1.648,0.280,2.694,0.194
Gaming_360P-3eb6,640,360,2.210,0.429,13.803,0.196
Gaming_360P-48b0,480,360,1.214,0.308,7.355,0.311
Gaming_360P-4f09,640,360,1.819,0.297,4.169,0.424
Gaming_360P-5635,640,360,0.275,0.398,1.174,0.188
Gaming_360P-56fe,640,360,1.853,0.425,5.652,0.337
Gaming_360P-586d,640,360,2.606,0.174,7.833,0.615
Gaming_360P-5e0f,464,360,2.065,0.133,2.156,0.550
Gaming_360P-6207,640,360,1.911,0.321,5.125,0.577
Gaming_360P-63e6,640,360,1.446,0.390,4.020,0.188
Gaming_360P-7007,640,360,1.285,0.246,7.224,0.168
Gaming_360P-73c7,640,360,1.463,0.229,6.300,0.045
Gaming_360P-7975,640,360,1.636,0.257,11.160,0.321
Gaming_360P-7acb,640,360,0.679,0.519,6.584,0.018
Gaming_480P-0109,640,480,0.775,0.309,1.364,0.185
Gaming_480P-062e,720,480,0.553,0.357,2.454,0.182
Gaming_480P-09ab,848,480,3.869,0.608,10.082,0.632
Gaming_480P-0a03,720,480,2.365,0.640,7.775,0.193
Gaming_480P-0a30,640,480,1.269,0.644,1.486,0.434
Gaming_480P-0d23,640,480,3.236,0.719,8.254,0.509
Gaming_480P-0dbc,720,480,2.689,0.723,6.607,0.546
Gaming_480P-14fc,854,480,1.621,0.358,6.190,0.087
Gaming_480P-1542,854,480,1.726,0.502,6.184,0.156
Gaming_480P-20ca,720,480,1.776,0.703,8.644,0.280
Gaming_480P-3a44,720,480,2.339,0.431,13.596,0.616
Gaming_480P-445b,640,480,1.869,0.235,3.842,0.327
Gaming_480P-4560,854,480,2.001,0.338,2.118,0.500
Gaming_480P-5a5a,854,480,0.785,0.382,2.720,0.504
Gaming_480P-61ee,640,480,4.604,0.071,4.354,2.233
Gaming_480P-626a,856,480,2.127,0.286,6.853,0.148
Gaming_480P-6491,720,480,2.695,0.693,10.075,0.141
Gaming_480P-6548,640,480,1.305,0.476,8.947,0.289
Gaming_480P-6a5a,854,480,1.632,0.089,2.920,0.064
Gaming_480P-6c92,864,480,0.572,0.570,1.615,0.660
Gaming_480P-6cdc,640,480,1.746,0.396,10.397,0.347
Gaming_480P-6d1e,566,480,3.366,0.059,0.979,0.711
Gaming_480P-6f4b,864,480,1.445,0.273,6.055,0.427
Gaming_480P-75f7,640,480,1.063,0.585,18.345,0.283
Gaming_480P-7893,854,480,1.679,0.316,3.018,0.050
Gaming_480P-7a08,640,480,4.469,0.025,1.648,0.443
Gaming_480P-7ccb,852,480,1.819,0.054,0.584,0.159
Gaming_480P-7e76,720,480,1.974,0.521,15.974,0.153
Gaming_720P-0fba,1280,720,2.943,0.242,6.125,0.398
Gaming_720P-0fdb,1280,720,0.318,0.648,8.152,0.031
Gaming_720P-1035,1280,720,2.261,0.026,1.430,0.452
Gaming_720P-103a,1280,720,3.035,0.225,10.932,0.195
Gaming_720P-1cbb,1280,720,3.032,0.145,9.988,0.193
Gaming_720P-221d,1280,720,1.037,0.122,1.042,0.090
Gaming_720P-25aa,1280,720,0.611,0.145,0.736,0.175
Gaming_720P-2dbe,1280,720,1.127,0.277,5.513,0.177
Gaming_720P-312f,1280,720,2.757,0.544,2.243,0.436
Gaming_720P-324d,3840,720,0.469,0.321,3.963,0.854
Gaming_720P-3524,1280,720,0.520,0.530,2.192,0.029
Gaming_720P-40b2,1280,720,1.905,0.525,5.741,0.091
Gaming_720P-469a,1280,720,1.776,0.404,3.431,0.167
Gaming_720P-4813,1280,720,2.649,0.460,3.623,0.073
Gaming_720P-493e,1280,720,1.209,0.484,10.642,0.094
Gaming_720P-4cda,1280,720,3.299,0.042,1.428,0.437
Gaming_720P-5973,1280,720,4.334,0.524,12.026,0.331
Gaming_720P-5ba2,1280,720,1.874,0.427,13.998,0.139
Gaming_720P-6403,1280,720,1.362,0.545,3.846,0.320
Gaming_720P-64b0,1280,720,2.723,0.453,11.111,0.394
Gaming_720P-6625,1280,720,1.182,0.339,3.757,0.181
Gaming_720P-6658,1280,720,1.196,0.208,2.512,0.440
Gaming_720P-6a45,1280,720,2.307,0.097,5.901,0.471
Gaming_720P-7afd,1280,720,0.613,0.530,6.899,0.082
HDR_1080P-0d31,1920,1080,0.156,0.513,1.201,0.768
HDR_1080P-13eb,1920,1080,1.642,0.021,0.210,0.657
HDR_1080P-1be2,1920,1080,0.357,0.043,0.638,0.670
HDR_1080P-1e5b,1920,1080,0.100,0.674,0.317,0.872
HDR_1080P-206d,1920,1080,0.933,0.255,3.974,0.454
HDR_1080P-282a,1920,1080,0.116,0.538,0.669,0.732
HDR_1080P-2d32,1920,1080,0.977,0.257,1.281,0.306
HDR_1080P-3181,1920,1080,0.022,0.061,0.033,1.334
HDR_1080P-33e3,1920,1080,0.579,0.438,3.644,0.323
HDR_1080P-3521,1920,1080,0.527,0.208,2.249,0.533
HDR_1080P-35f4,1920,1080,0.463,0.379,2.321,0.549
HDR_1080P-3749,1920,1080,0.714,0.494,0.879,0.396
HDR_1080P-3a4a,1920,1080,0.104,0.210,0.221,0.703
HDR_1080P-46a4,1920,1080,0.059,0.396,0.381,0.627
HDR_1080P-49d6,1920,1080,0.671,0.039,0.275,0.259
HDR_1080P-4f4a,1920,1080,0.771,0.521,1.438,0.360
HDR_1080P-548b,1920,1080,0.430,0.381,1.647,0.452
HDR_1080P-549e,1920,1080,0.744,0.186,1.781,0.420
HDR_1080P-55c4,1920,1080,0.267,0.164,1.731,0.750
HDR_1080P-601b,1920,1080,0.403,0.338,0.844,0.316
HDR_1080P-687e,1920,1080,0.316,0.591,2.763,0.600
HDR_1080P-68c8,1920,1080,0.576,0.442,1.768,0.101
HDR_1080P-69de,1920,1080,1.037,0.266,0.698,0.296
HDR_1080P-6eb7,1920,1080,0.691,0.288,1.781,0.413
HDR_1080P-7825,1920,1080,0.935,0.248,0.453,0.475
HDR_2160P-06ae,3840,2160,1.423,0.351,0.672,0.263
HDR_2160P-0e7a,3840,2160,0.008,0.206,0.177,0.049
HDR_2160P-15e2,3840,2160,0.412,0.398,0.374,0.371
HDR_2160P-1743,3840,2160,0.927,0.511,1.310,0.317
HDR_2160P-1e9e,3840,2160,0.966,0.022,0.066,0.128
HDR_2160P-2a72,3840,2160,1.531,0.497,8.280,0.254
HDR_2160P-351f,3840,2160,0.381,0.332,1.065,0.182
HDR_2160P-3663,3840,2160,1.518,0.555,3.570,0.103
HDR_2160P-382f,3840,2160,1.000,0.135,0.266,0.180
HDR_2160P-3bf1,3840,2160,0.891,0.205,2.099,0.147
HDR_2160P-40ab,3840,2160,0.483,0.210,1.428,0.169
HDR_2160P-4348,3840,2160,0.153,0.371,0.267,0.138
HDR_2160P-4581,3840,2160,0.177,0.255,0.100,0.365
HDR_2160P-4dcd,3840,2160,1.390,0.646,3.476,0.234
HDR_2160P-51ea,3840,2160,0.564,0.487,8.671,0.568
HDR_2160P-5275,3840,2160,2.730,0.128,0.768,0.616
HDR_2160P-5926,3840,2160,2.565,0.682,17.010,0.554
HDR_2160P-5c86,3840,2160,0.646,0.148,1.157,0.154
HDR_2160P-5cdf,3840,2160,0.187,0.160,0.149,0.095
HDR_2160P-5e25,3840,2160,1.024,0.305,1.305,0.265
HDR_2160P-664d,3840,2160,0.483,0.639,0.834,0.301
HDR_2160P-6c6e,3840,2160,0.479,0.309,8.055,0.622
HDR_2160P-6ed1,3840,2160,0.953,0.426,7.153,0.244
HDR_2160P-6eeb,4096,2160,0.510,0.401,0.047,0.181
HDR_2160P-6fa4,3840,2160,0.643,0.490,8.117,0.608
HDR_2160P-6fab,3840,2160,1.928,0.756,1.481,0.340
HDR_2160P-70ca,3840,2160,1.560,0.493,4.143,0.239
HowTo_1080P-0267,1920,1080,1.003,0.091,4.083,0.074
HowTo_1080P-03fd,1920,1080,0.149,0.333,0.120,0.065
HowTo_1080P-13aa,1920,1080,1.277,0.295,1.074,0.185
HowTo_1080P-1f3b,1920,1080,1.097,0.026,1.252,0.607
HowTo_1080P-36a9,1920,1080,1.731,0.202,8.965,0.401
HowTo_1080P-4d7b,1920,1080,2.644,0.276,10.259,0.178
HowTo_1080P-52bb,1920,1080,2.536,0.032,1.712,1.298
HowTo_1080P-55d1,1920,1080,1.185,0.268,0.419,0.075
HowTo_1080P-63b4,1920,1080,0.834,0.125,0.185,0.363
HowTo_1080P-63e4,1920,1080,2.211,0.072,5.834,0.134
HowTo_1080P-63ec,1920,1080,1.664,0.155,8.643,0.135
HowTo_1080P-64f7,1920,1080,1.102,0.150,4.592,0.111
HowTo_1080P-6cbf,1920,1080,0.670,0.253,8.334,0.481
HowTo_1080P-7399,1920,1080,0.616,0.006,0.052,0.087
HowTo_1080P-763c,1920,1080,1.426,0.134,4.264,0.020
HowTo_1080P-7cf2,1920,1080,0.614,0.641,2.101,0.062
HowTo_1080P-7f18,1920,1080,0.924,0.011,0.272,0.037
HowTo_1080P-7f4c,1920,1080,0.085,0.014,0.029,0.036
HowTo_360P-041c,640,360,1.174,0.046,0.331,0.448
HowTo_360P-0562,640,360,1.861,0.059,0.823,0.398
HowTo_360P-06be,640,360,1.604,0.043,0.471,0.067
HowTo_360P-09f8,640,360,0.980,0.228,13.480,0.589
HowTo_360P-127f,640,360,2.893,0.078,2.588,0.319
HowTo_360P-1823,640,360,0.933,0.497,11.049,0.530
HowTo_360P-18e7,640,360,0.549,0.085,1.149,0.143
HowTo_360P-1dba,640,360,1.413,0.368,0.954,1.300
HowTo_360P-2074,640,360,2.522,0.043,0.633,0.164
HowTo_360P-2a3b,640,360,1.006,0.030,1.083,0.281
HowTo_360P-2d35,640,360,1.257,0.004,0.163,0.078
HowTo_360P-2fd5,640,360,0.266,0.475,0.495,1.328
HowTo_360P-3aa6,640,360,0.652,0.001,0.519,0.000
HowTo_360P-4276,640,360,0.742,0.175,2.031,0.190
HowTo_360P-4e4c,640,360,1.640,0.038,2.115,0.110
HowTo_360P-55e9,640,360,1.501,0.308,1.573,0.183
HowTo_360P-5da7,640,360,3.024,0.266,3.980,0.148
HowTo_360P-6093,640,360,2.495,0.032,0.344,0.477
HowTo_360P-6a0e,640,360,1.262,0.094,1.765,0.036
HowTo_360P-7083,640,360,0.708,0.422,2.885,0.703
HowTo_360P-7dcd,640,360,0.535,0.040,0.808,0.077
HowTo_360P-7fb1,640,360,1.221,0.247,1.923,0.433
HowTo_480P-04f1,640,480,1.688,0.525,6.849,0.287
HowTo_480P-0cb3,640,480,1.681,0.609,0.449,0.586
HowTo_480P-0d00,640,480,1.805,0.346,3.932,0.001
HowTo_480P-0eb3,848,480,1.165,0.784,5.285,0.483
HowTo_480P-118d,640,480,0.855,0.873,0.392,0.478
HowTo_480P-15c1,848,480,1.160,0.289,11.094,0.312
HowTo_480P-187c,854,480,1.236,0.040,0.208,0.435
HowTo_480P-221e,640,480,2.653,0.001,0.128,0.536
HowTo_480P-2610,640,480,1.370,0.001,0.367,0.086
HowTo_480P-32c9,640,480,0.484,0.007,0.049,0.086
HowTo_480P-3435,640,480,1.698,0.517,6.612,0.343
HowTo_480P-4332,640,480,1.087,0.102,1.712,0.138
HowTo_480P-470b,640,480,1.361,0.339,1.015,0.394
HowTo_480P-48ac,854,480,2.385,0.296,9.986,0.119
HowTo_480P-4948,640,480,0.656,0.006,0.147,0.157
HowTo_480P-4a28,720,480,1.591,0.490,9.490,0.653
HowTo_480P-4b6a,640,480,1.882,0.001,0.009,0.091
HowTo_480P-4c99,850,480,1.620,0.158,5.666,0.041
HowTo_480P-56a5,640,480,2.939,0.464,6.631,0.184
HowTo_480P-5a3c,854,480,0.387,0.383,0.441,0.013
HowTo_480P-60b3,640,480,0.570,0.048,1.165,0.242
HowTo_480P-63a2,720,480,1.475,0.283,6.323,0.185
HowTo_480P-64a2,854,480,1.507,0.589,9.924,0.535
HowTo_480P-7579,854,480,1.561,0.393,1.964,0.188
HowTo_480P-7c11,720,480,1.130,0.480,6.340,0.642
HowTo_720P-017a,1280,720,0.318,0.014,0.342,0.092
HowTo_720P-06eb,1280,720,0.742,0.002,0.030,0.053
HowTo_720P-0a67,1280,720,2.767,0.169,0.855,0.123
HowTo_720P-0b01,1280,720,1.454,0.275,2.347,0.145
HowTo_720P-0c47,1280,720,2.565,0.171,2.439,0.694
HowTo_720P-111e,1280,720,0.845,0.615,0.590,0.286
HowTo_720P-12f7,1280,720,0.370,0.467,0.512,0.000
HowTo_720P-21c6,1280,720,1.324,0.809,1.661,1.026
HowTo_720P-269e,1280,720,1.278,0.049,2.777,0.450
HowTo_720P-2cc6,1280,720,0.517,0.023,0.263,0.077
HowTo_720P-37d0,1280,720,0.895,0.108,5.357,0.365
HowTo_720P-3813,1280,720,2.378,0.555,12.531,0.141
HowTo_720P-3a5d,1280,720,1.235,0.301,9.625,0.432
HowTo_720P-479b,1280,720,1.573,0.328,2.762,0.092
HowTo_720P-483c,1280,720,2.791,0.234,6.889,0.091
HowTo_720P-4d55,1280,720,2.418,0.307,2.050,0.000
HowTo_720P-4d9e,1280,720,0.585,0.002,0.022,0.333
HowTo_720P-6323,1280,720,1.314,0.147,0.638,0.093
HowTo_720P-6791,1280,720,1.075,0.291,6.513,0.062
HowTo_720P-7782,1280,720,1.507,0.086,5.544,0.053
HowTo_720P-7878,1280,720,1.063,0.236,4.851,0.311
HowTo_720P-7c38,1280,720,2.105,0.063,5.025,0.164
Lecture_1080P-011f,1440,1080,0.755,0.318,1.427,0.085
Lecture_1080P-0201,1920,1080,0.442,0.220,7.928,0.185
Lecture_1080P-0c8a,1920,1080,0.518,0.145,0.067,0.297
Lecture_1080P-1709,1920,1080,0.109,0.400,0.036,0.000
Lecture_1080P-1969,1920,1080,1.171,0.013,0.093,0.084
Lecture_1080P-1b5f,1920,1080,0.717,0.099,0.102,0.265
Lecture_1080P-1daf,1440,1080,0.703,0.210,2.794,0.176
Lecture_1080P-238b,1920,1080,0.472,0.655,4.279,0.332
Lecture_1080P-280a,1920,1080,0.759,0.853,1.026,0.086
Lecture_1080P-2b11,1920,1080,1.751,0.127,4.382,0.167
Lecture_1080P-3077,1920,1080,0.550,0.209,4.722,0.496
Lecture_1080P-3ce0,1920,1080,1.444,0.170,0.252,0.282
Lecture_1080P-3cf3,1920,1080,1.011,0.043,2.002,0.179
Lecture_1080P-3dc4,1920,1080,0.649,0.590,5.893,0.361
Lecture_1080P-412e,1920,1080,0.822,0.573,1.938,0.190
Lecture_1080P-454c,1440,1080,0.676,0.308,0.257,0.395
Lecture_1080P-4991,1438,1080,0.173,0.304,0.742,0.000
Lecture_1080P-5083,1920,1080,0.681,0.786,0.161,0.057
Lecture_1080P-50a2,1920,1080,0.692,0.890,0.206,0.069
Lecture_1080P-51b8,1920,1080,0.552,0.636,2.015,0.133
Lecture_1080P-547b,1920,1080,0.531,0.254,1.899,0.394
Lecture_1080P-5d58,1440,1080,0.896,0.136,0.284,0.138
Lecture_1080P-6089,1920,1080,0.730,0.626,2.719,0.073
Lecture_1080P-73d5,1920,1080,0.530,0.355,0.160,0.091
Lecture_360P-03bc,640,360,1.331,0.085,1.950,0.070
Lecture_360P-051a,480,360,1.292,0.005,0.069,0.166
Lecture_360P-114f,640,360,1.222,0.078,1.935,0.162
Lecture_360P-20c3,640,360,1.194,0.060,1.221,0.077
Lecture_360P-2276,640,360,1.499,0.056,2.623,0.301
Lecture_360P-27db,640,360,0.939,0.109,1.932,0.095
Lecture_360P-2c55,640,360,0.336,0.270,1.173,0.176
Lecture_360P-2d1f,640,360,0.921,0.050,0.429,0.320
Lecture_360P-30eb,640,360,1.214,0.159,3.132,0.475
Lecture_360P-311d,640,360,1.914,0.080,4.612,0.464
Lecture_360P-3590,640,360,2.543,0.269,16.729,0.606
Lecture_360P-44c2,640,360,0.688,0.316,0.698,0.875
Lecture_360P-4bb4,640,360,1.773,0.058,2.024,0.392
Lecture_360P-4f00,640,360,0.851,0.133,1.937,0.153
Lecture_360P-506c,640,360,1.168,0.049,0.561,0.067
Lecture_360P-5594,640,360,2.734,0.148,1.893,0.433
Lecture_360P-5779,540,360,1.291,0.003,0.120,0.000
Lecture_360P-5aea,640,360,0.694,0.176,4.047,0.603
Lecture_360P-5d0a,640,360,1.036,0.306,5.988,0.615
Lecture_360P-6656,640,360,0.598,0.234,4.244,0.182
Lecture_360P-6702,640,360,0.765,0.188,2.880,0.361
Lecture_360P-6d29,640,360,1.111,0.108,4.722,0.304
Lecture_360P-7550,640,360,0.997,0.149,2.000,0.181
Lecture_360P-7a57,640,360,0.768,0.132,1.996,0.420
Lecture_360P-7f7e,640,360,2.479,0.079,4.052,0.519
Lecture_480P-02f2,720,480,0.543,0.200,2.700,0.371
Lecture_480P-11df,720,480,0.949,0.383,5.261,0.111
Lecture_480P-181a,640,480,1.102,0.559,0.636,1.121
Lecture_480P-1ec3,720,480,1.021,0.005,0.315,0.125
Lecture_480P-2513,640,480,1.937,0.209,3.080,0.189
Lecture_480P-2655,640,480,1.618,0.523,5.609,0.498
Lecture_480P-2ed0,640,480,0.199,0.487,1.417,0.768
Lecture_480P-369f,856,480,0.896,0.060,2.286,0.176
Lecture_480P-3bdc,640,480,2.052,0.001,0.099,0.065
Lecture_480P-41b7,640,480,2.100,0.061,7.558,0.737
Lecture_480P-4272,640,480,0.922,0.006,0.079,0.052
Lecture_480P-42c3,638,480,1.998,0.003,0.532,0.416
Lecture_480P-4bc3,854,480,2.138,0.290,2.188,0.362
Lecture_480P-4c86,720,480,1.513,0.517,5.293,0.257
Lecture_480P-5aee,352,480,1.969,0.472,2.627,0.435
Lecture_480P-5cd7,720,480,1.849,0.256,5.057,0.340
Lecture_480P-5f3a,352,480,1.804,0.541,6.290,0.482
Lecture_480P-6191,640,480,0.826,0.292,5.886,0.381
Lecture_480P-6b1e,640,480,0.786,0.001,0.002,0.007
Lecture_480P-71c0,640,480,1.225,0.310,5.992,0.191
Lecture_480P-71d6,640,480,1.853,0.090,8.653,0.675
Lecture_480P-7205,640,480,0.842,0.256,5.872,0.395
Lecture_480P-73f6,640,480,0.587,0.393,0.449,0.054
Lecture_480P-74cf,720,480,0.916,0.263,3.844,0.383
Lecture_480P-74ea,640,480,1.068,0.156,0.650,0.966
Lecture_480P-7d77,640,480,1.287,0.193,3.263,0.148
Lecture_480P-7e55,642,480,1.343,0.062,4.253,0.063
Lecture_480P-7eec,854,480,0.565,0.205,1.073,0.391
Lecture_720P-003a,1280,720,0.992,0.225,1.200,0.367
Lecture_720P-07e0,1280,720,1.107,0.358,2.475,0.617
Lecture_720P-094d,1280,720,1.196,0.327,0.511,0.231
Lecture_720P-0f64,1280,720,1.093,0.131,2.720,0.524
Lecture_720P-1033,1280,720,0.520,0.456,3.839,0.107
Lecture_720P-10bc,1280,720,0.661,0.460,0.808,0.306
Lecture_720P-11e7,1280,720,0.893,0.510,1.218,0.803
Lecture_720P-1e62,1280,720,1.039,0.386,5.039,0.566
Lecture_720P-1f22,1280,720,1.780,0.070,4.913,0.406
Lecture_720P-2442,1280,720,0.924,0.014,0.103,0.112
Lecture_720P-26df,1280,720,0.626,0.010,0.098,0.072
Lecture_720P-2b0f,1152,720,0.477,0.002,0.023,0.152
Lecture_720P-2f38,1280,720,1.722,0.063,1.637,0.071
Lecture_720P-2f8c,1280,720,1.601,0.095,0.454,0.076
Lecture_720P-3b7f,1280,720,0.930,0.316,0.299,0.097
Lecture_720P-3f9f,956,720,1.399,0.228,6.676,0.052
Lecture_720P-4c87,1280,720,0.633,0.493,6.267,0.153
Lecture_720P-50b9,1280,720,1.743,0.241,0.504,0.314
Lecture_720P-5120,1280,720,0.562,0.180,2.450,0.000
Lecture_720P-53a1,1280,720,0.875,0.116,0.048,0.173
Lecture_720P-5725,1280,720,1.874,0.227,1.894,0.186
Lecture_720P-5c7e,1280,720,1.112,0.009,0.189,0.596
Lecture_720P-6016,1280,720,0.519,0.551,0.571,0.124
Lecture_720P-6951,1280,720,1.940,0.210,5.426,0.296
Lecture_720P-7189,1280,720,0.777,0.072,0.267,0.189
Lecture_720P-7dcf,1280,720,1.458,0.041,0.256,0.271
Lecture_720P-7e40,1280,720,0.580,0.089,2.465,0.074
LiveMusic_1080P-14af,1920,1080,0.753,0.466,0.708,0.491
LiveMusic_1080P-157b,1920,1080,0.810,0.318,6.207,0.319
LiveMusic_1080P-1ace,1920,1080,0.830,0.203,0.276,0.474
LiveMusic_1080P-21dd,1440,1080,1.363,0.417,2.050,0.085
LiveMusic_1080P-28fe,1920,1080,1.169,0.332,6.838,0.312
LiveMusic_1080P-2930,1920,1080,0.986,0.595,14.357,0.392
LiveMusic_1080P-2b7a,1920,1080,0.925,0.547,7.857,0.573
LiveMusic_1080P-2f7f,1920,1080,0.719,0.669,3.961,0.173
LiveMusic_1080P-3549,1440,1080,2.322,0.478,9.808,0.813
LiveMusic_1080P-3e1a,1920,1080,0.652,0.102,0.180,0.458
LiveMusic_1080P-3f95,1920,1080,1.535,0.222,1.214,0.232
LiveMusic_1080P-48d5,1920,1080,2.356,0.225,2.853,0.172
LiveMusic_1080P-514e,1920,1080,0.302,0.816,1.751,0.026
LiveMusic_1080P-51f6,1920,1080,1.073,0.516,7.411,0.152
LiveMusic_1080P-541f,1920,1080,1.424,0.410,1.214,0.387
LiveMusic_1080P-59b3,1440,1080,0.131,0.428,1.408,0.001
LiveMusic_1080P-6b1c,1920,1080,1.023,0.509,6.493,0.594
LiveMusic_1080P-6bbe,1920,1080,0.868,0.480,13.270,0.394
LiveMusic_1080P-6d1a,1920,1080,0.602,0.411,0.189,0.008
LiveMusic_1080P-6fe2,1920,1080,2.371,0.416,2.201,0.422
LiveMusic_1080P-77e8,1920,1080,1.207,0.206,1.226,0.061
LiveMusic_1080P-7948,1920,1080,1.285,0.745,8.342,0.651
LiveMusic_1080P-7ead,1920,1080,0.096,0.332,0.225,0.000
LiveMusic_360P-121f,640,360,2.311,0.170,1.344,0.215
LiveMusic_360P-1d94,640,360,1.377,0.238,0.893,0.470
LiveMusic_360P-22c5,640,360,1.704,0.214,0.542,0.165
LiveMusic_360P-2508,640,360,2.317,0.266,2.883,0.154
LiveMusic_360P-265c,480,360,0.514,0.540,1.571,0.812
LiveMusic_360P-2b0f,640,360,0.833,0.511,1.308,0.453
LiveMusic_360P-3979,640,360,0.331,0.587,0.496,0.184
LiveMusic_360P-3b96,640,360,0.411,0.139,0.087,0.144
LiveMusic_360P-3be0,480,360,0.641,0.385,5.545,0.895
LiveMusic_360P-405c,480,360,1.076,0.424,5.630,0.306
LiveMusic_360P-48d5,640,360,2.219,0.172,3.759,0.180
LiveMusic_360P-5281,640,360,2.227,0.156,1.081,0.285
LiveMusic_360P-54d0,640,360,0.932,0.123,1.563,0.175
LiveMusic_360P-5b57,640,360,0.921,0.297,0.495,0.176
LiveMusic_360P-6266,640,360,0.700,0.519,1.899,0.329
LiveMusic_360P-6640,640,360,2.295,0.123,3.437,0.155
LiveMusic_360P-6a65,480,360,1.216,0.624,4.140,0.703
LiveMusic_360P-7483,640,360,1.707,0.085,1.927,0.179
LiveMusic_480P-0638,852,480,1.289,0.088,0.300,0.177
LiveMusic_480P-1a91,720,480,1.539,0.356,11.787,0.538
LiveMusic_480P-2019,640,480,1.103,0.594,2.955,0.582
LiveMusic_480P-2a5e,640,480,2.248,0.280,0.698,0.371
LiveMusic_480P-331a,640,480,1.597,0.321,3.132,0.600
LiveMusic_480P-34be,640,480,1.124,0.309,0.811,0.413
LiveMusic_480P-38f3,640,480,2.312,0.872,3.835,0.572
LiveMusic_480P-3d03,720,480,1.044,0.562,21.701,0.738
LiveMusic_480P-427e,720,480,4.085,0.835,33.355,0.640
LiveMusic_480P-459c,640,480,2.469,0.572,13.774,0.292
LiveMusic_480P-474a,640,480,0.339,0.549,2.634,0.081
LiveMusic_480P-4c3a,640,480,1.120,0.093,0.698,0.572
LiveMusic_480P-4f88,720,480,2.623,0.110,0.477,0.475
LiveMusic_480P-559d,640,480,0.731,0.286,2.068,0.076
LiveMusic_480P-58fb,640,480,1.366,0.494,3.734,0.374
LiveMusic_480P-61ef,640,480,1.363,0.258,20.637,0.637
LiveMusic_480P-636e,720,480,0.999,0.600,13.972,0.883
LiveMusic_480P-6542,640,480,1.860,0.581,17.507,0.343
LiveMusic_480P-65ca,640,480,0.439,0.090,1.607,0.190
LiveMusic_720P-0cd5,1280,720,0.365,0.320,1.588,0.187
LiveMusic_720P-0d9f,1280,720,2.399,0.337,1.890,0.153
LiveMusic_720P-2620,1280,720,2.079,0.382,1.131,0.700
LiveMusic_720P-267b,1280,720,1.698,0.211,7.377,0.543
LiveMusic_720P-289b,1280,720,0.316,0.405,0.554,0.095
LiveMusic_720P-3320,1280,720,0.266,0.759,1.423,0.000
LiveMusic_720P-4ae2,1280,720,0.798,0.384,0.687,0.352
LiveMusic_720P-58db,1280,720,2.212,0.289,8.639,0.501
LiveMusic_720P-6343,1280,720,1.209,0.687,1.819,0.587
LiveMusic_720P-6452,1280,720,1.090,0.740,0.737,0.258
LiveMusic_720P-653e,1280,720,0.557,0.191,9.966,0.247
LiveMusic_720P-65f6,1280,720,1.097,0.085,1.419,0.178
LiveMusic_720P-66df,1280,720,1.106,0.269,0.464,0.188
LiveMusic_720P-71c5,1280,720,0.769,0.474,8.304,0.674
LyricVideo_1080P-0075,1920,1080,1.103,0.728,10.573,0.219
LyricVideo_1080P-0625,1920,1080,0.522,0.162,0.202,0.093
LyricVideo_1080P-11f0,1920,1080,1.168,0.278,15.579,0.256
LyricVideo_1080P-12af,1920,1080,1.316,0.136,6.849,0.347
LyricVideo_1080P-16b6,1920,1080,1.138,0.226,6.292,0.251
LyricVideo_1080P-1b04,1440,1080,1.550,0.472,1.184,0.000
LyricVideo_1080P-1d75,1920,1080,1.308,0.002,0.007,0.129
LyricVideo_1080P-23db,1920,1080,2.313,0.277,27.473,0.368
LyricVideo_1080P-28e8,1440,1080,0.031,0.777,0.262,0.006
LyricVideo_1080P-2946,1920,1080,1.687,0.007,0.300,0.020
LyricVideo_1080P-3803,1920,1080,2.797,0.004,0.249,0.673
LyricVideo_1080P-3b60,1920,1080,0.313,0.007,0.042,0.152
LyricVideo_1080P-41ee,1920,1080,0.184,0.634,0.587,0.566
LyricVideo_1080P-4b40,1920,1080,0.943,0.448,6.782,0.844
LyricVideo_1080P-584f,1920,1080,2.489,0.210,7.818,0.175
LyricVideo_1080P-5a1f,1920,1080,0.170,0.362,0.803,0.088
LyricVideo_1080P-63d9,1440,1080,1.463,0.141,0.708,0.148
LyricVideo_1080P-725e,1920,1080,0.554,0.126,0.477,0.970
LyricVideo_1080P-756a,1920,1080,1.251,0.044,0.853,0.096
LyricVideo_360P-0ac7,480,360,1.613,0.241,4.452,0.000
LyricVideo_360P-17ce,480,360,0.752,0.147,1.442,0.173
LyricVideo_360P-3afc,480,360,1.564,0.001,0.917,0.077
LyricVideo_360P-5868,640,360,0.381,0.061,0.705,0.177
LyricVideo_360P-5b54,640,360,1.908,0.025,2.048,0.162
LyricVideo_360P-5e87,640,360,1.245,0.006,0.252,0.105
LyricVideo_360P-7fb1,640,360,0.448,0.009,0.259,0.982
LyricVideo_480P-0722,640,480,2.770,0.541,0.579,0.098
LyricVideo_480P-0a5b,640,480,1.833,0.007,0.553,0.000
LyricVideo_480P-0f72,848,480,2.169,0.408,20.395,0.287
LyricVideo_480P-1484,854,480,0.665,0.602,15.219,0.359
LyricVideo_480P-200a,640,480,0.757,0.010,1.549,0.761
LyricVideo_480P-2c50,640,480,3.138,0.039,1.061,0.569
LyricVideo_480P-3b2c,720,480,2.763,0.277,7.601,0.726
LyricVideo_480P-3ccf,640,480,1.743,0.349,0.491,0.225
LyricVideo_480P-4346,854,480,0.437,0.339,3.305,0.000
LyricVideo_480P-51e4,640,480,1.251,0.805,1.526,1.007
LyricVideo_480P-6385,640,480,2.558,0.602,0.412,0.088
LyricVideo_480P-6fca,848,480,2.744,0.393,5.959,0.388
LyricVideo_480P-7919,640,480,0.640,0.375,2.073,0.097
LyricVideo_720P-068d,1280,720,1.306,0.002,0.006,0.000
LyricVideo_720P-081c,1280,720,0.709,0.325,8.507,0.183
LyricVideo_720P-0940,1280,720,1.007,0.454,0.584,0.656
LyricVideo_720P-09ed,1280,720,0.948,0.234,7.290,0.093
LyricVideo_720P-0ae4,1280,720,2.043,0.258,7.995,0.165
LyricVideo_720P-1c89,1280,720,0.068,0.319,0.394,0.122
LyricVideo_720P-2d24,1280,720,0.154,0.004,0.311,0.000
LyricVideo_720P-36fb,1280,720,0.238,0.288,0.391,0.084
LyricVideo_720P-4253,1280,720,2.262,0.008,0.524,0.078
LyricVideo_720P-47a9,1280,720,0.735,0.558,9.037,0.427
LyricVideo_720P-59ed,1280,720,0.860,0.114,0.039,0.050
LyricVideo_720P-5d3a,960,720,0.203,0.387,1.386,0.000
LyricVideo_720P-6f0c,1280,720,1.433,0.313,6.527,0.702
LyricVideo_720P-6fc9,1280,720,0.465,0.636,1.009,0.638
LyricVideo_720P-7003,1280,720,1.128,0.023,0.148,0.132
LyricVideo_720P-739a,1280,720,0.829,0.008,0.026,1.024
LyricVideo_720P-74a0,1280,720,2.745,0.091,1.711,0.005
LyricVideo_720P-7f44,1280,720,1.384,0.001,0.084,0.091
LyricVideo_1080P-5461,1920,1080,0.269,0.486,2.017,0.191
LyricVideo_1080P-63d4,1920,1080,0.041,0.403,0.207,0.000
LyricVideo_480P-5c17,640,480,1.284,0.091,9.177,0.828
MusicVideo_1080P-04b6,1920,1080,1.074,0.434,11.503,0.477
MusicVideo_1080P-0706,1920,1080,0.834,0.750,24.494,0.581
MusicVideo_1080P-0860,1920,1080,0.777,0.413,11.663,0.003
MusicVideo_1080P-106d,1440,1080,1.305,0.688,7.423,0.561
MusicVideo_1080P-16e6,1920,1080,0.745,0.402,13.741,0.119
MusicVideo_1080P-18f5,1920,1080,1.612,0.529,19.040,0.589
MusicVideo_1080P-1a53,1920,1080,0.259,0.655,1.131,0.167
MusicVideo_1080P-24f5,1920,1080,2.633,0.343,4.678,0.185
MusicVideo_1080P-2b2b,1920,1080,0.203,0.743,1.087,0.000
MusicVideo_1080P-2d1c,1440,1080,2.417,0.545,8.112,0.402
MusicVideo_1080P-34ff,1440,1080,1.812,0.514,14.935,0.495
MusicVideo_1080P-3a50,1920,1080,0.250,0.497,1.605,0.603
MusicVideo_1080P-453f,1920,1080,0.819,0.560,13.977,0.013
MusicVideo_1080P-4671,1920,1080,1.236,0.676,4.379,0.748
MusicVideo_1080P-4b61,1920,1080,0.487,0.494,12.556,1.070
MusicVideo_1080P-5072,1920,1080,1.953,0.166,0.346,0.307
MusicVideo_1080P-55af,1920,1080,3.561,0.662,17.064,0.868
MusicVideo_1080P-59c4,1920,1080,2.060,0.305,10.301,0.566
MusicVideo_1080P-5f03,1920,1080,0.325,0.611,0.660,0.011
MusicVideo_1080P-6260,1920,1080,1.604,0.700,13.999,0.140
MusicVideo_1080P-65c6,1920,1080,0.154,0.408,0.396,0.183
MusicVideo_1080P-6c1d,1920,1080,1.551,0.460,10.577,0.124
MusicVideo_1080P-6c88,1920,1080,0.332,0.641,3.143,0.089
MusicVideo_1080P-6fb1,1440,1080,1.486,0.638,8.853,0.413
MusicVideo_1080P-7265,1920,1080,0.403,0.458,1.179,0.078
MusicVideo_1080P-7706,1920,1080,0.384,0.698,1.004,1.093
MusicVideo_1080P-7736,1920,1080,1.394,0.338,3.386,0.087
MusicVideo_1080P-7f2e,1920,1080,3.041,0.623,13.946,0.716
MusicVideo_360P-08cb,640,360,1.016,0.230,3.362,0.138
MusicVideo_360P-17e4,640,360,0.850,0.229,1.716,0.172
MusicVideo_360P-24b0,640,360,0.822,0.229,2.392,0.266
MusicVideo_360P-2fcb,640,360,1.363,0.097,0.742,0.257
MusicVideo_360P-462f,640,360,1.659,0.021,2.054,0.303
MusicVideo_360P-4de7,480,360,1.098,0.258,2.270,0.161
MusicVideo_360P-5358,640,360,0.646,0.384,1.745,0.517
MusicVideo_360P-5578,480,360,0.664,0.141,2.014,0.256
MusicVideo_360P-5699,640,360,0.786,0.184,3.424,0.268
MusicVideo_360P-5f07,640,360,0.782,0.461,2.791,0.354
MusicVideo_360P-5f8d,640,360,1.153,0.318,2.201,0.400
MusicVideo_360P-648c,640,360,0.153,0.564,0.205,0.898
MusicVideo_360P-7b94,640,360,0.932,0.458,2.781,0.458
MusicVideo_480P-001f,720,480,1.278,0.478,8.870,0.158
MusicVideo_480P-0448,640,480,2.843,0.021,2.076,0.467
MusicVideo_480P-12fb,640,480,1.552,0.198,2.874,0.329
MusicVideo_480P-184c,640,480,0.788,0.404,2.302,0.157
MusicVideo_480P-1eee,640,480,1.225,0.263,2.539,0.000
MusicVideo_480P-2de0,656,480,0.919,0.270,2.246,0.097
MusicVideo_480P-3aa2,854,480,0.329,0.438,1.223,1.274
MusicVideo_480P-3c8b,640,480,2.417,0.508,1.904,0.744
MusicVideo_480P-41ce,720,480,0.882,0.459,3.074,0.000
MusicVideo_480P-4802,854,480,1.164,0.186,3.664,0.077
MusicVideo_480P-483b,720,480,1.119,1.030,6.618,0.061
MusicVideo_480P-4cc8,854,480,0.523,0.515,0.916,0.069
MusicVideo_480P-5461,854,480,1.279,0.304,10.068,0.237
MusicVideo_480P-5830,640,480,1.589,0.629,12.749,0.720
MusicVideo_480P-6026,640,480,1.632,0.604,2.166,0.570
MusicVideo_480P-61ba,720,480,0.938,0.935,2.224,0.087
MusicVideo_480P-66b2,640,480,0.193,0.247,1.469,0.129
MusicVideo_480P-6fb6,640,480,0.131,0.186,0.722,0.000
MusicVideo_480P-7643,1080,480,1.028,0.180,0.262,0.183
MusicVideo_480P-7955,854,480,1.093,0.356,8.244,0.372
MusicVideo_720P-0355,1280,720,1.638,0.751,17.183,0.566
MusicVideo_720P-0752,1280,720,1.384,0.297,8.585,0.395
MusicVideo_720P-14f0,1280,720,0.128,0.229,0.158,0.054
MusicVideo_720P-2d7d,1280,720,0.571,0.366,8.576,0.117
MusicVideo_720P-3698,1280,720,2.153,0.159,2.759,0.258
MusicVideo_720P-3b11,960,720,0.594,0.326,1.442,0.504
MusicVideo_720P-3c4c,1280,720,1.161,0.282,1.985,0.000
MusicVideo_720P-4179,1280,720,0.367,0.455,1.017,0.453
MusicVideo_720P-44c1,1280,720,1.091,0.392,4.417,0.307
MusicVideo_720P-4895,1280,720,0.597,0.384,1.282,0.365
MusicVideo_720P-4ad2,1280,720,0.743,0.256,2.588,0.166
MusicVideo_720P-575d,1280,720,2.335,0.759,12.503,0.578
MusicVideo_720P-5c9c,1280,720,0.928,0.675,15.602,0.228
MusicVideo_720P-62df,1280,720,1.118,0.301,0.986,0.084
MusicVideo_720P-734f,1280,720,0.472,0.378,1.394,0.072
MusicVideo_720P-7501,1280,720,1.687,0.841,9.262,0.020
MusicVideo_720P-7bcf,1280,720,0.254,0.566,2.203,0.000
NewsClip_1080P-00c3,1920,1080,1.363,0.318,1.785,0.097
NewsClip_1080P-02fd,1920,1080,0.651,0.555,0.362,0.425
NewsClip_1080P-06df,1920,1080,1.017,0.210,1.797,0.183
NewsClip_1080P-0abf,1920,1080,1.560,0.604,5.635,0.518
NewsClip_1080P-1db0,1920,1080,2.263,0.094,1.189,0.193
NewsClip_1080P-22b3,1440,1080,1.182,0.530,3.767,0.410
NewsClip_1080P-27fb,1920,1080,1.873,0.337,1.639,0.262
NewsClip_1080P-2eb0,1920,1080,0.934,0.548,2.505,0.183
NewsClip_1080P-3427,1920,1080,0.889,0.252,4.491,0.176
NewsClip_1080P-3c7c,1920,1080,2.083,0.129,2.057,0.194
NewsClip_1080P-4241,1920,1080,0.754,0.291,4.905,0.532
NewsClip_1080P-48ae,1920,1080,0.786,0.173,0.431,0.111
NewsClip_1080P-5b53,1920,1080,0.927,0.161,0.279,0.246
NewsClip_1080P-5be1,1920,1080,0.831,0.243,4.903,0.186
NewsClip_1080P-632e,1920,1080,0.914,0.545,5.022,0.311
NewsClip_1080P-67dc,1920,1080,2.006,0.355,5.893,0.181
NewsClip_1080P-7816,1920,1080,0.840,0.279,7.782,0.150
NewsClip_360P-0376,640,360,1.162,0.207,4.811,0.671
NewsClip_360P-0c17,480,360,2.350,0.267,0.789,0.426
NewsClip_360P-0ff8,640,360,1.222,0.119,7.164,0.537
NewsClip_360P-1093,480,360,1.494,0.118,1.845,0.177
NewsClip_360P-12fc,480,360,1.315,0.357,4.818,0.498
NewsClip_360P-1b1c,640,360,1.773,0.159,3.991,0.199
NewsClip_360P-1e1c,480,360,1.656,0.181,3.381,0.098
NewsClip_360P-1eae,640,360,0.741,0.037,0.433,0.740
NewsClip_360P-22ce,480,360,2.492,0.210,14.186,0.100
NewsClip_360P-274e,480,360,2.413,0.343,8.297,0.153
NewsClip_360P-2986,640,360,1.151,0.194,3.849,0.235
NewsClip_360P-2c91,480,320,2.261,0.359,2.250,0.184
NewsClip_360P-311a,480,360,1.019,0.226,2.349,0.345
NewsClip_360P-3451,480,320,1.224,0.361,1.443,0.337
NewsClip_360P-4288,640,352,2.080,0.161,7.559,0.259
NewsClip_360P-439a,480,320,2.396,0.064,1.772,0.268
NewsClip_360P-4417,480,320,2.585,0.199,5.959,0.148
NewsClip_360P-5052,640,360,1.767,0.268,6.692,0.179
NewsClip_360P-5752,480,360,2.342,0.216,9.723,0.303
NewsClip_360P-5bcc,480,360,1.070,0.151,5.161,0.142
NewsClip_360P-5f3b,480,360,1.226,0.454,2.535,0.451
NewsClip_360P-66ae,480,360,1.831,0.088,6.699,0.264
NewsClip_360P-67ce,640,360,1.246,0.193,1.080,0.225
NewsClip_360P-7a96,480,360,1.224,0.350,8.592,0.275
NewsClip_480P-0269,720,480,0.999,0.615,3.396,0.275
NewsClip_480P-0ce5,720,480,1.246,0.300,1.220,0.549
NewsClip_480P-15fa,640,480,2.593,0.233,10.042,0.182
NewsClip_480P-2407,640,480,2.138,0.825,1.714,0.445
NewsClip_480P-2642,600,480,0.710,0.247,0.742,0.096
NewsClip_480P-28eb,728,480,0.838,0.242,0.575,0.447
NewsClip_480P-2b9b,640,480,1.291,0.641,9.867,0.543
NewsClip_480P-2ba7,640,480,1.158,0.468,2.684,0.555
NewsClip_480P-31bd,854,480,0.780,0.040,0.392,0.464
NewsClip_480P-3672,640,480,2.845,0.164,7.651,0.183
NewsClip_480P-36d0,640,480,1.916,0.160,4.924,0.181
NewsClip_480P-4072,600,480,0.686,0.257,0.660,0.096
NewsClip_480P-41b1,854,480,0.934,0.177,4.845,0.192
NewsClip_480P-437c,720,480,2.361,0.467,4.980,0.412
NewsClip_480P-49c9,640,480,1.793,0.226,9.687,0.175
NewsClip_480P-4a9f,720,480,1.285,0.473,4.305,0.323
NewsClip_480P-4e77,854,480,1.320,0.211,7.775,0.365
NewsClip_480P-543f,856,480,0.937,0.298,3.370,0.510
NewsClip_480P-5a3b,640,480,0.967,0.475,3.463,0.026
NewsClip_480P-5e7f,640,480,1.883,0.106,0.720,0.087
NewsClip_480P-606e,856,480,0.902,0.262,3.870,0.630
NewsClip_480P-6615,854,480,0.877,0.153,3.360,0.506
NewsClip_480P-696e,640,480,1.244,0.139,2.980,0.136
NewsClip_480P-6bfa,640,480,1.862,0.503,9.337,0.262
NewsClip_480P-7232,856,480,2.045,0.262,2.641,0.292
NewsClip_480P-72b8,640,480,1.649,0.317,5.758,0.208
NewsClip_480P-7a0d,640,480,2.201,0.194,1.011,0.168
NewsClip_720P-04ba,1280,720,0.860,0.281,1.873,0.079
NewsClip_720P-0c81,1280,720,1.799,0.076,0.620,0.178
NewsClip_720P-1971,1280,720,1.718,0.498,7.472,0.343
NewsClip_720P-2182,1280,720,2.914,0.486,3.219,0.349
NewsClip_720P-23e0,1280,720,2.481,0.280,5.277,0.144
NewsClip_720P-2882,1280,720,1.045,0.469,2.964,0.426
NewsClip_720P-35d9,1280,720,0.319,0.291,0.732,0.033
NewsClip_720P-37f7,1280,720,0.989,0.294,5.926,0.258
NewsClip_720P-4603,1280,720,0.929,0.143,1.199,0.303
NewsClip_720P-4e87,1280,720,1.127,0.468,7.243,0.627
NewsClip_720P-5564,1280,720,1.489,0.196,7.392,0.259
NewsClip_720P-5787,1280,720,0.928,0.467,6.622,0.461
NewsClip_720P-579b,1280,720,1.470,0.472,4.617,0.273
NewsClip_720P-5d89,1280,720,0.795,0.279,3.534,0.481
NewsClip_720P-6016,1280,720,1.830,0.159,3.463,0.180
NewsClip_720P-6106,1280,720,1.976,0.486,5.797,0.147
NewsClip_720P-672c,1280,720,0.949,0.484,7.456,0.444
NewsClip_720P-6a19,1280,720,0.852,0.168,3.732,0.143
NewsClip_720P-6aa6,1280,720,1.609,0.046,0.438,0.396
NewsClip_720P-6cde,1280,720,2.053,0.158,1.836,0.478
NewsClip_720P-72d2,1280,720,1.510,0.322,9.788,0.182
NewsClip_720P-7345,1280,720,2.267,0.225,1.634,0.141
NewsClip_720P-739b,1280,720,1.129,0.420,0.322,0.693
NewsClip_720P-7745,1280,720,0.637,0.351,1.868,0.466
NewsClip_720P-7b7e,1280,720,2.054,0.307,0.515,0.464
NewsClip_720P-7b97,1280,720,0.451,0.300,0.643,0.054
NewsClip_720P-7c67,1280,720,0.984,0.067,3.542,0.180
NewsClip_720P-7e56,1280,720,0.991,0.026,0.581,0.111
Sports_1080P-0063,1920,1080,3.185,0.538,10.673,0.098
Sports_1080P-0640,1920,1080,1.129,0.645,2.562,0.533
Sports_1080P-08e1,1920,1080,2.066,0.374,11.307,0.198
Sports_1080P-0d0c,1920,1080,3.040,0.182,1.405,0.424
Sports_1080P-15d1,1920,1080,2.512,0.189,0.623,0.212
Sports_1080P-19d8,1920,1080,1.037,0.104,0.028,0.191
Sports_1080P-1ae3,1440,1080,2.557,0.454,6.506,0.299
Sports_1080P-1bf7,1920,1080,2.154,0.209,5.157,0.088
Sports_1080P-1d78,1920,1080,2.754,0.662,5.746,0.185
Sports_1080P-241e,1920,1080,2.521,0.199,5.166,0.164
Sports_1080P-2524,1920,1080,1.561,0.200,0.672,0.121
Sports_1080P-28a6,1920,1080,1.239,0.138,0.146,0.130
Sports_1080P-2a21,1920,1080,0.857,0.515,5.413,0.275
Sports_1080P-3a3b,1440,1080,1.826,0.742,4.223,0.046
Sports_1080P-3db7,1440,1080,1.372,0.308,2.409,0.311
Sports_1080P-3eb0,1920,1080,0.364,0.576,1.008,0.241
Sports_1080P-43e2,1920,1080,1.736,0.174,4.118,0.088
Sports_1080P-46ed,1920,1080,2.623,0.497,12.383,0.147
Sports_1080P-47e9,1920,1080,1.087,0.143,9.728,0.307
Sports_1080P-4978,1920,1080,1.742,0.104,0.603,0.076
Sports_1080P-49c5,1920,1080,0.335,0.373,1.217,0.073
Sports_1080P-4e05,1920,1080,2.400,0.666,6.433,0.132
Sports_1080P-53a0,1920,1080,2.805,0.632,11.721,0.181
Sports_1080P-5d25,1920,1080,3.072,0.655,12.538,0.173
Sports_1080P-6571,1920,1080,1.209,0.412,1.758,0.240
Sports_1080P-6710,1920,1080,1.433,0.205,5.045,0.094
Sports_1080P-679d,1920,1080,0.893,0.377,5.007,0.344
Sports_1080P-7203,1920,1080,1.328,0.780,1.272,0.059
Sports_1080P-7584,1920,1080,1.187,0.605,2.385,0.087
Sports_1080P-76a2,1920,1080,1.142,0.328,1.813,0.128
Sports_1080P-78fa,1920,1080,2.468,0.458,3.416,0.420
Sports_1080P-7b51,1920,1080,3.432,0.681,13.859,0.287
Sports_1080P-7dba,1440,1080,2.594,0.244,6.604,0.181
Sports_2160P-0455,3840,2160,1.789,0.368,2.071,0.072
Sports_2160P-086d,3840,2160,0.892,0.528,0.311,0.178
Sports_2160P-1261,3840,2160,0.646,0.273,0.676,0.093
Sports_2160P-1733,3840,2160,0.745,0.271,4.884,0.262
Sports_2160P-1b70,3840,2160,1.121,0.337,0.686,0.385
Sports_2160P-1ddc,3840,2160,0.529,0.390,1.261,0.073
Sports_2160P-210c,3840,2160,2.290,0.168,0.579,0.169
Sports_2160P-2568,3840,2160,0.552,0.346,2.078,0.173
Sports_2160P-2626,3840,2160,0.812,0.640,0.470,0.399
Sports_2160P-279f,3840,2160,0.795,0.134,0.217,0.235
Sports_2160P-2a83,3840,2160,1.230,0.298,0.301,0.174
Sports_2160P-2e1d,3840,2160,0.924,0.617,5.603,0.373
Sports_2160P-2eda,3840,2160,2.110,0.159,0.682,0.091
Sports_2160P-300d,3840,2160,0.300,0.707,1.175,0.067
Sports_2160P-324e,3840,2160,1.063,0.333,1.810,0.094
Sports_2160P-349c,3840,2160,1.066,0.634,1.441,0.201
Sports_2160P-3794,3840,2160,1.124,0.901,1.412,0.242
Sports_2160P-391a,3840,2160,2.202,0.199,1.461,0.074
Sports_2160P-3a9a,3840,2160,0.821,0.597,4.967,0.472
Sports_2160P-3d85,3840,2160,2.060,0.350,5.938,0.218
Sports_2160P-4024,3840,2160,0.659,0.640,1.808,0.176
Sports_2160P-4201,3840,2160,0.150,0.665,1.481,0.074
Sports_2160P-49f1,3840,2160,1.019,0.311,4.807,0.287
Sports_2160P-4aae,3840,2160,0.675,0.300,0.139,0.093
Sports_2160P-4e9f,3840,2160,2.242,0.251,1.259,0.177
Sports_2160P-5ef3,3840,2160,2.169,0.377,0.776,0.264
Sports_2160P-69b9,3840,2160,0.431,0.340,0.195,0.379
Sports_2160P-6b28,3840,2160,0.520,0.140,0.252,0.662
Sports_2160P-7165,3840,2160,1.333,0.247,0.767,0.058
Sports_2160P-7a11,3840,2160,2.369,0.344,2.208,0.135
Sports_2160P-7af7,3840,2160,1.072,0.414,0.227,0.560
Sports_2160P-7af8,3840,2160,0.508,0.621,0.897,0.430
Sports_2160P-7bbe,3840,2160,2.102,0.357,0.307,0.179
Sports_360P-02c3,640,360,1.870,0.160,1.311,0.184
Sports_360P-0c66,720,360,2.776,0.181,4.425,0.178
Sports_360P-0dda,768,432,2.002,0.332,6.688,0.262
Sports_360P-11b7,480,360,0.968,0.343,4.386,0.000
Sports_360P-1803,720,400,1.150,0.359,7.937,0.190
Sports_360P-1d5c,640,360,2.882,0.307,16.533,0.143
Sports_360P-2725,640,352,1.204,0.538,1.996,0.346
Sports_360P-27b0,640,352,1.998,0.215,1.624,0.156
Sports_360P-2ace,720,412,1.202,0.402,6.417,0.288
Sports_360P-2e48,512,384,1.239,0.624,4.082,0.307
Sports_360P-301d,720,400,2.574,0.410,17.187,0.164
Sports_360P-32d3,640,352,3.087,0.419,7.356,0.485
Sports_360P-3960,480,360,1.061,0.308,2.242,0.252
Sports_360P-3e68,640,360,0.730,0.319,1.210,0.000
Sports_360P-4545,624,464,1.079,0.412,7.785,0.177
Sports_360P-4802,628,468,1.221,0.560,5.246,0.192
Sports_360P-4ad7,632,468,0.926,0.519,6.026,0.196
Sports_360P-50fd,718,366,2.967,0.543,10.050,0.581
Sports_360P-5252,624,464,0.933,0.414,4.008,0.213
Sports_360P-5ded,684,384,3.135,0.098,0.926,0.003
Sports_360P-61f6,720,400,2.606,0.060,2.912,0.259
Sports_360P-65f3,360,360,2.971,0.130,3.675,0.088
Sports_360P-6b4f,720,406,3.086,0.265,4.210,0.329
Sports_360P-6c6f,480,360,3.418,0.240,3.519,0.569
Sports_360P-6f62,640,360,1.412,0.276,0.664,0.386
Sports_360P-7f50,624,464,2.298,0.430,9.103,0.137
Sports_480P-0623,720,576,2.868,0.666,14.050,0.425
Sports_480P-0827,720,576,1.781,0.672,1.745,0.092
Sports_480P-0af9,640,480,1.904,0.025,0.523,0.157
Sports_480P-0bb9,720,576,1.237,0.585,8.146,0.399
Sports_480P-0efe,848,480,1.703,0.441,2.766,0.094
Sports_480P-1019,768,576,0.640,0.640,8.481,0.015
Sports_480P-1056,720,576,2.883,0.553,13.768,0.121
Sports_480P-11ec,720,480,0.795,0.682,1.839,0.000
Sports_480P-1396,720,576,1.121,0.655,11.618,0.043
Sports_480P-19e4,854,480,2.786,0.176,7.268,0.150
Sports_480P-1d1b,768,576,2.636,0.778,8.679,0.000
Sports_480P-1fe9,720,480,3.206,0.553,6.742,0.415
Sports_480P-2053,720,576,1.252,0.328,13.465,0.305
Sports_480P-211f,352,480,2.975,0.222,6.333,0.542
Sports_480P-2dfe,720,576,0.992,0.367,1.331,0.179
Sports_480P-3195,720,576,2.402,0.454,25.251,0.192
Sports_480P-3404,854,480,1.161,0.099,0.345,0.185
Sports_480P-35ea,720,480,2.901,0.378,7.810,0.579
Sports_480P-3ca4,720,576,3.143,0.738,7.118,0.000
Sports_480P-3dfd,640,480,0.744,0.148,0.985,0.093
Sports_480P-3f50,960,540,2.273,0.315,10.852,0.283
Sports_480P-41a5,854,480,2.815,0.728,20.017,0.168
Sports_480P-44e5,720,576,3.457,0.699,16.666,0.399
Sports_480P-4cf8,720,576,2.945,0.824,7.151,0.183
Sports_480P-5224,640,480,0.800,0.795,2.207,0.547
Sports_480P-5871,640,480,1.368,0.517,4.154,0.488
Sports_480P-5f38,360,640,0.655,0.084,0.241,0.192
Sports_480P-6508,720,576,1.593,0.695,3.601,0.085
Sports_480P-6e41,720,576,1.752,0.397,3.968,0.392
Sports_480P-77e3,720,480,2.572,0.292,7.375,0.456
Sports_480P-7f7e,720,576,0.748,0.462,1.239,0.196
Sports_720P-00a1,1280,960,2.511,0.700,3.109,0.114
Sports_720P-0104,1280,720,3.014,0.139,4.674,0.162
Sports_720P-058f,1280,720,2.882,0.625,11.062,0.254
Sports_720P-07d0,1280,720,1.022,0.037,0.296,0.156
Sports_720P-0b9e,1280,720,3.117,0.607,11.316,0.219
Sports_720P-17fb,1280,720,1.352,0.762,8.807,0.121
Sports_720P-2191,1280,720,1.031,0.425,2.377,0.099
Sports_720P-2234,1280,720,1.995,0.240,8.480,0.226
Sports_720P-2632,1280,720,1.553,0.555,12.375,0.070
Sports_720P-2c06,1280,720,1.740,0.356,10.846,0.183
Sports_720P-2c80,1280,720,2.947,0.415,4.429,0.286
Sports_720P-3072,1280,720,0.920,0.708,2.035,0.376
Sports_720P-3338,1280,720,1.308,0.296,0.440,0.327
Sports_720P-33c6,1280,720,1.001,0.684,0.157,0.255
Sports_720P-38a1,1280,720,1.028,0.298,4.121,0.046
Sports_720P-3eb4,1280,720,0.813,0.065,0.164,0.168
Sports_720P-3ffe,1280,720,1.358,0.624,8.423,0.194
Sports_720P-4b69,1280,720,3.523,0.187,1.547,0.205
Sports_720P-4c6f,1280,720,1.204,0.255,9.249,0.206
Sports_720P-50cf,1280,720,2.829,0.567,1.469,0.414
Sports_720P-531c,1280,720,1.766,0.167,1.049,0.171
Sports_720P-5833,1280,720,1.075,0.334,4.737,0.511
Sports_720P-5ae1,1280,720,2.539,0.135,0.143,0.463
Sports_720P-5bfd,1280,960,0.814,0.302,3.420,0.294
Sports_720P-5e39,1280,720,1.456,0.133,0.423,0.092
Sports_720P-5ea4,1280,720,3.020,0.481,11.973,0.185
Sports_720P-62ba,1280,720,1.236,0.366,0.472,0.470
Sports_720P-6365,1280,720,2.446,0.597,5.946,0.185
Sports_720P-675b,1280,720,1.094,0.680,1.187,0.089
Sports_720P-69a0,1280,720,1.007,0.370,0.806,0.185
Sports_720P-6bb7,1280,720,0.812,0.473,1.895,0.125
Sports_720P-6d04,1280,720,2.884,0.473,5.336,0.507
Sports_720P-7ba7,1280,720,2.399,0.325,0.614,0.419
TelevisionClip_1080P-0604,1920,1080,2.261,0.549,5.950,0.348
TelevisionClip_1080P-3758,1920,1080,0.694,0.368,0.692,0.302
TelevisionClip_1080P-39e3,1440,1080,1.539,0.312,1.643,0.158
TelevisionClip_1080P-3b9b,1920,1080,2.749,0.024,1.312,0.191
TelevisionClip_1080P-3d10,1920,1080,1.040,0.059,1.280,0.075
TelevisionClip_1080P-3d83,1920,1080,0.329,0.487,0.533,0.077
TelevisionClip_1080P-3e42,1440,1080,0.140,0.719,0.836,0.353
TelevisionClip_1080P-401e,1920,1080,0.747,0.167,1.454,0.230
TelevisionClip_1080P-4c24,1920,1080,2.413,0.269,1.185,0.186
TelevisionClip_1080P-4c94,1920,1080,0.299,0.532,0.909,0.078
TelevisionClip_1080P-525d,1920,1080,1.987,0.358,11.398,0.308
TelevisionClip_1080P-5278,1920,1080,1.105,0.248,0.872,0.500
TelevisionClip_1080P-5e68,1920,1080,1.873,0.207,9.471,0.266
TelevisionClip_1080P-6026,1920,1080,0.698,0.168,0.899,0.418
TelevisionClip_1080P-6282,1920,1080,0.740,0.175,0.574,0.160
TelevisionClip_1080P-63e6,1920,1080,1.366,0.177,2.328,0.187
TelevisionClip_1080P-64e2,1920,1080,0.559,0.238,1.229,0.000
TelevisionClip_1080P-68c6,1920,1080,1.948,0.450,11.912,0.142
TelevisionClip_1080P-7eff,1920,1080,1.067,0.538,1.306,0.341
TelevisionClip_360P-0951,642,360,0.960,0.072,0.519,0.499
TelevisionClip_360P-11d5,540,360,2.138,0.156,4.531,0.189
TelevisionClip_360P-29f1,480,360,1.730,0.052,2.358,0.184
TelevisionClip_360P-3b9a,480,360,2.679,0.146,5.186,0.243
TelevisionClip_360P-74dd,640,360,1.576,0.176,4.311,0.376
TelevisionClip_360P-7b23,640,360,1.800,0.177,3.492,0.189
TelevisionClip_480P-09d8,640,480,1.291,0.384,0.408,0.611
TelevisionClip_480P-0d89,720,480,2.508,0.346,4.178,0.291
TelevisionClip_480P-0e46,640,480,2.063,0.806,0.957,0.888
TelevisionClip_480P-19d3,854,480,2.594,0.219,3.334,0.216
TelevisionClip_480P-1b49,640,480,2.788,0.416,1.049,0.629
TelevisionClip_480P-27ca,640,480,1.396,0.737,4.608,0.286
TelevisionClip_480P-280f,854,480,1.495,0.021,0.580,0.150
TelevisionClip_480P-2ead,722,480,0.928,0.344,1.317,0.001
TelevisionClip_480P-30b6,640,480,0.442,0.433,5.470,0.160
TelevisionClip_480P-3284,656,480,0.894,0.210,0.496,0.458
TelevisionClip_480P-3617,848,480,1.117,0.797,3.308,0.414
TelevisionClip_480P-373d,720,480,2.438,0.096,3.024,0.758
TelevisionClip_480P-3c64,640,480,0.757,0.275,5.379,0.617
TelevisionClip_480P-415c,720,480,1.104,0.089,1.177,0.625
TelevisionClip_480P-436c,368,480,1.299,0.185,1.511,0.051
TelevisionClip_480P-4c6b,720,480,1.145,0.119,0.655,0.156
TelevisionClip_480P-59f0,640,480,1.316,0.168,9.204,0.572
TelevisionClip_480P-723e,640,480,1.151,0.409,6.300,0.549
TelevisionClip_720P-1862,1280,720,1.164,0.066,0.874,0.000
TelevisionClip_720P-19de,1280,720,2.117,0.221,5.808,0.745
TelevisionClip_720P-1b61,1280,720,1.785,0.021,0.250,0.066
TelevisionClip_720P-2b20,1280,720,0.361,0.480,5.011,0.367
TelevisionClip_720P-31ce,1280,720,1.801,0.224,6.139,0.473
TelevisionClip_720P-3f4c,1280,720,0.630,0.464,2.556,0.075
TelevisionClip_720P-44d1,1280,720,1.208,0.076,0.164,0.667
TelevisionClip_720P-4af1,1280,720,0.685,0.354,3.675,0.150
TelevisionClip_720P-4edb,1280,720,0.767,0.313,1.690,0.573
TelevisionClip_720P-522a,1280,720,0.684,0.131,0.571,0.231
TelevisionClip_720P-5e93,1280,720,0.689,0.104,0.704,0.189
TelevisionClip_720P-7c06,1280,720,1.952,0.041,0.510,0.084
VR_1080P-0427,1920,960,1.154,0.096,0.272,0.253
VR_1080P-04fc,1920,960,1.060,0.526,5.049,0.151
VR_1080P-050c,1920,960,1.804,0.455,4.891,0.365
VR_1080P-0519,1920,960,1.803,0.307,0.634,0.193
VR_1080P-052d,1920,960,0.513,0.362,2.038,0.176
VR_1080P-0597,2048,1024,2.799,0.139,0.398,0.490
VR_1080P-08f0,2160,1080,1.081,0.423,3.825,0.217
VR_1080P-0f2c,1920,960,1.443,0.349,7.878,0.173
VR_1080P-1010,2048,1024,0.777,0.262,0.232,0.619
VR_1080P-1a9c,1920,1080,0.819,0.286,0.734,0.326
VR_1080P-1d16,1920,1080,1.661,0.602,0.621,0.513
VR_1080P-2831,1920,1080,0.612,0.597,1.004,0.268
VR_1080P-292f,1920,960,1.371,0.327,1.495,0.039
VR_1080P-2d91,1920,960,1.370,0.235,8.483,0.361
VR_1080P-2f02,1920,960,1.425,0.231,4.955,0.355
VR_1080P-313b,1920,960,1.462,0.280,0.540,0.208
VR_1080P-384e,1920,960,1.481,0.296,0.645,0.151
VR_1080P-38d6,1920,1080,0.706,0.517,4.036,0.252
VR_1080P-3958,2048,1024,1.355,0.297,9.424,0.426
VR_1080P-3b63,1920,1080,1.197,0.529,1.076,0.161
VR_1080P-3d5f,2048,1024,4.265,0.164,1.223,0.232
VR_1080P-3e1b,1920,960,1.867,0.518,1.662,0.384
VR_1080P-3f81,2048,1024,1.163,0.200,0.153,0.431
VR_1080P-43b2,1920,960,1.886,0.299,0.478,0.217
VR_1080P-4aeb,1920,1080,1.142,0.397,7.993,0.269
VR_1080P-4d74,1920,960,1.709,0.508,11.806,0.197
VR_1080P-506a,1920,960,1.082,0.133,0.322,0.060
VR_1080P-5667,1920,960,1.767,0.257,6.782,0.273
VR_1080P-6093,1920,960,0.695,0.324,0.165,0.178
VR_1080P-6261,1920,960,1.113,0.564,2.352,0.133
VR_1080P-6501,1920,960,0.965,0.694,4.795,0.465
VR_1080P-6cc4,2048,1024,1.406,0.576,5.864,0.568
VR_1080P-7067,1920,1080,1.326,0.055,0.290,0.024
VR_1080P-76a2,1920,1080,0.812,0.543,2.029,0.383
VR_1080P-77eb,1920,1080,0.820,0.717,0.773,0.097
VR_1080P-7abd,1920,960,2.403,0.542,4.453,0.295
VR_2160P-05a6,3840,2160,1.250,0.576,2.109,0.264
VR_2160P-097e,3840,2160,2.132,0.248,7.780,0.752
VR_2160P-0ba9,4096,2048,0.276,0.380,0.575,0.386
VR_2160P-0e03,4096,2048,0.281,0.316,0.107,0.000
VR_2160P-0edf,3840,2160,0.492,0.522,1.121,0.067
VR_2160P-12ac,3840,2160,0.753,0.074,0.169,0.235
VR_2160P-1422,3840,1920,0.705,0.297,4.775,0.297
VR_2160P-1456,3840,2160,0.683,0.232,0.082,0.178
VR_2160P-1477,3840,2160,1.285,0.360,4.259,0.187
VR_2160P-1546,3840,2160,1.836,0.282,4.236,0.187
VR_2160P-176f,3840,1920,2.178,0.321,1.047,0.216
VR_2160P-1c15,3840,2160,0.679,0.371,0.550,0.078
VR_2160P-2227,4096,2048,0.835,0.645,1.096,0.078
VR_2160P-29c3,4992,2496,0.779,0.320,5.552,0.160
VR_2160P-2dc9,4096,2048,0.591,0.089,0.735,0.080
VR_2160P-36ac,4992,2496,1.309,0.330,0.341,0.393
VR_2160P-3b3a,4096,2048,0.473,0.241,0.184,0.000
VR_2160P-40af,4096,2048,1.211,0.089,0.157,0.125
VR_2160P-42fa,4096,2048,0.476,0.489,3.895,0.412
VR_2160P-4656,4096,2048,2.252,0.500,4.484,0.264
VR_2160P-4725,3840,1920,1.140,0.438,0.946,0.193
VR_2160P-5489,3840,1920,2.342,0.173,0.307,0.210
VR_2160P-5726,3840,2160,1.417,0.404,0.289,0.188
VR_2160P-5c23,4096,2048,1.058,0.298,0.609,0.091
VR_2160P-5e5d,3840,1920,0.327,0.119,0.023,0.312
VR_2160P-613e,3840,1920,2.545,0.194,1.739,0.194
VR_2160P-6567,3840,2160,2.346,0.132,0.353,0.109
VR_2160P-674b,4096,2048,2.343,0.094,0.312,0.226
VR_2160P-6d4f,3840,2160,1.995,0.135,0.403,0.067
VR_2160P-6d71,4096,2048,1.549,0.360,3.189,0.444
VR_2160P-779d,4096,2048,1.076,0.038,0.101,0.105
VR_2160P-7874,4096,2048,2.249,0.523,8.817,0.548
VR_2160P-7947,3840,1920,0.986,0.095,0.190,0.168
VR_2160P-7977,3840,1920,0.771,0.564,10.511,0.179
VR_2160P-7eab,3840,1920,0.696,0.247,0.520,0.097
VR_720P-00d2,1440,720,1.688,0.317,0.654,0.218
VR_720P-063e,1280,720,0.618,0.598,1.626,0.268
VR_720P-0641,1440,720,1.575,0.086,0.333,0.110
VR_720P-09ae,1280,720,0.842,0.070,0.287,0.572
VR_720P-1b9a,1280,720,0.997,0.186,0.274,0.176
VR_720P-1dd7,1280,720,0.885,0.681,3.515,0.729
VR_720P-23a9,1280,720,1.833,0.582,9.212,0.493
VR_720P-32ed,1280,640,0.882,0.312,0.562,0.191
VR_720P-3386,1280,640,1.214,0.201,3.869,0.210
VR_720P-339f,1280,640,0.924,0.382,3.825,0.198
VR_720P-364f,1280,720,3.121,0.036,0.536,0.165
VR_720P-380e,1440,720,2.154,0.573,3.834,0.305
VR_720P-403e,1280,640,1.460,0.123,2.713,0.176
VR_720P-43fc,1280,720,1.310,0.222,4.189,0.142
VR_720P-448a,1280,640,1.432,0.057,0.260,0.643
VR_720P-557f,1280,720,0.863,0.416,1.439,0.783
VR_720P-748e,1280,720,0.730,0.070,0.511,0.091
VR_720P-7f3e,1280,640,2.118,0.538,4.599,0.218
VerticalVideo_1080P-04d4,1920,1080,1.037,0.293,0.759,0.113
VerticalVideo_1080P-1105,1920,1080,0.665,0.720,6.557,0.349
VerticalVideo_1080P-1ac1,1920,1080,0.665,0.625,1.303,0.284
VerticalVideo_1080P-1c86,1920,1080,0.163,0.899,0.348,0.005
VerticalVideo_1080P-2195,1088,1920,0.780,0.678,8.809,0.595
VerticalVideo_1080P-2f00,1920,1080,0.824,0.275,0.647,0.126
VerticalVideo_1080P-30b0,1920,1088,2.120,0.568,10.436,0.187
VerticalVideo_1080P-34ba,1080,1920,1.241,0.375,0.919,0.630
VerticalVideo_1080P-360f,1080,2220,1.197,0.049,0.353,0.637
VerticalVideo_1080P-3709,1920,1080,1.164,0.402,2.156,0.116
VerticalVideo_1080P-3a9b,1080,1920,1.130,0.143,4.847,0.602
VerticalVideo_1080P-3d96,1920,1080,1.079,0.247,0.274,0.146
VerticalVideo_1080P-4591,1920,1080,0.356,0.788,0.998,0.137
VerticalVideo_1080P-4925,1920,1080,1.320,0.484,10.099,0.228
VerticalVideo_1080P-4b92,1920,1080,1.777,0.223,0.243,0.136
VerticalVideo_1080P-4da5,1440,2560,0.586,0.164,1.921,0.058
VerticalVideo_1080P-6e19,1088,1920,2.233,0.357,2.049,0.137
VerticalVideo_1080P-73b6,1920,1080,1.601,0.492,5.322,0.276
VerticalVideo_1080P-766b,1920,1080,0.200,0.440,0.109,0.476
VerticalVideo_1080P-7c5c,1920,1080,1.837,0.356,1.971,0.165
VerticalVideo_1080P-7cf3,1080,1920,0.386,0.349,0.216,0.306
VerticalVideo_2160P-6d62,3840,2160,0.315,0.729,0.428,0.224
VerticalVideo_360P-0d29,640,480,0.234,0.413,0.456,0.553
VerticalVideo_360P-1424,480,800,2.688,0.131,0.694,0.172
VerticalVideo_360P-145e,640,480,1.489,0.649,9.095,0.104
VerticalVideo_360P-2bb0,480,720,0.571,0.444,2.036,0.138
VerticalVideo_360P-2fa3,540,720,3.308,0.024,0.579,0.634
VerticalVideo_360P-3936,270,480,1.156,0.397,2.412,0.226
VerticalVideo_360P-3b4e,640,480,1.498,0.578,5.032,0.389
VerticalVideo_360P-42f1,406,720,1.901,0.402,2.048,0.093
VerticalVideo_360P-49de,640,480,3.371,0.562,20.974,0.230
VerticalVideo_360P-52c1,202,360,2.930,0.416,6.020,0.110
VerticalVideo_360P-5429,352,640,2.031,0.234,1.784,0.140
VerticalVideo_360P-54f7,480,800,2.084,0.088,1.553,0.631
VerticalVideo_360P-579c,600,600,1.227,0.098,8.024,0.726
VerticalVideo_360P-634f,432,768,1.866,0.309,1.236,0.733
VerticalVideo_360P-6490,720,480,0.959,0.251,1.553,0.160
VerticalVideo_360P-694d,640,480,0.963,0.158,0.340,0.390
VerticalVideo_360P-6ff2,640,480,1.657,0.579,4.909,0.482
VerticalVideo_360P-70a9,480,720,1.276,0.616,7.998,0.319
VerticalVideo_360P-7ba8,720,720,2.084,0.544,5.583,0.044
VerticalVideo_360P-7ec3,406,720,2.785,0.094,2.287,0.690
VerticalVideo_480P-1bb9,768,1024,1.258,0.047,0.894,0.120
VerticalVideo_480P-2aa1,608,1080,1.432,0.285,1.053,0.224
VerticalVideo_480P-2fa4,608,1080,0.834,0.204,0.676,0.380
VerticalVideo_480P-34b9,480,856,0.574,0.324,0.219,0.168
VerticalVideo_480P-3a6a,480,854,2.261,0.559,2.109,0.537
VerticalVideo_480P-419c,848,480,1.169,0.303,0.526,0.743
VerticalVideo_480P-467e,480,854,0.466,0.726,1.798,0.489
VerticalVideo_480P-5168,640,1136,3.431,0.688,3.495,0.474
VerticalVideo_480P-51b7,608,1080,0.543,0.160,1.252,0.134
VerticalVideo_480P-550d,608,1080,0.567,0.124,1.602,0.461
VerticalVideo_480P-572a,480,856,0.585,0.307,0.156,0.173
VerticalVideo_480P-7278,1088,612,0.266,0.579,0.384,0.619
VerticalVideo_480P-729c,1080,1080,0.164,0.068,0.255,0.083
VerticalVideo_480P-790a,720,1080,0.293,0.030,0.568,0.122
VerticalVideo_720P-0750,1280,720,0.939,0.550,3.782,0.220
VerticalVideo_720P-0dac,720,1280,0.417,0.128,0.456,0.543
VerticalVideo_720P-0f61,740,1324,0.484,0.247,4.395,0.304
VerticalVideo_720P-19fa,1280,720,2.020,0.351,2.809,0.208
VerticalVideo_720P-1ada,1280,720,0.684,0.553,0.982,0.079
VerticalVideo_720P-2efc,720,1280,0.824,0.635,4.322,0.418
VerticalVideo_720P-3df7,1280,720,1.058,0.639,3.943,0.290
VerticalVideo_720P-42f2,1280,720,0.703,0.625,4.940,0.271
VerticalVideo_720P-44de,720,1280,1.412,0.112,0.536,0.741
VerticalVideo_720P-456c,720,1280,1.020,0.396,3.751,0.644
VerticalVideo_720P-4730,1280,720,1.488,0.152,3.279,0.171
VerticalVideo_720P-4ca7,748,1332,0.724,0.172,3.530,0.221
VerticalVideo_720P-57eb,720,1280,1.448,0.492,9.658,0.152
VerticalVideo_720P-6580,720,1280,0.412,0.219,0.271,0.000
VerticalVideo_720P-665d,1280,720,2.509,0.230,1.494,0.224
VerticalVideo_720P-669d,720,1280,0.283,0.049,0.462,0.125
VerticalVideo_720P-6bf7,1280,720,2.197,0.515,11.247,0.244
VerticalVideo_720P-7517,750,1334,1.136,0.298,4.648,0.493
VerticalVideo_720P-7859,720,1280,0.628,0.511,1.893,0.120
VerticalVideo_720P-7c1d,720,1280,0.326,0.112,1.709,0.093
Vlog_1080P-010b,1920,1080,2.003,0.352,10.362,0.099
Vlog_1080P-04fe,1920,1080,0.528,0.768,9.259,0.094
Vlog_1080P-1609,1920,1080,0.442,1.025,6.529,0.171
Vlog_1080P-18da,1920,1080,2.750,0.385,26.126,0.411
Vlog_1080P-19bb,1920,1080,0.657,0.864,4.663,0.027
Vlog_1080P-19cc,1440,1080,2.393,0.473,8.838,0.100
Vlog_1080P-1a53,1920,1080,2.501,0.307,5.842,0.093
Vlog_1080P-1df9,1920,1080,1.205,0.275,2.581,0.207
Vlog_1080P-1e70,1920,1080,0.134,0.963,0.593,0.142
Vlog_1080P-1f0a,1920,1080,0.456,0.413,9.389,0.034
Vlog_1080P-21f5,1920,1080,1.246,0.932,12.347,0.188
Vlog_1080P-232f,1920,1080,0.281,1.057,2.665,0.033
Vlog_1080P-2394,1920,1080,2.655,0.106,1.141,0.326
Vlog_1080P-23cb,1920,1080,1.655,0.822,20.218,0.199
Vlog_1080P-25de,1920,1080,0.212,0.818,0.904,0.215
Vlog_1080P-2600,1920,1080,1.143,0.593,0.791,0.084
Vlog_1080P-26dc,1920,1080,1.967,0.813,19.006,0.402
Vlog_1080P-2cda,1920,1080,1.195,0.401,9.608,0.228
Vlog_1080P-322f,1920,1080,2.106,0.484,11.045,0.272
Vlog_1080P-34cb,1920,1080,2.389,0.718,38.626,0.147
Vlog_1080P-35cd,1920,1080,0.393,0.836,0.749,0.410
Vlog_1080P-3744,1920,1080,0.399,0.504,7.020,0.076
Vlog_1080P-37cf,1920,1080,0.456,1.228,1.350,0.335
Vlog_1080P-45c9,1920,1080,0.281,0.888,0.596,0.059
Vlog_1080P-4921,1920,1080,1.755,0.837,18.357,0.347
Vlog_1080P-4a91,1920,1080,2.869,0.464,8.730,0.010
Vlog_1080P-4ba9,1920,1080,0.281,0.516,13.263,0.061
Vlog_1080P-4f26,1920,1080,0.501,0.544,5.187,0.262
Vlog_1080P-52fe,1920,1080,1.109,0.584,2.606,0.465
Vlog_1080P-58ad,1920,1080,0.193,0.971,1.403,0.086
Vlog_1080P-5904,1920,1080,1.372,0.317,7.323,0.176
Vlog_1080P-5a19,1920,1080,0.788,0.711,12.225,0.289
Vlog_1080P-5c65,1920,1080,0.193,0.264,0.394,0.060
Vlog_1080P-5f28,1920,1080,1.419,0.703,40.490,0.104
Vlog_1080P-62fc,1920,1080,2.930,0.352,2.116,0.089
Vlog_1080P-634b,1920,1080,0.675,0.623,5.680,0.086
Vlog_1080P-64b6,1088,1088,1.567,0.558,8.092,0.193
Vlog_1080P-6686,1920,1080,3.322,0.810,20.427,0.887
Vlog_1080P-687a,1920,1080,0.774,0.883,18.299,0.384
Vlog_1080P-7062,1920,1080,1.129,0.647,3.686,0.091
Vlog_1080P-75b0,1920,1080,0.474,0.860,9.024,0.331
Vlog_1080P-7b67,1920,1080,1.150,0.421,5.645,0.152
Vlog_1080P-7e8c,1920,1080,0.802,0.868,8.568,0.058
Vlog_2160P-0289,3840,2160,0.763,0.240,7.198,0.387
Vlog_2160P-030a,3840,2160,0.935,0.710,9.807,0.376
Vlog_2160P-03a9,3840,2160,0.525,0.354,5.920,0.392
Vlog_2160P-0577,3840,2160,1.816,0.424,16.594,0.146
Vlog_2160P-059c,3840,2160,0.400,0.489,6.056,0.211
Vlog_2160P-09c9,3840,2160,2.203,0.533,20.736,0.112
Vlog_2160P-0fb2,3840,2160,1.694,0.537,4.692,0.251
Vlog_2160P-1021,3840,2160,0.805,0.468,6.483,0.605
Vlog_2160P-11c0,3840,2160,0.291,0.767,2.247,0.190
Vlog_2160P-13a1,3840,2160,0.331,0.769,3.921,0.074
Vlog_2160P-13fe,3840,2160,1.240,0.363,5.480,0.213
Vlog_2160P-19f9,3840,2160,1.025,0.349,2.273,0.056
Vlog_2160P-1ff6,3840,2160,0.444,0.783,4.002,0.126
Vlog_2160P-217c,3840,2160,0.521,0.644,9.142,0.426
Vlog_2160P-255c,3840,2160,0.688,0.087,3.458,0.132
Vlog_2160P-266c,5120,2160,0.366,0.487,5.019,0.752
Vlog_2160P-26ef,5120,2160,0.343,0.684,4.881,0.729
Vlog_2160P-2953,3840,2160,0.622,0.758,3.616,0.093
Vlog_2160P-2b2d,3840,2160,0.658,0.585,5.689,0.321
Vlog_2160P-2b61,5120,2160,0.258,0.359,5.290,0.752
Vlog_2160P-3019,3840,2160,0.865,0.377,0.508,0.524
Vlog_2160P-310b,3840,2160,2.025,0.341,5.651,0.171
Vlog_2160P-327a,3840,2160,0.295,0.781,6.300,0.555
Vlog_2160P-342a,3840,2160,1.095,0.315,1.644,0.213
Vlog_2160P-3a75,3840,2160,0.437,0.588,2.039,0.162
Vlog_2160P-408f,3840,2160,0.961,0.243,1.224,0.138
Vlog_2160P-416c,3840,2160,0.256,0.751,3.052,0.197
Vlog_2160P-4362,3840,2160,0.880,0.446,7.340,0.186
Vlog_2160P-4419,3840,2160,0.864,0.595,5.438,0.170
Vlog_2160P-4655,3840,2160,0.604,0.565,8.681,0.187
Vlog_2160P-4f98,3840,2160,0.201,1.168,4.952,0.615
Vlog_2160P-522f,3840,2160,1.191,0.466,3.476,0.139
Vlog_2160P-56e4,3840,2160,1.051,0.513,11.795,0.400
Vlog_2160P-5874,3840,2160,0.883,0.680,3.802,0.345
Vlog_2160P-62b2,3840,2160,0.423,0.714,4.499,0.057
Vlog_2160P-6629,3840,2160,1.719,0.302,2.618,0.212
Vlog_2160P-6bf1,5120,2160,0.373,0.781,3.850,0.680
Vlog_2160P-6f92,3840,2160,0.490,0.622,5.155,0.076
Vlog_2160P-700c,3840,2160,1.389,0.494,5.791,0.233
Vlog_2160P-70d6,3840,2160,1.073,0.910,12.678,0.208
Vlog_2160P-7295,5120,2160,0.292,0.597,3.503,0.769
Vlog_2160P-7324,3840,2160,0.661,0.512,9.146,0.173
Vlog_2160P-77d8,3840,2160,0.558,0.602,5.062,0.055
Vlog_2160P-7b10,3840,2160,0.500,0.713,5.737,0.122
Vlog_2160P-7b5c,3840,2160,0.406,0.771,5.223,0.121
Vlog_2160P-7bfb,3840,2160,0.410,0.272,4.978,0.134
Vlog_2160P-7f05,3840,2160,0.584,0.769,13.536,0.322
Vlog_2160P-7f9f,5120,2160,0.289,0.605,6.519,0.900
Vlog_360P-0432,640,360,2.132,0.262,6.322,0.137
Vlog_360P-1e5b,640,360,2.029,0.285,3.287,0.184
Vlog_360P-22a0,640,360,1.131,0.525,7.190,0.158
Vlog_360P-2973,640,360,1.700,0.074,1.201,0.000
Vlog_360P-2e9d,640,360,1.444,0.073,0.467,0.416
Vlog_360P-3121,640,360,2.946,0.571,6.831,0.252
Vlog_360P-3bc2,640,360,1.241,0.623,1.734,0.186
Vlog_360P-433e,640,360,2.012,0.104,1.111,0.284
Vlog_360P-435d,640,360,0.795,0.200,0.689,0.564
Vlog_360P-4697,640,360,2.498,0.048,0.763,0.314
Vlog_360P-4795,640,360,0.750,0.547,2.646,0.365
Vlog_360P-4ad1,640,360,3.000,0.194,7.194,0.149
Vlog_360P-4d71,640,360,1.353,0.616,7.458,0.258
Vlog_360P-5f43,640,360,2.393,0.192,6.253,0.302
Vlog_360P-6279,640,360,1.740,0.473,6.445,0.191
Vlog_360P-7334,640,360,1.001,0.614,12.567,0.382
Vlog_360P-76ae,640,360,1.124,0.136,1.104,0.263
Vlog_360P-7efe,640,360,1.491,0.372,6.568,0.285
Vlog_480P-08c7,854,480,1.480,0.478,7.755,0.525
Vlog_480P-0980,720,480,0.339,0.069,0.786,0.078
Vlog_480P-0ddc,720,480,3.164,0.199,3.542,0.096
Vlog_480P-1b39,640,480,0.868,0.607,2.742,0.403
Vlog_480P-206f,640,480,1.553,0.766,4.050,0.370
Vlog_480P-279d,720,480,1.544,0.584,8.991,0.092
Vlog_480P-2cad,720,480,1.690,0.706,7.142,0.193
Vlog_480P-34ba,640,480,0.541,0.391,1.276,0.000
Vlog_480P-476b,854,480,3.026,0.198,1.331,0.386
Vlog_480P-4beb,640,480,3.201,0.564,1.639,0.265
Vlog_480P-5275,640,480,1.170,0.592,7.469,0.174
Vlog_480P-535d,720,480,0.644,0.300,1.407,0.301
Vlog_480P-59dc,640,480,1.494,0.753,1.216,0.599
Vlog_480P-5a31,720,480,2.787,0.792,9.850,0.311
Vlog_480P-5dfe,854,480,1.240,0.315,6.801,0.259
Vlog_480P-5e1c,640,480,4.209,0.001,0.421,0.000
Vlog_480P-5ebd,854,480,3.084,0.335,11.602,0.160
Vlog_480P-6395,640,480,2.596,0.339,3.549,0.081
Vlog_480P-6c60,640,480,0.669,0.380,2.789,0.794
Vlog_480P-7105,720,480,3.772,0.829,5.693,0.317
Vlog_480P-7237,854,480,2.585,0.273,6.191,0.165
Vlog_480P-7615,640,480,3.202,0.574,1.438,0.224
Vlog_480P-7754,854,480,0.916,0.466,0.907,0.093
Vlog_480P-7d0c,640,480,1.294,0.698,9.785,0.546
Vlog_480P-7ecf,720,480,2.951,0.779,9.177,0.193
Vlog_720P-033a,1280,720,2.166,0.227,6.092,0.155
Vlog_720P-03d5,1280,720,2.050,0.705,18.499,0.063
Vlog_720P-03f9,1280,720,2.997,0.254,3.647,0.070
Vlog_720P-0d79,1280,720,1.213,0.565,13.624,0.353
Vlog_720P-1003,1280,720,2.534,0.241,5.898,0.050
Vlog_720P-11c5,1280,720,1.427,0.279,4.442,0.069
Vlog_720P-135c,1280,720,2.857,0.228,20.579,0.197
Vlog_720P-141f,1280,720,0.157,0.805,1.132,0.012
Vlog_720P-155f,1280,720,1.195,0.683,3.871,0.196
Vlog_720P-2929,1280,720,4.410,0.442,18.440,0.186
Vlog_720P-313f,1280,720,1.197,0.267,6.148,0.085
Vlog_720P-329f,1280,720,2.220,0.470,2.457,0.186
Vlog_720P-32b2,1280,720,2.156,0.187,0.813,0.185
Vlog_720P-343d,1280,720,0.318,0.611,1.639,0.087
Vlog_720P-372d,1280,720,2.390,0.229,7.951,0.109
Vlog_720P-3e9c,1280,720,2.015,0.009,0.341,0.363
Vlog_720P-4e3d,1280,720,2.362,0.173,6.818,0.350
Vlog_720P-5364,1280,720,0.693,0.655,8.489,0.706
Vlog_720P-55b6,1280,720,2.542,0.241,0.699,0.090
Vlog_720P-561e,1280,720,2.188,0.034,1.128,0.390
Vlog_720P-5d08,732,720,4.128,0.285,2.126,0.248
Vlog_720P-60f8,1280,720,1.554,0.344,2.466,0.250
Vlog_720P-6410,1280,720,0.698,0.833,13.297,0.229
Vlog_720P-6d56,1280,720,1.074,0.428,11.794,0.415
