FILENAME,SLEEQ_DMOS,BANDING_DMOS,NOISE_DMOS
Animation_1080P-01b3,0,0.521,0
Animation_1080P-05f8,0.198,0.189,0.172
Animation_1080P-0c4f,0.003,0.094,0.047
Animation_1080P-0cdf,0.05,0.121,0.111
Animation_1080P-18f5,0.026,0.094,0
Animation_1080P-209f,0.905,0.094,[NULL]
Animation_1080P-21dd,0.09,0.094,0
Animation_1080P-2fbe,0,0.094,0
Animation_1080P-2fff,0.103,0.094,0.068
Animation_1080P-3d67,0,0.094,[NULL]
Animation_1080P-3dbf,0.102,0.096,0.113
Animation_1080P-3e01,0.207,0.094,0.159
Animation_1080P-4214,0.126,0.094,0
Animation_1080P-4be3,0.035,0.094,0
Animation_1080P-4ea8,0.056,0.167,0.467
Animation_1080P-5083,0,0.094,0
Animation_1080P-58d3,0,0.636,0.078
Animation_1080P-5dd8,0,0.475,0.039
Animation_1080P-646f,0.132,0.094,[NULL]
Animation_1080P-66ba,0,0.094,0
Animation_1080P-6a33,0.012,0.422,0
Animation_1080P-6ec0,0.02,0.319,0.091
Animation_1080P-7f27,0,0.094,0
Animation_2160P-41dc,0.008,0.104,0.094
Animation_2160P-6f3b,0.295,0.411,0
Animation_360P-08c9,0.03,0.228,0.103
Animation_360P-188f,0,0.441,0.009
Animation_360P-24d4,0,0.129,0.134
Animation_360P-3e40,0.015,0.349,0.147
Animation_360P-3e52,0.059,0.113,0.168
Animation_360P-47cc,0.209,0.094,[NULL]
Animation_360P-4b4c,0,0.094,0
Animation_360P-4edc,0.146,0.199,0
Animation_360P-5712,0.017,0.186,[NULL]
Animation_360P-5de0,0.041,0.187,0.086
Animation_360P-631c,0,0.391,0.148
Animation_360P-69e0,0.092,0.122,0.435
Animation_360P-7856,0,0.094,0
Animation_360P-794f,0,0.116,0.131
Animation_480P-046c,0.09,0.133,0.181
Animation_480P-0529,0,0.143,0.26
Animation_480P-073c,0.092,0.866,0.081
Animation_480P-087e,0,0.225,0.149
Animation_480P-08a5,0.062,0.111,0
Animation_480P-0d04,0,0.137,0
Animation_480P-1da7,0.045,0.119,0.098
Animation_480P-35ee,0,0.094,0
Animation_480P-3e06,0,0.094,0.045
Animation_480P-3fdf,0.008,0.094,0.188
Animation_480P-4b80,0,0.095,0.135
Animation_480P-4b86,0.014,0.127,0.002
Animation_480P-4e36,0,0.094,0
Animation_480P-52af,0.164,0.096,0.07
Animation_480P-66c0,0.044,0.189,0.219
Animation_480P-6e23,0,0.095,0
Animation_480P-6ef6,0,0.094,0
Animation_480P-6ff4,0.138,0.126,0.194
Animation_480P-70d4,0.058,0.287,0.107
Animation_480P-7114,0.005,0.095,0.569
Animation_480P-791b,0,0.097,0
Animation_480P-7a31,0.027,0.094,0.497
Animation_480P-7ef2,0.022,0.305,0.091
Animation_720P-0116,0,0.094,0
Animation_720P-01b3,0.041,0.164,0
Animation_720P-06a6,0,0.1,[NULL]
Animation_720P-0acc,0.215,0.094,0.281
Animation_720P-0c8f,0.17,0.355,1
Animation_720P-13b7,0,0.525,0
Animation_720P-1a6d,0.329,0.094,0.254
Animation_720P-2525,0,0.094,0.162
Animation_720P-26d2,0.075,0.094,0.031
Animation_720P-2abf,0,0.094,0.114
Animation_720P-3adc,0.332,0.094,0
Animation_720P-412a,0.078,0.442,0.115
Animation_720P-41cf,0,0.838,0.125
Animation_720P-41d6,0,0.095,0.114
Animation_720P-4268,0.019,0.094,0.045
Animation_720P-431c,0.031,0.482,0
Animation_720P-4b17,0,0.094,0.02
Animation_720P-57d9,0.006,0.095,0.306
Animation_720P-5bfc,0.038,0.095,0.201
Animation_720P-620f,0.023,0.156,0.118
Animation_720P-6372,0.125,0.268,0.231
Animation_720P-79ee,0.153,0.094,1
Animation_720P-7b29,0.002,0.189,0.131
Animation_720P-7e7d,0.038,0.095,0
Animation_720P-7ff2,0.285,0.098,0.098
CoverSong_1080P-0188,0,0.094,0
CoverSong_1080P-033d,0.08,0.094,0.122
CoverSong_1080P-0a86,0.056,0.117,0
CoverSong_1080P-0cdc,0.086,0.094,0.101
CoverSong_1080P-0f33,0.142,0.109,0.124
CoverSong_1080P-0f3a,0.062,0.094,0.052
CoverSong_1080P-1963,0.159,0.098,0.065
CoverSong_1080P-1b08,0,0.094,0.183
CoverSong_1080P-1b0c,0.052,0.11,0.135
CoverSong_1080P-2207,0.006,0.095,0.034
CoverSong_1080P-237f,0.111,0.135,0
CoverSong_1080P-3409,0,0.094,0
CoverSong_1080P-3499,0.263,0.094,0.165
CoverSong_1080P-3aac,0.176,0.094,0.224
CoverSong_1080P-3df8,0.002,0.094,0.111
CoverSong_1080P-4bad,0.11,0.094,0
CoverSong_1080P-5430,0.054,0.095,0
CoverSong_1080P-5456,0,0.095,0
CoverSong_1080P-5cae,0.269,0.373,0.099
CoverSong_1080P-5e69,0.285,0.094,0
CoverSong_1080P-5f92,0.069,0.094,0.086
CoverSong_1080P-6f26,0.062,0.197,0
CoverSong_360P-0a9d,0.067,0.094,0.273
CoverSong_360P-0aa2,0.364,0.096,0.28
CoverSong_360P-11f9,0.01,0.094,0.322
CoverSong_360P-13d2,0,0.094,0.23
CoverSong_360P-14b9,0.152,0.094,0.308
CoverSong_360P-1b2b,0.019,0.108,0.305
CoverSong_360P-2146,0.04,0.094,0.809
CoverSong_360P-2b4d,0,0.096,0.061
CoverSong_360P-3218,0.247,0.094,0.172
CoverSong_360P-4add,0.209,0.094,0.12
CoverSong_360P-53a6,0.053,0.094,0.114
CoverSong_360P-59d1,0.41,0.103,0.256
CoverSong_360P-5a24,0.041,0.095,0.163
CoverSong_360P-5d20,0.09,0.132,0.142
CoverSong_360P-67ec,0.017,0.111,0.391
CoverSong_360P-69ef,0.052,0.095,0.091
CoverSong_360P-6d6a,0.098,0.094,0
CoverSong_360P-6da7,0.031,0.095,0.451
CoverSong_480P-0170,0,0.094,0
CoverSong_480P-1019,0.021,0.094,0.128
CoverSong_480P-1109,0.139,0.203,0.168
CoverSong_480P-2142,0.099,0.099,0
CoverSong_480P-2207,0,0.094,0.171
CoverSong_480P-2711,0.035,0.11,0.172
CoverSong_480P-2d2c,0.011,0.094,0.284
CoverSong_480P-3076,0,0.094,0.95
CoverSong_480P-35e1,0.131,0.094,0.185
CoverSong_480P-3e4b,0,0.094,0
CoverSong_480P-3e92,0,0.094,0.074
CoverSong_480P-3f3b,0.004,0.094,0.294
CoverSong_480P-41a5,0.005,0.094,0
CoverSong_480P-4d34,0.202,0.094,0.141
CoverSong_480P-53f4,0,0.094,1
CoverSong_480P-59f2,0.003,0.094,0.173
CoverSong_480P-5b62,0.354,0.094,0.18
CoverSong_480P-60a6,0.186,0.126,0.134
CoverSong_480P-64d0,0,0.11,0
CoverSong_480P-6c3e,0.084,0.094,0.125
CoverSong_480P-6c50,0,0.094,0.846
CoverSong_480P-7443,0.073,0.094,0.31
CoverSong_480P-7f6d,0.02,0.115,0
CoverSong_720P-014c,1,0.094,0.117
CoverSong_720P-01a1,0.25,0.094,0.184
CoverSong_720P-0239,0.321,0.094,0.346
CoverSong_720P-05d6,0.018,0.124,0
CoverSong_720P-10f1,0,0.094,0.066
CoverSong_720P-1393,0.794,0.145,0.145
CoverSong_720P-2d05,0.703,0.094,[NULL]
CoverSong_720P-3dca,0.039,0.094,0.465
CoverSong_720P-4006,0.416,0.094,0.12
CoverSong_720P-449f,0,0.094,[NULL]
CoverSong_720P-5689,0,0.109,0.088
CoverSong_720P-5ba2,0.193,0.094,0.657
CoverSong_720P-60d3,0.004,0.094,0
CoverSong_720P-6626,0.073,0.098,0.114
CoverSong_720P-6ae4,0.058,0.094,0.142
CoverSong_720P-6b8c,0.82,0.094,[NULL]
CoverSong_720P-6d6a,0.018,0.094,0.176
CoverSong_720P-6d81,0.087,0.201,0.234
CoverSong_720P-7360,0.403,0.094,0.11
CoverSong_720P-7539,0.169,0.095,0
Gaming_1080P-0a5b,0.827,0.095,0
Gaming_1080P-0ce6,0,0.098,0
Gaming_1080P-0ef8,0.049,0.094,0.014
Gaming_1080P-12d4,0,0.094,0
Gaming_1080P-13e3,0.065,0.094,0
Gaming_1080P-1704,0.108,0.094,0.083
Gaming_1080P-173a,0.215,0.19,0.023
Gaming_1080P-190d,0.004,0.095,[NULL]
Gaming_1080P-2221,1,0.094,[NULL]
Gaming_1080P-223e,0.015,0.156,0.171
Gaming_1080P-26dc,0.065,0.097,0
Gaming_1080P-277c,0.054,0.094,0
Gaming_1080P-2927,0.053,0.116,0.106
Gaming_1080P-29b1,0.39,0.094,[NULL]
Gaming_1080P-2e97,0.141,0.137,0
Gaming_1080P-35fa,0.229,0.095,0.093
Gaming_1080P-3a9d,0,0.094,0
Gaming_1080P-3bf7,0.031,0.126,0.134
Gaming_1080P-3d58,0.039,0.094,0
Gaming_1080P-44c4,0.135,0.142,0.155
Gaming_1080P-45af,0.082,0.104,0.019
Gaming_1080P-45fc,0,0.094,0.098
Gaming_1080P-4865,0.105,0.095,0.089
Gaming_1080P-51fc,0.189,0.094,0.052
Gaming_1080P-55ac,0.077,0.094,0
Gaming_1080P-564e,0.117,0.095,0
Gaming_1080P-57ca,0.914,0.098,0.269
Gaming_1080P-58ba,0.099,0.119,0.076
Gaming_1080P-592a,0.015,0.095,0.021
Gaming_1080P-5ae7,0.027,0.188,0
Gaming_1080P-6530,0.16,0.095,0
Gaming_1080P-6578,0.011,0.094,0
Gaming_1080P-66d2,0.029,0.094,0
Gaming_1080P-698a,0,0.094,0
Gaming_1080P-6d53,0.064,0.094,0.154
Gaming_1080P-6db2,0.651,0.105,0.152
Gaming_1080P-6dc6,0.128,0.094,0.125
Gaming_1080P-6e45,0,0.094,0
Gaming_1080P-71a5,0.04,0.191,0.1
Gaming_1080P-72c8,0.121,0.094,0
Gaming_1080P-777b,0.004,0.096,0
Gaming_1080P-7a1e,0.249,0.102,0.035
Gaming_2160P-2436,0,0.095,0.077
Gaming_2160P-28de,0.201,0.1,0
Gaming_2160P-2b92,0.165,0.094,0
Gaming_2160P-2cb1,0.195,0.154,0
Gaming_2160P-2dc4,0.074,0.147,0.194
Gaming_2160P-3002,0.096,0.122,0
Gaming_2160P-31f6,0.045,0.411,0
Gaming_2160P-348d,0.088,0.094,0
Gaming_2160P-34a1,0.051,0.202,0
Gaming_2160P-387f,0.03,0.094,0
Gaming_2160P-3a25,0.051,0.242,0.05
Gaming_2160P-3aec,0.038,0.212,0
Gaming_2160P-3ce4,0.002,0.224,0
Gaming_2160P-4139,0.109,0.2,0
Gaming_2160P-416f,0.134,0.094,0
Gaming_2160P-4258,0.024,0.097,0.079
Gaming_2160P-5c33,0,0.095,0.04
Gaming_2160P-5c53,0.031,0.094,0.448
Gaming_2160P-673d,0.028,0.098,0.077
Gaming_2160P-67b0,0.075,0.099,0.002
Gaming_2160P-6bb6,0.087,0.193,0
Gaming_2160P-6cd8,0.029,0.379,0.083
Gaming_2160P-7e80,0.056,0.112,0
Gaming_2160P-7ff0,0.054,0.581,0.153
Gaming_360P-043e,0.097,0.094,0.377
Gaming_360P-0b98,0.121,0.112,0.011
Gaming_360P-187a,0,0.094,[NULL]
Gaming_360P-2141,0.672,0.094,0.281
Gaming_360P-215f,0.033,0.094,0.118
Gaming_360P-2164,0.24,0.094,0.316
Gaming_360P-21d2,0.465,0.095,0.326
Gaming_360P-2330,0.115,0.096,0.228
Gaming_360P-279f,0.006,0.098,0.082
Gaming_360P-2f99,0.015,0.094,0.448
Gaming_360P-3794,0.437,0.098,0.151
Gaming_360P-3a6b,0.142,0.094,0.14
Gaming_360P-3eb6,0.143,0.094,0.257
Gaming_360P-48b0,0.101,0.103,0.921
Gaming_360P-4f09,0.125,0.095,0.136
Gaming_360P-5635,0.072,0.509,0.125
Gaming_360P-56fe,0.045,0.112,0.206
Gaming_360P-586d,0.086,0.102,0.135
Gaming_360P-5e0f,0.108,0.094,0.104
Gaming_360P-6207,0.135,0.094,0.091
Gaming_360P-63e6,0.021,0.189,0.303
Gaming_360P-7007,0.14,0.095,0
Gaming_360P-73c7,0,0.097,0.045
Gaming_360P-7975,0.065,0.094,0.973
Gaming_360P-7acb,0.002,0.172,0
Gaming_480P-0109,0.109,0.105,0.09
Gaming_480P-062e,0.115,0.122,0.104
Gaming_480P-09ab,0,0.094,0
Gaming_480P-0a03,0.039,0.094,0.131
Gaming_480P-0a30,0.394,0.094,0.24
Gaming_480P-0d23,0.157,0.094,0.098
Gaming_480P-0dbc,0.633,0.094,0.213
Gaming_480P-14fc,0.147,0.098,0.098
Gaming_480P-1542,0.048,0.095,0.211
Gaming_480P-20ca,0.035,0.094,0.61
Gaming_480P-3a44,0.047,0.098,0.125
Gaming_480P-445b,0.149,0.095,0.151
Gaming_480P-4560,0.004,0.094,0.263
Gaming_480P-5a5a,0.144,0.139,0.123
Gaming_480P-61ee,0.883,0.094,[NULL]
Gaming_480P-626a,0.04,0.094,0.21
Gaming_480P-6491,0.478,0.094,0.167
Gaming_480P-6548,0.027,0.094,0.44
Gaming_480P-6a5a,0.107,0.094,0.006
Gaming_480P-6c92,0.172,0.432,0
Gaming_480P-6cdc,0.037,0.094,0.103
Gaming_480P-6d1e,0,0.096,[NULL]
Gaming_480P-6f4b,0.138,0.095,0.15
Gaming_480P-75f7,0.16,0.094,0
Gaming_480P-7893,0.08,0.094,0.212
Gaming_480P-7a08,0.81,0.094,0.1
Gaming_480P-7ccb,0.039,0.096,0.078
Gaming_480P-7e76,0.081,0.094,0.439
Gaming_720P-0fba,0,0.094,0.081
Gaming_720P-0fdb,0.05,0.107,0
Gaming_720P-1035,0.017,0.094,0
Gaming_720P-103a,0.034,0.094,0.087
Gaming_720P-1cbb,0.043,0.094,[NULL]
Gaming_720P-221d,0.083,0.094,0.382
Gaming_720P-25aa,0.079,0.095,0
Gaming_720P-2dbe,0.099,0.125,0.071
Gaming_720P-312f,0.158,0.095,0.209
Gaming_720P-324d,0.126,0.133,0
Gaming_720P-3524,0.114,0.114,0.064
Gaming_720P-40b2,0,0.094,0.125
Gaming_720P-469a,0.184,0.094,0.161
Gaming_720P-4813,0.024,0.094,0.09
Gaming_720P-493e,0.013,0.267,0.05
Gaming_720P-4cda,0,0.094,[NULL]
Gaming_720P-5973,0.102,0.095,0.026
Gaming_720P-5ba2,0.059,0.113,0.094
Gaming_720P-6403,0.246,0.097,0.121
Gaming_720P-64b0,0.076,0.094,0.166
Gaming_720P-6625,0.108,0.095,0.006
Gaming_720P-6658,0.302,0.118,0.168
Gaming_720P-6a45,0.008,0.094,0
Gaming_720P-7afd,0.05,0.095,0.979
HDR_1080P-0d31,0.093,0.094,0
HDR_1080P-13eb,0,0.094,[NULL]
HDR_1080P-1be2,0,0.094,0
HDR_1080P-1e5b,0,0.094,0
HDR_1080P-206d,0.704,0.094,0.087
HDR_1080P-282a,0,0.094,0
HDR_1080P-2d32,0.009,0.094,0.126
HDR_1080P-3181,0,0.094,0
HDR_1080P-33e3,0.022,0.094,0
HDR_1080P-3521,0.006,0.094,0
HDR_1080P-35f4,0.006,0.094,0.08
HDR_1080P-3749,0.057,0.094,0.09
HDR_1080P-3a4a,0.001,0.094,0
HDR_1080P-46a4,0.006,0.094,0
HDR_1080P-49d6,0,0.094,0.123
HDR_1080P-4f4a,0.445,0.094,0.072
HDR_1080P-548b,0.03,0.094,0.067
HDR_1080P-549e,0.062,0.094,0
HDR_1080P-55c4,0.004,0.107,0
HDR_1080P-601b,0.046,0.095,0.124
HDR_1080P-687e,0.017,0.094,0.071
HDR_1080P-68c8,0.045,0.094,0.141
HDR_1080P-69de,0,0.094,0.125
HDR_1080P-6eb7,0.02,0.094,0
HDR_1080P-7825,0.012,0.094,0.136
HDR_2160P-06ae,0,0.094,0
HDR_2160P-0e7a,0,0.094,0
HDR_2160P-15e2,0.026,0.094,0
HDR_2160P-1743,0.042,0.094,0
HDR_2160P-1e9e,0.324,0.094,0
HDR_2160P-2a72,0.027,0.094,0
HDR_2160P-351f,0.003,0.104,0
HDR_2160P-3663,0.614,0.094,0.118
HDR_2160P-382f,0.006,0.094,0
HDR_2160P-3bf1,0.009,0.094,0.09
HDR_2160P-40ab,0.034,0.094,0.007
HDR_2160P-4348,0.009,0.118,0
HDR_2160P-4581,0,0.094,0.03
HDR_2160P-4dcd,0.87,0.094,0.096
HDR_2160P-51ea,0.145,0.094,0
HDR_2160P-5275,0,0.094,[NULL]
HDR_2160P-5926,0.01,0.094,0.125
HDR_2160P-5c86,0.023,0.096,0.113
HDR_2160P-5cdf,0,0.704,0
HDR_2160P-5e25,0.029,0.094,0.021
HDR_2160P-664d,0.022,0.094,0.146
HDR_2160P-6c6e,0.032,0.094,0
HDR_2160P-6ed1,0.314,0.094,0.19
HDR_2160P-6eeb,0.123,0.094,0.14
HDR_2160P-6fa4,0,0.094,0
HDR_2160P-6fab,0.928,0.094,0.146
HDR_2160P-70ca,0.236,0.094,0
HowTo_1080P-0267,0.034,0.095,[NULL]
HowTo_1080P-03fd,0.056,0.1,0
HowTo_1080P-13aa,0.18,0.094,0.13
HowTo_1080P-1f3b,0.109,0.094,0
HowTo_1080P-36a9,0.162,0.098,0.112
HowTo_1080P-4d7b,0.01,0.094,0
HowTo_1080P-52bb,0,0.094,0
HowTo_1080P-55d1,0.029,0.094,0.172
HowTo_1080P-63b4,0.216,0.094,0
HowTo_1080P-63e4,0.013,0.094,0
HowTo_1080P-63ec,0.05,0.318,0
HowTo_1080P-64f7,0,0.094,0.197
HowTo_1080P-6cbf,0.473,0.105,0
HowTo_1080P-7399,0.998,0.094,0.147
HowTo_1080P-763c,0.205,0.102,0.119
HowTo_1080P-7cf2,0.095,0.095,0.111
HowTo_1080P-7f18,0,0.133,0
HowTo_1080P-7f4c,0,0.094,0
HowTo_360P-041c,0.09,0.094,0
HowTo_360P-0562,0.045,0.099,0.182
HowTo_360P-06be,0.082,0.13,0.12
HowTo_360P-09f8,0,0.102,0
HowTo_360P-127f,0,0.105,0.102
HowTo_360P-1823,0.24,0.101,0.295
HowTo_360P-18e7,0,0.098,0
HowTo_360P-1dba,0.087,0.094,0.589
HowTo_360P-2074,0.279,0.094,0.233
HowTo_360P-2a3b,0,0.098,0.17
HowTo_360P-2d35,0,0.094,0
HowTo_360P-2fd5,0.038,0.107,0.273
HowTo_360P-3aa6,0,0.094,[NULL]
HowTo_360P-4276,0.008,0.098,0.111
HowTo_360P-4e4c,0.095,0.122,[NULL]
HowTo_360P-55e9,0.106,0.095,0.097
HowTo_360P-5da7,0.054,0.099,0.196
HowTo_360P-6093,0,0.095,0.135
HowTo_360P-6a0e,0,0.143,0.023
HowTo_360P-7083,0.09,0.144,0.149
HowTo_360P-7dcd,0,0.137,0.097
HowTo_360P-7fb1,0.117,0.096,0.162
HowTo_480P-04f1,0.005,0.094,0.206
HowTo_480P-0cb3,0.084,0.094,0.906
HowTo_480P-0d00,0,0.094,0.144
HowTo_480P-0eb3,0.001,0.096,0.151
HowTo_480P-118d,0,0.094,1
HowTo_480P-15c1,0.034,0.129,0
HowTo_480P-187c,0.151,0.094,0.06
HowTo_480P-221e,0,0.094,0
HowTo_480P-2610,0,0.258,0
HowTo_480P-32c9,0,0.094,0.021
HowTo_480P-3435,0.121,0.219,0.063
HowTo_480P-4332,0,0.123,0.12
HowTo_480P-470b,0.122,0.132,0.17
HowTo_480P-48ac,0,0.103,0.05
HowTo_480P-4948,0,0.19,0.214
HowTo_480P-4a28,0.028,0.096,0.154
HowTo_480P-4b6a,0,0.094,0
HowTo_480P-4c99,0,0.109,0.085
HowTo_480P-56a5,0.022,0.094,0.208
HowTo_480P-5a3c,0.11,0.101,0.266
HowTo_480P-60b3,0,0.15,0
HowTo_480P-63a2,0,0.094,0.177
HowTo_480P-64a2,0.315,0.125,0.156
HowTo_480P-7579,0.139,0.095,0.132
HowTo_480P-7c11,0.095,0.095,0.176
HowTo_720P-017a,0,0.175,0
HowTo_720P-06eb,0,0.094,0
HowTo_720P-0a67,0.03,0.094,0.067
HowTo_720P-0b01,0.158,0.095,0
HowTo_720P-0c47,0.135,0.099,0.015
HowTo_720P-111e,0.231,0.094,0.019
HowTo_720P-12f7,0.355,0.095,0.192
HowTo_720P-21c6,0,0.094,0.77
HowTo_720P-269e,0,0.157,0
HowTo_720P-2cc6,0,0.339,0.096
HowTo_720P-37d0,0.023,0.102,0
HowTo_720P-3813,0,0.095,[NULL]
HowTo_720P-3a5d,0,0.1,0.066
HowTo_720P-479b,0.008,0.105,0
HowTo_720P-483c,0.016,0.094,[NULL]
HowTo_720P-4d55,0.08,0.094,0.083
HowTo_720P-4d9e,0,0.096,0
HowTo_720P-6323,0.01,0.094,0.135
HowTo_720P-6791,0,0.094,0
HowTo_720P-7782,0,0.095,0
HowTo_720P-7878,0.193,0.15,0.032
HowTo_720P-7c38,0.015,0.354,0.11
Lecture_1080P-011f,0,0.472,0.074
Lecture_1080P-0201,0,0.159,0.058
Lecture_1080P-0c8a,0,0.094,0.129
Lecture_1080P-1709,0,0.094,0
Lecture_1080P-1969,0,0.094,0
Lecture_1080P-1b5f,0.067,0.101,0.085
Lecture_1080P-1daf,0,0.094,0.175
Lecture_1080P-238b,0.075,0.416,0
Lecture_1080P-280a,0.297,0.135,0.063
Lecture_1080P-2b11,0,0.094,0.434
Lecture_1080P-3077,0,0.094,0.097
Lecture_1080P-3ce0,0,0.094,[NULL]
Lecture_1080P-3cf3,0,0.094,0.119
Lecture_1080P-3dc4,0.02,0.099,0.172
Lecture_1080P-412e,0.026,0.094,0.115
Lecture_1080P-454c,0.038,0.095,0.101
Lecture_1080P-4991,0,0.094,0
Lecture_1080P-5083,0.357,0.094,0.507
Lecture_1080P-50a2,0.383,0.094,0.66
Lecture_1080P-51b8,0.363,0.217,0
Lecture_1080P-547b,0,0.096,0.046
Lecture_1080P-5d58,0,0.094,0.145
Lecture_1080P-6089,0.416,0.094,0.231
Lecture_1080P-73d5,0,0.094,0
Lecture_360P-03bc,0.005,0.106,0.071
Lecture_360P-051a,0,0.54,0.134
Lecture_360P-114f,0.005,0.094,0.806
Lecture_360P-20c3,0.01,0.094,0.275
Lecture_360P-2276,0,0.094,[NULL]
Lecture_360P-27db,0.033,0.129,0.074
Lecture_360P-2c55,0,0.147,0.001
Lecture_360P-2d1f,0,0.095,0.046
Lecture_360P-30eb,0.152,0.232,0.248
Lecture_360P-311d,0.025,0.104,[NULL]
Lecture_360P-3590,0,0.305,0.132
Lecture_360P-44c2,0.075,0.3,0.149
Lecture_360P-4bb4,0,0.094,0.367
Lecture_360P-4f00,0.059,0.16,0.128
Lecture_360P-506c,0.003,0.094,0.269
Lecture_360P-5594,0,0.101,0.107
Lecture_360P-5779,0,0.148,0
Lecture_360P-5aea,0.197,0.467,0.093
Lecture_360P-5d0a,0.098,0.258,0.209
Lecture_360P-6656,0.016,0.165,0.182
Lecture_360P-6702,0.019,0.165,0.143
Lecture_360P-6d29,0.006,0.292,0.126
Lecture_360P-7550,0,0.095,0.077
Lecture_360P-7a57,0,0.326,0.601
Lecture_360P-7f7e,0.01,0.094,0.203
Lecture_480P-02f2,0.016,0.279,0.066
Lecture_480P-11df,0.018,0.165,0.15
Lecture_480P-181a,0.04,0.097,0.848
Lecture_480P-1ec3,0,0.094,0
Lecture_480P-2513,0.062,0.094,0.51
Lecture_480P-2655,0.001,0.094,0.172
Lecture_480P-2ed0,0.147,0.094,0.201
Lecture_480P-369f,0,0.368,0.059
Lecture_480P-3bdc,0,0.094,0
Lecture_480P-41b7,0,0.094,0
Lecture_480P-4272,0,0.115,0.031
Lecture_480P-42c3,0,0.109,0.101
Lecture_480P-4bc3,0.023,0.094,0.18
Lecture_480P-4c86,0.013,0.094,0.823
Lecture_480P-5aee,0.022,0.094,1
Lecture_480P-5cd7,0.048,0.097,0.102
Lecture_480P-5f3a,0.037,0.094,0.868
Lecture_480P-6191,0.043,0.119,0
Lecture_480P-6b1e,0,0.094,0
Lecture_480P-71c0,0,0.279,0.154
Lecture_480P-71d6,0,0.094,0
Lecture_480P-7205,0.067,0.13,0
Lecture_480P-73f6,0,0.162,0.149
Lecture_480P-74cf,0.034,0.094,0.133
Lecture_480P-74ea,0,0.094,0.128
Lecture_480P-7d77,0.12,0.094,0.143
Lecture_480P-7e55,0,0.094,0
Lecture_480P-7eec,0.024,0.097,0
Lecture_720P-003a,0,0.094,0.102
Lecture_720P-07e0,0.013,0.094,0.215
Lecture_720P-094d,0.307,0.094,0.395
Lecture_720P-0f64,0.027,0.115,0.125
Lecture_720P-1033,0.144,0.107,0
Lecture_720P-10bc,0,0.095,0.068
Lecture_720P-11e7,0.135,0.094,0.223
Lecture_720P-1e62,0.005,0.094,0.863
Lecture_720P-1f22,0,0.508,0
Lecture_720P-2442,0,0.186,0
Lecture_720P-26df,0,0.196,0
Lecture_720P-2b0f,0,0.094,0
Lecture_720P-2f38,0,0.136,0
Lecture_720P-2f8c,0.01,0.102,0.076
Lecture_720P-3b7f,0.062,0.094,0.983
Lecture_720P-3f9f,0.003,0.094,[NULL]
Lecture_720P-4c87,0,0.095,0
Lecture_720P-50b9,0,0.094,0.123
Lecture_720P-5120,0.034,0.096,0
Lecture_720P-53a1,0,0.094,0.108
Lecture_720P-5725,0.002,0.094,0.116
Lecture_720P-5c7e,0,0.483,0
Lecture_720P-6016,0.034,0.094,0.546
Lecture_720P-6951,0.018,0.094,0.149
Lecture_720P-7189,0,0.094,0.104
Lecture_720P-7dcf,0,0.094,0
Lecture_720P-7e40,0.009,0.094,0
LiveMusic_1080P-14af,0.082,0.186,0.123
LiveMusic_1080P-157b,0.037,0.099,0.069
LiveMusic_1080P-1ace,0.046,0.11,0.123
LiveMusic_1080P-21dd,0,0.094,0.128
LiveMusic_1080P-28fe,0.102,0.136,0.023
LiveMusic_1080P-2930,0.045,0.321,0
LiveMusic_1080P-2b7a,0.098,0.115,0.026
LiveMusic_1080P-2f7f,0.037,0.095,0.119
LiveMusic_1080P-3549,0.008,0.094,0.162
LiveMusic_1080P-3e1a,0.061,0.094,0
LiveMusic_1080P-3f95,0.004,0.094,0.141
LiveMusic_1080P-48d5,0,0.157,0
LiveMusic_1080P-514e,0.051,0.121,0
LiveMusic_1080P-51f6,0.011,0.158,0.019
LiveMusic_1080P-541f,0.078,0.094,0.258
LiveMusic_1080P-59b3,0.022,0.12,0
LiveMusic_1080P-6b1c,0.172,0.096,0.145
LiveMusic_1080P-6bbe,0.325,0.11,0.026
LiveMusic_1080P-6d1a,0.272,0.094,0.125
LiveMusic_1080P-6fe2,0.087,0.121,0
LiveMusic_1080P-77e8,0.187,0.094,0.155
LiveMusic_1080P-7948,0.122,0.094,0.116
LiveMusic_1080P-7ead,0.002,0.199,0.124
LiveMusic_360P-121f,0.007,0.094,0.096
LiveMusic_360P-1d94,0.037,0.123,0.363
LiveMusic_360P-22c5,0.01,0.094,0.191
LiveMusic_360P-2508,0.008,0.094,0.19
LiveMusic_360P-265c,0.141,0.11,0.174
LiveMusic_360P-2b0f,0.137,0.097,0.28
LiveMusic_360P-3979,0.018,0.094,0.717
LiveMusic_360P-3b96,0,0.094,0.208
LiveMusic_360P-3be0,0.078,0.114,0.39
LiveMusic_360P-405c,0.004,0.096,0.173
LiveMusic_360P-48d5,0.03,0.094,0.132
LiveMusic_360P-5281,0.001,0.094,0.148
LiveMusic_360P-54d0,0.003,0.119,0.115
LiveMusic_360P-5b57,0.059,0.094,0.636
LiveMusic_360P-6266,0.16,0.095,0.268
LiveMusic_360P-6640,0.001,0.095,[NULL]
LiveMusic_360P-6a65,0.167,0.106,0.225
LiveMusic_360P-7483,0.059,0.095,0.192
LiveMusic_480P-0638,0,0.094,0.172
LiveMusic_480P-1a91,0.083,0.094,0.102
LiveMusic_480P-2019,0.307,0.098,0.157
LiveMusic_480P-2a5e,0,0.094,0.362
LiveMusic_480P-331a,0.103,0.094,0.141
LiveMusic_480P-34be,0.338,0.094,0.152
LiveMusic_480P-38f3,0.016,0.094,0.404
LiveMusic_480P-3d03,0.01,0.095,0.239
LiveMusic_480P-427e,0.031,0.11,0.275
LiveMusic_480P-459c,0.025,0.112,0.085
LiveMusic_480P-474a,0.048,0.098,0.437
LiveMusic_480P-4c3a,0,0.147,0.089
LiveMusic_480P-4f88,0.003,0.094,[NULL]
LiveMusic_480P-559d,0,0.096,0
LiveMusic_480P-58fb,0.02,0.094,0.478
LiveMusic_480P-61ef,0.029,0.14,0.033
LiveMusic_480P-636e,0.009,0.102,0.07
LiveMusic_480P-6542,0.006,0.102,0.149
LiveMusic_480P-65ca,0,0.098,0
LiveMusic_720P-0cd5,0.02,0.107,0
LiveMusic_720P-0d9f,0.006,0.094,[NULL]
LiveMusic_720P-2620,0.169,0.117,0.139
LiveMusic_720P-267b,0.003,0.094,0.076
LiveMusic_720P-289b,0,0.094,0.123
LiveMusic_720P-3320,0.194,0.095,0
LiveMusic_720P-4ae2,0,0.094,0.87
LiveMusic_720P-58db,0.013,0.105,0.108
LiveMusic_720P-6343,0.063,0.094,0.178
LiveMusic_720P-6452,0.012,0.097,0.413
LiveMusic_720P-653e,0.056,0.097,0.138
LiveMusic_720P-65f6,0.025,0.218,0.2
LiveMusic_720P-66df,0.054,0.094,0.15
LiveMusic_720P-71c5,0.124,0.267,0.031
LyricVideo_1080P-0075,0.073,0.094,0
LyricVideo_1080P-0625,0,0.094,0.061
LyricVideo_1080P-11f0,0.043,0.121,0
LyricVideo_1080P-12af,0.04,0.094,0.115
LyricVideo_1080P-16b6,0.025,0.094,0
LyricVideo_1080P-1b04,0.065,0.094,0.179
LyricVideo_1080P-1d75,0.003,0.094,[NULL]
LyricVideo_1080P-23db,0.073,0.094,0
LyricVideo_1080P-28e8,0,0.472,0.085
LyricVideo_1080P-2946,0.019,0.094,0
LyricVideo_1080P-3803,0.138,0.094,[NULL]
LyricVideo_1080P-3b60,0,0.252,0.017
LyricVideo_1080P-41ee,0,0.126,0
LyricVideo_1080P-4b40,0.092,0.159,0.13
LyricVideo_1080P-584f,0.099,0.094,[NULL]
LyricVideo_1080P-5a1f,0,0.504,0.084
LyricVideo_1080P-63d9,0.175,0.189,0.121
LyricVideo_1080P-725e,0,0.51,0.006
LyricVideo_1080P-756a,0.006,0.094,0
LyricVideo_360P-0ac7,0,0.096,0.124
LyricVideo_360P-17ce,0.312,0.124,0.151
LyricVideo_360P-3afc,0.035,0.094,0
LyricVideo_360P-5868,0.04,0.139,0
LyricVideo_360P-5b54,0.181,0.098,[NULL]
LyricVideo_360P-5e87,0,0.138,0.114
LyricVideo_360P-7fb1,0,0.094,0
LyricVideo_480P-0722,0.601,0.094,0.152
LyricVideo_480P-0a5b,0,0.094,0.077
LyricVideo_480P-0f72,0.312,0.094,0.17
LyricVideo_480P-1484,0,0.121,0
LyricVideo_480P-200a,0,0.096,0
LyricVideo_480P-2c50,0,0.094,0
LyricVideo_480P-3b2c,0.272,0.095,0.187
LyricVideo_480P-3ccf,0,0.094,1
LyricVideo_480P-4346,0.046,0.45,0.113
LyricVideo_480P-51e4,0.001,0.094,1
LyricVideo_480P-6385,0.538,0.094,0.159
LyricVideo_480P-6fca,0.227,0.094,0
LyricVideo_480P-7919,0.027,0.094,0
LyricVideo_720P-068d,0,0.094,0
LyricVideo_720P-081c,0,0.111,0
LyricVideo_720P-0940,0.078,0.094,0.284
LyricVideo_720P-09ed,0.108,0.165,0
LyricVideo_720P-0ae4,0.008,0.173,0
LyricVideo_720P-1c89,0,0.094,0
LyricVideo_720P-2d24,0,0.094,[NULL]
LyricVideo_720P-36fb,0,0.117,0.108
LyricVideo_720P-4253,0,0.094,[NULL]
LyricVideo_720P-47a9,0.205,0.224,0.269
LyricVideo_720P-59ed,0,0.56,0.028
LyricVideo_720P-5d3a,0,0.096,0
LyricVideo_720P-6f0c,0.003,0.109,0.1
LyricVideo_720P-6fc9,0.04,0.094,0.215
LyricVideo_720P-7003,0.053,0.094,0.986
LyricVideo_720P-739a,0.259,0.094,[NULL]
LyricVideo_720P-74a0,0.002,0.094,[NULL]
LyricVideo_720P-7f44,0.272,0.094,[NULL]
LyricVideo_1080P-5461,0.116,0.139,0.018
LyricVideo_1080P-63d4,0,0.094,0
LyricVideo_480P-5c17,0.116,0.266,0
MusicVideo_1080P-04b6,0.011,0.094,0
MusicVideo_1080P-0706,0.034,0.094,0.036
MusicVideo_1080P-0860,0.067,0.167,0
MusicVideo_1080P-106d,0.069,0.094,0.112
MusicVideo_1080P-16e6,0.003,0.258,0.034
MusicVideo_1080P-18f5,0.171,0.164,0.024
MusicVideo_1080P-1a53,0.234,0.111,0
MusicVideo_1080P-24f5,0.027,0.095,0
MusicVideo_1080P-2b2b,0.15,0.22,0.019
MusicVideo_1080P-2d1c,0.014,0.096,0
MusicVideo_1080P-34ff,0.082,0.094,0.121
MusicVideo_1080P-3a50,0.095,0.152,0.09
MusicVideo_1080P-453f,0.03,0.094,0.079
MusicVideo_1080P-4671,0.047,0.1,0.16
MusicVideo_1080P-4b61,0.158,0.094,0
MusicVideo_1080P-5072,0.035,0.094,0
MusicVideo_1080P-55af,0.022,0.094,0.141
MusicVideo_1080P-59c4,0.002,0.222,0
MusicVideo_1080P-5f03,0.046,0.094,0.132
MusicVideo_1080P-6260,0.236,0.131,0
MusicVideo_1080P-65c6,0.21,0.102,0.014
MusicVideo_1080P-6c1d,0.034,0.212,0
MusicVideo_1080P-6c88,0.178,0.198,0.067
MusicVideo_1080P-6fb1,0.05,0.094,0.033
MusicVideo_1080P-7265,0.024,0.094,0.111
MusicVideo_1080P-7706,0.164,0.099,0.126
MusicVideo_1080P-7736,0.069,0.095,0
MusicVideo_1080P-7f2e,0,0.094,0.161
MusicVideo_360P-08cb,0.055,0.107,0.052
MusicVideo_360P-17e4,0.029,0.122,0.125
MusicVideo_360P-24b0,0.008,0.094,0.318
MusicVideo_360P-2fcb,0.002,0.094,0.289
MusicVideo_360P-462f,0.001,0.094,0
MusicVideo_360P-4de7,0.199,0.094,0.442
MusicVideo_360P-5358,0.169,0.332,0.12
MusicVideo_360P-5578,0.043,0.118,0.142
MusicVideo_360P-5699,0.005,0.095,0.159
MusicVideo_360P-5f07,0.09,0.32,0.089
MusicVideo_360P-5f8d,0.113,0.096,0.159
MusicVideo_360P-648c,0,0.1,0.076
MusicVideo_360P-7b94,0.228,0.11,0.123
MusicVideo_480P-001f,0.067,0.094,0.161
MusicVideo_480P-0448,0.012,0.094,0.063
MusicVideo_480P-12fb,0.126,0.226,0.032
MusicVideo_480P-184c,0.039,0.118,0.021
MusicVideo_480P-1eee,0.004,0.097,0
MusicVideo_480P-2de0,0.238,0.146,0.017
MusicVideo_480P-3aa2,0.026,0.103,0.157
MusicVideo_480P-3c8b,0.051,0.094,0.109
MusicVideo_480P-41ce,0.116,0.097,0.281
MusicVideo_480P-4802,0.058,0.15,0.152
MusicVideo_480P-483b,0.172,0.247,0.085
MusicVideo_480P-4cc8,0.221,0.106,0.146
MusicVideo_480P-5461,0.062,0.104,0.03
MusicVideo_480P-5830,0.029,0.097,0.028
MusicVideo_480P-6026,0,0.094,1
MusicVideo_480P-61ba,0.129,0.449,0.047
MusicVideo_480P-66b2,0.123,0.104,0.104
MusicVideo_480P-6fb6,0,0.094,0
MusicVideo_480P-7643,0.002,0.094,0.143
MusicVideo_480P-7955,0.049,0.277,0.129
MusicVideo_720P-0355,0.043,0.105,0
MusicVideo_720P-0752,0.048,0.096,0.197
MusicVideo_720P-14f0,0.054,0.132,0.025
MusicVideo_720P-2d7d,0.01,0.14,0.103
MusicVideo_720P-3698,0.072,0.11,0.15
MusicVideo_720P-3b11,0.087,0.116,0.112
MusicVideo_720P-3c4c,0.028,0.12,0
MusicVideo_720P-4179,0.143,0.107,0
MusicVideo_720P-44c1,0.064,0.111,0.128
MusicVideo_720P-4895,0.194,0.095,0.121
MusicVideo_720P-4ad2,0.003,0.116,0.052
MusicVideo_720P-575d,0.526,0.094,0.17
MusicVideo_720P-5c9c,0.087,0.103,0.108
MusicVideo_720P-62df,0.074,0.094,0.197
MusicVideo_720P-734f,0.391,0.094,0.045
MusicVideo_720P-7501,0.057,0.094,[NULL]
MusicVideo_720P-7bcf,0.013,0.097,0.077
NewsClip_1080P-00c3,0.075,0.097,0.054
NewsClip_1080P-02fd,0.129,0.094,0.216
NewsClip_1080P-06df,0.099,0.124,0.113
NewsClip_1080P-0abf,0.305,0.094,0.119
NewsClip_1080P-1db0,0.008,0.094,0
NewsClip_1080P-22b3,0.059,0.094,0.122
NewsClip_1080P-27fb,0.268,0.094,0.073
NewsClip_1080P-2eb0,0.047,0.661,0.08
NewsClip_1080P-3427,0.204,0.098,0
NewsClip_1080P-3c7c,0.062,0.094,0
NewsClip_1080P-4241,0.115,0.096,0.108
NewsClip_1080P-48ae,0.019,0.094,0.142
NewsClip_1080P-5b53,0.054,0.094,0.207
NewsClip_1080P-5be1,0.236,0.095,0
NewsClip_1080P-632e,0.092,0.144,0.092
NewsClip_1080P-67dc,0.062,0.096,0
NewsClip_1080P-7816,0.001,0.499,0.002
NewsClip_360P-0376,0.013,0.097,0.132
NewsClip_360P-0c17,0,0.34,0.128
NewsClip_360P-0ff8,0,0.096,0.138
NewsClip_360P-1093,0.063,0.104,0.122
NewsClip_360P-12fc,0.047,0.102,0.385
NewsClip_360P-1b1c,0.041,0.131,0.168
NewsClip_360P-1e1c,0.108,0.094,[NULL]
NewsClip_360P-1eae,0.04,0.117,0
NewsClip_360P-22ce,0.146,0.099,0.104
NewsClip_360P-274e,0.005,0.094,1
NewsClip_360P-2986,0.129,0.192,0.117
NewsClip_360P-2c91,0.085,0.094,0.163
NewsClip_360P-311a,0.236,0.094,0.247
NewsClip_360P-3451,0.056,0.099,0.038
NewsClip_360P-4288,0.181,0.094,0
NewsClip_360P-439a,0,0.094,[NULL]
NewsClip_360P-4417,0.003,0.094,0.262
NewsClip_360P-5052,0,0.106,0.139
NewsClip_360P-5752,0.033,0.095,0
NewsClip_360P-5bcc,0.148,0.097,0.268
NewsClip_360P-5f3b,0.152,0.109,0.19
NewsClip_360P-66ae,0.126,0.3,0.159
NewsClip_360P-67ce,0.058,0.094,0.069
NewsClip_360P-7a96,0.067,0.148,0.176
NewsClip_480P-0269,0.04,0.117,0.267
NewsClip_480P-0ce5,0.017,0.094,0.174
NewsClip_480P-15fa,0.003,0.1,[NULL]
NewsClip_480P-2407,0.001,0.094,[NULL]
NewsClip_480P-2642,0.104,0.197,0.179
NewsClip_480P-28eb,0.104,0.102,0.279
NewsClip_480P-2b9b,0.055,0.105,0.176
NewsClip_480P-2ba7,0.094,0.095,0.15
NewsClip_480P-31bd,0,0.094,0
NewsClip_480P-3672,0,0.094,0.13
NewsClip_480P-36d0,0.052,0.094,0.109
NewsClip_480P-4072,0.117,0.187,0.123
NewsClip_480P-41b1,0.025,0.096,0
NewsClip_480P-437c,0.112,0.094,0.189
NewsClip_480P-49c9,0.03,0.1,0.084
NewsClip_480P-4a9f,0.114,0.105,0.208
NewsClip_480P-4e77,0.031,0.171,0.006
NewsClip_480P-543f,0.191,0.141,0.12
NewsClip_480P-5a3b,0.206,0.094,0.195
NewsClip_480P-5e7f,0.066,0.097,0.142
NewsClip_480P-606e,0.218,0.204,0.112
NewsClip_480P-6615,0.077,0.128,0.001
NewsClip_480P-696e,0.162,0.141,0.112
NewsClip_480P-6bfa,0.138,0.128,0.124
NewsClip_480P-7232,0.064,0.094,0.132
NewsClip_480P-72b8,0.044,0.175,0.155
NewsClip_480P-7a0d,0.077,0.094,0.013
NewsClip_720P-04ba,0.229,0.101,0.138
NewsClip_720P-0c81,0.057,0.096,0.067
NewsClip_720P-1971,0.047,0.095,0.138
NewsClip_720P-2182,0.001,0.094,0
NewsClip_720P-23e0,0.021,0.094,0
NewsClip_720P-2882,0.034,0.094,0.159
NewsClip_720P-35d9,0.246,0.202,0.131
NewsClip_720P-37f7,0.04,0.172,0
NewsClip_720P-4603,0.007,0.121,0
NewsClip_720P-4e87,0.063,0.094,0.111
NewsClip_720P-5564,0.012,0.128,0
NewsClip_720P-5787,0.074,0.094,0.134
NewsClip_720P-579b,0.005,0.11,0.101
NewsClip_720P-5d89,0.032,0.115,0.165
NewsClip_720P-6016,0.007,0.178,0.03
NewsClip_720P-6106,0.009,0.094,0.091
NewsClip_720P-672c,0.046,0.1,0.141
NewsClip_720P-6a19,0.182,0.097,0.144
NewsClip_720P-6aa6,0.041,0.094,0.047
NewsClip_720P-6cde,0.009,0.094,0.13
NewsClip_720P-72d2,0.046,0.167,0.174
NewsClip_720P-7345,0.002,0.094,0
NewsClip_720P-739b,0.059,0.094,0.43
NewsClip_720P-7745,0.055,0.099,0.14
NewsClip_720P-7b7e,0.012,0.094,0.146
NewsClip_720P-7b97,0.394,0.122,0.013
NewsClip_720P-7c67,0.026,0.11,0.076
NewsClip_720P-7e56,0.015,0.094,0.137
Sports_1080P-0063,0.169,0.094,0
Sports_1080P-0640,0.069,0.094,0.216
Sports_1080P-08e1,0.021,0.097,0
Sports_1080P-0d0c,0,0.094,[NULL]
Sports_1080P-15d1,0,0.094,0.184
Sports_1080P-19d8,0.072,0.322,0.122
Sports_1080P-1ae3,0.428,0.094,0.232
Sports_1080P-1bf7,0.059,0.104,0.094
Sports_1080P-1d78,0.606,0.094,0.097
Sports_1080P-241e,0.027,0.094,0.141
Sports_1080P-2524,0.002,0.094,0
Sports_1080P-28a6,0,0.094,0.119
Sports_1080P-2a21,0.07,0.094,0.131
Sports_1080P-3a3b,0.384,0.094,0
Sports_1080P-3db7,0.074,0.094,0.142
Sports_1080P-3eb0,0.143,0.165,0
Sports_1080P-43e2,0.006,0.114,0.085
Sports_1080P-46ed,0.283,0.095,0.099
Sports_1080P-47e9,0.021,0.094,0
Sports_1080P-4978,0.575,0.094,0
Sports_1080P-49c5,0.102,0.167,0.073
Sports_1080P-4e05,0,0.094,0.16
Sports_1080P-53a0,0.038,0.094,0.165
Sports_1080P-5d25,0.289,0.094,[NULL]
Sports_1080P-6571,0.03,0.094,0.186
Sports_1080P-6710,0.023,0.094,0.135
Sports_1080P-679d,0.068,0.094,0.09
Sports_1080P-7203,0.562,0.094,0.104
Sports_1080P-7584,0.136,0.094,0.028
Sports_1080P-76a2,0.011,0.095,0.211
Sports_1080P-78fa,0.33,0.094,0.214
Sports_1080P-7b51,0.254,0.095,0
Sports_1080P-7dba,0.101,0.094,0.022
Sports_2160P-0455,0.16,0.094,0.043
Sports_2160P-086d,0.492,0.101,0
Sports_2160P-1261,0.033,0.1,0
Sports_2160P-1733,0.053,0.097,0
Sports_2160P-1b70,0.001,0.094,0.13
Sports_2160P-1ddc,0.162,0.096,0.085
Sports_2160P-210c,0,0.094,0
Sports_2160P-2568,0.017,0.113,0
Sports_2160P-2626,0.002,0.094,0.047
Sports_2160P-279f,0.043,0.094,0
Sports_2160P-2a83,0.355,0.094,0.179
Sports_2160P-2e1d,0.104,0.095,0.182
Sports_2160P-2eda,0.001,0.094,0.116
Sports_2160P-300d,0.096,0.207,0
Sports_2160P-324e,0.071,0.094,0
Sports_2160P-349c,0.233,0.094,0.105
Sports_2160P-3794,0.001,0.094,0.326
Sports_2160P-391a,0.176,0.094,[NULL]
Sports_2160P-3a9a,0.106,0.109,0.197
Sports_2160P-3d85,0.032,0.094,0
Sports_2160P-4024,0.096,0.094,0.071
Sports_2160P-4201,0.017,0.134,0
Sports_2160P-49f1,0.113,0.113,0.092
Sports_2160P-4aae,0.3,0.699,0.102
Sports_2160P-4e9f,0.001,0.094,0.052
Sports_2160P-5ef3,0,0.094,0.106
Sports_2160P-69b9,0,0.094,0.013
Sports_2160P-6b28,0.095,0.095,0
Sports_2160P-7165,0.246,0.094,0.049
Sports_2160P-7a11,0.004,0.158,0
Sports_2160P-7af7,0.106,0.094,0.142
Sports_2160P-7af8,0.092,0.094,0.217
Sports_2160P-7bbe,0.019,0.094,0
Sports_360P-02c3,0.002,0.094,0.192
Sports_360P-0c66,0.088,0.094,[NULL]
Sports_360P-0dda,0.064,0.109,0.475
Sports_360P-11b7,0.004,0.094,0.246
Sports_360P-1803,0.055,0.094,[NULL]
Sports_360P-1d5c,0.027,0.1,1
Sports_360P-2725,0.029,0.101,0.393
Sports_360P-27b0,0.081,0.104,0.197
Sports_360P-2ace,0.027,0.096,0.121
Sports_360P-2e48,0.009,0.095,0.528
Sports_360P-301d,0.048,0.096,0.176
Sports_360P-32d3,0.079,0.094,0.105
Sports_360P-3960,0.091,0.138,0.145
Sports_360P-3e68,0.255,0.094,0.017
Sports_360P-4545,0.24,0.171,0.178
Sports_360P-4802,0.185,0.161,0.302
Sports_360P-4ad7,0.337,0.106,0.482
Sports_360P-50fd,0.098,0.098,0.153
Sports_360P-5252,0.149,0.112,0.267
Sports_360P-5ded,0,0.094,0.109
Sports_360P-61f6,0.006,0.095,[NULL]
Sports_360P-65f3,0,0.094,0.126
Sports_360P-6b4f,0,0.094,0.716
Sports_360P-6c6f,0,0.094,0.061
Sports_360P-6f62,0.024,0.094,0.619
Sports_360P-7f50,0,0.146,0.14
Sports_480P-0623,0.134,0.094,0.144
Sports_480P-0827,0.163,0.094,0.38
Sports_480P-0af9,0.003,0.094,0.234
Sports_480P-0bb9,0.074,0.094,0.195
Sports_480P-0efe,0.084,0.094,0.149
Sports_480P-1019,0.07,0.095,0
Sports_480P-1056,0.14,0.094,0.165
Sports_480P-11ec,0.206,0.094,0.189
Sports_480P-1396,0.216,0.099,0
Sports_480P-19e4,0,0.094,0
Sports_480P-1d1b,0.375,0.097,0.142
Sports_480P-1fe9,0.049,0.094,0.132
Sports_480P-2053,0.102,0.176,0.082
Sports_480P-211f,0,0.094,0.16
Sports_480P-2dfe,0.427,0.094,0.399
Sports_480P-3195,0.019,0.095,0.117
Sports_480P-3404,0.077,0.095,0.111
Sports_480P-35ea,0.01,0.094,0.218
Sports_480P-3ca4,0.076,0.094,[NULL]
Sports_480P-3dfd,0.002,0.165,0.018
Sports_480P-3f50,0.005,0.094,0.181
Sports_480P-41a5,0.028,0.094,0.213
Sports_480P-44e5,0.174,0.094,0.524
Sports_480P-4cf8,0.009,0.094,0.139
Sports_480P-5224,0.017,0.1,0.183
Sports_480P-5871,0.015,0.094,0.298
Sports_480P-5f38,0.118,0.103,0.138
Sports_480P-6508,0.169,0.094,0.635
Sports_480P-6e41,0.145,0.094,0.185
Sports_480P-77e3,0,0.094,0.248
Sports_480P-7f7e,0.299,0.181,0.148
Sports_720P-00a1,0.131,0.095,0
Sports_720P-0104,0,0.094,0
Sports_720P-058f,0,0.094,0.202
Sports_720P-07d0,0,0.094,[NULL]
Sports_720P-0b9e,0.103,0.094,0
Sports_720P-17fb,0.127,0.104,0
Sports_720P-2191,0.03,0.112,0.294
Sports_720P-2234,0.026,0.094,0.194
Sports_720P-2632,0.249,0.096,0.104
Sports_720P-2c06,0.016,0.13,[NULL]
Sports_720P-2c80,0,0.094,0.083
Sports_720P-3072,0.191,0.096,0.128
Sports_720P-3338,0.058,0.094,0.121
Sports_720P-33c6,0,0.094,0.743
Sports_720P-38a1,0.267,0.167,0
Sports_720P-3eb4,0,0.094,[NULL]
Sports_720P-3ffe,0.243,0.096,0.517
Sports_720P-4b69,0,0.096,0
Sports_720P-4c6f,0.039,0.132,0.092
Sports_720P-50cf,0,0.094,[NULL]
Sports_720P-531c,0,0.094,0.259
Sports_720P-5833,0.074,0.113,0.14
Sports_720P-5ae1,0,0.094,0.096
Sports_720P-5bfd,0.072,0.094,0.207
Sports_720P-5e39,0.115,0.094,[NULL]
Sports_720P-5ea4,0.021,0.094,[NULL]
Sports_720P-62ba,0,0.094,0.174
Sports_720P-6365,0.165,0.094,[NULL]
Sports_720P-675b,0.07,0.094,0.245
Sports_720P-69a0,0,0.094,0.099
Sports_720P-6bb7,0.035,0.094,0.688
Sports_720P-6d04,0.004,0.095,[NULL]
Sports_720P-7ba7,0.014,0.094,0
TelevisionClip_1080P-0604,0.16,0.094,0.098
TelevisionClip_1080P-3758,0.14,0.094,0.136
TelevisionClip_1080P-39e3,0.2,0.095,0
TelevisionClip_1080P-3b9b,0.527,0.094,0.241
TelevisionClip_1080P-3d10,0.025,0.097,[NULL]
TelevisionClip_1080P-3d83,0.392,0.095,0.184
TelevisionClip_1080P-3e42,0,0.254,0.117
TelevisionClip_1080P-401e,0.045,0.133,0
TelevisionClip_1080P-4c24,0.011,0.094,[NULL]
TelevisionClip_1080P-4c94,0.157,0.128,0.117
TelevisionClip_1080P-525d,0.123,0.095,0.207
TelevisionClip_1080P-5278,0.107,0.094,0
TelevisionClip_1080P-5e68,0,0.094,0.18
TelevisionClip_1080P-6026,0.001,0.095,0.046
TelevisionClip_1080P-6282,0.181,0.094,0.09
TelevisionClip_1080P-63e6,0.003,0.094,0.178
TelevisionClip_1080P-64e2,0.287,0.094,0.052
TelevisionClip_1080P-68c6,0.08,0.112,0.096
TelevisionClip_1080P-7eff,0.041,0.097,0.079
TelevisionClip_360P-0951,0,0.094,0.114
TelevisionClip_360P-11d5,0.038,0.095,0.075
TelevisionClip_360P-29f1,0.002,0.146,0
TelevisionClip_360P-3b9a,0.008,0.095,0
TelevisionClip_360P-74dd,0.065,0.094,0.11
TelevisionClip_360P-7b23,0.043,0.111,0.269
TelevisionClip_480P-09d8,0.349,0.095,0.508
TelevisionClip_480P-0d89,0.087,0.096,0.132
TelevisionClip_480P-0e46,0,0.094,0.328
TelevisionClip_480P-19d3,0.024,0.094,0.129
TelevisionClip_480P-1b49,0,0.094,0.531
TelevisionClip_480P-27ca,0.014,0.094,1
TelevisionClip_480P-280f,0,0.094,0
TelevisionClip_480P-2ead,0.024,0.094,0.174
TelevisionClip_480P-30b6,0.076,0.105,0.08
TelevisionClip_480P-3284,0.068,0.112,0.167
TelevisionClip_480P-3617,0.056,0.094,[NULL]
TelevisionClip_480P-373d,0,0.094,0.054
TelevisionClip_480P-3c64,0.002,0.12,0.064
TelevisionClip_480P-415c,0.055,0.097,0.414
TelevisionClip_480P-436c,0.028,0.095,0.404
TelevisionClip_480P-4c6b,0.222,0.094,0.271
TelevisionClip_480P-59f0,0,0.101,0.022
TelevisionClip_480P-723e,0.139,0.113,0.241
TelevisionClip_720P-1862,0.026,0.094,0.173
TelevisionClip_720P-19de,0.014,0.094,0.125
TelevisionClip_720P-1b61,0.113,0.094,0.332
TelevisionClip_720P-2b20,0,0.097,0
TelevisionClip_720P-31ce,0.091,0.139,0.198
TelevisionClip_720P-3f4c,0.129,0.094,0.598
TelevisionClip_720P-44d1,0,0.094,0.028
TelevisionClip_720P-4af1,0.014,0.14,[NULL]
TelevisionClip_720P-4edb,0.094,0.132,0.098
TelevisionClip_720P-522a,0,0.237,0.087
TelevisionClip_720P-5e93,0,0.212,0.05
TelevisionClip_720P-7c06,0.116,0.094,0.16
VR_1080P-0427,0.019,0.094,0.094
VR_1080P-04fc,0,0.095,0
VR_1080P-050c,0.177,0.168,0
VR_1080P-0519,0.101,0.094,0
VR_1080P-052d,0.028,0.171,0
VR_1080P-0597,0,0.094,0
VR_1080P-08f0,0.027,0.099,0
VR_1080P-0f2c,0.093,0.182,0
VR_1080P-1010,0.035,0.173,0.178
VR_1080P-1a9c,0.005,0.094,0.095
VR_1080P-1d16,0.05,0.094,0.123
VR_1080P-2831,0.116,0.097,0
VR_1080P-292f,0.115,0.094,0.374
VR_1080P-2d91,0.027,0.094,0
VR_1080P-2f02,0.081,0.095,0.02
VR_1080P-313b,0.089,0.094,0.037
VR_1080P-384e,0.019,0.094,0.065
VR_1080P-38d6,0,0.095,0
VR_1080P-3958,0.042,0.176,0
VR_1080P-3b63,0.205,0.106,0
VR_1080P-3d5f,0.254,0.094,0
VR_1080P-3e1b,0.354,0.094,0.126
VR_1080P-3f81,0,0.133,0.12
VR_1080P-43b2,0.146,0.094,0
VR_1080P-4aeb,0.035,0.099,0
VR_1080P-4d74,0.056,0.166,0
VR_1080P-506a,0.003,0.094,[NULL]
VR_1080P-5667,0.016,0.102,0
VR_1080P-6093,0.034,0.097,0.042
VR_1080P-6261,0.135,0.2,0.039
VR_1080P-6501,0.037,0.096,0.091
VR_1080P-6cc4,0,0.118,0
VR_1080P-7067,0.356,0.094,0.109
VR_1080P-76a2,0.065,0.103,0.006
VR_1080P-77eb,0,0.094,0
VR_1080P-7abd,0.255,0.094,0.158
VR_2160P-05a6,0.116,0.114,0
VR_2160P-097e,0.068,0.094,[NULL]
VR_2160P-0ba9,0.003,0.293,0.142
VR_2160P-0e03,0,0.094,0.16
VR_2160P-0edf,0.172,0.094,0.118
VR_2160P-12ac,0.101,0.094,0.035
VR_2160P-1422,0.054,0.137,0
VR_2160P-1456,0,0.094,0
VR_2160P-1477,0,0.1,0
VR_2160P-1546,0,0.095,0
VR_2160P-176f,0.131,0.121,0
VR_2160P-1c15,0.316,0.131,0
VR_2160P-2227,0.062,0.157,0
VR_2160P-29c3,0.194,0.094,0
VR_2160P-2dc9,0.013,0.36,0
VR_2160P-36ac,0.136,0.094,0
VR_2160P-3b3a,0.113,0.094,0
VR_2160P-40af,0.023,0.175,0
VR_2160P-42fa,0.097,0.481,0
VR_2160P-4656,0.118,0.094,0
VR_2160P-4725,0,0.097,0
VR_2160P-5489,0.004,0.094,[NULL]
VR_2160P-5726,0.012,0.123,0
VR_2160P-5c23,0.014,0.508,0
VR_2160P-5e5d,0,0.094,0
VR_2160P-613e,0.153,0.094,0
VR_2160P-6567,0.13,0.094,0
VR_2160P-674b,0.161,0.094,0
VR_2160P-6d4f,0.009,0.094,0
VR_2160P-6d71,0.076,0.094,0.073
VR_2160P-779d,0.194,0.094,0.025
VR_2160P-7874,0.087,0.124,0
VR_2160P-7947,0.13,0.094,[NULL]
VR_2160P-7977,0.048,0.122,0
VR_2160P-7eab,0.242,0.094,0.097
VR_720P-00d2,0.142,0.094,0
VR_720P-063e,0,0.094,0.013
VR_720P-0641,0.026,0.094,[NULL]
VR_720P-09ae,0,0.301,0.041
VR_720P-1b9a,0.037,0.242,0
VR_720P-1dd7,0.006,0.1,0.053
VR_720P-23a9,0,0.095,0.005
VR_720P-32ed,0.026,0.094,0.009
VR_720P-3386,0.205,0.094,0.042
VR_720P-339f,0.18,0.193,0
VR_720P-364f,0.002,0.094,0
VR_720P-380e,0,0.454,0.066
VR_720P-403e,0.005,0.096,0.096
VR_720P-43fc,0.127,0.097,0
VR_720P-448a,0.106,0.094,0.139
VR_720P-557f,0.147,0.096,0.16
VR_720P-748e,0.054,0.175,0.126
VR_720P-7f3e,0.168,0.095,0
VerticalVideo_1080P-04d4,0.41,0.095,0.128
VerticalVideo_1080P-1105,0.221,0.15,0.064
VerticalVideo_1080P-1ac1,0.176,0.096,0.125
VerticalVideo_1080P-1c86,0,0.094,0.137
VerticalVideo_1080P-2195,0.082,0.095,0
VerticalVideo_1080P-2f00,0.142,0.094,0.143
VerticalVideo_1080P-30b0,0.104,0.118,[NULL]
VerticalVideo_1080P-34ba,0.374,0.095,0.027
VerticalVideo_1080P-360f,0,0.094,0
VerticalVideo_1080P-3709,0.09,0.094,0.112
VerticalVideo_1080P-3a9b,0.087,0.095,0
VerticalVideo_1080P-3d96,0.001,0.094,0.051
VerticalVideo_1080P-4591,0.08,0.094,0.132
VerticalVideo_1080P-4925,0.092,0.097,0
VerticalVideo_1080P-4b92,0.207,0.109,0
VerticalVideo_1080P-4da5,0,0.103,0
VerticalVideo_1080P-6e19,0.158,0.096,0
VerticalVideo_1080P-73b6,0.017,0.094,0.174
VerticalVideo_1080P-766b,0,0.094,0.045
VerticalVideo_1080P-7c5c,0.01,0.094,0.036
VerticalVideo_1080P-7cf3,0.001,0.094,0.134
VerticalVideo_2160P-6d62,0.091,0.294,0.107
VerticalVideo_360P-0d29,0.024,0.152,0.104
VerticalVideo_360P-1424,0.012,0.094,0.028
VerticalVideo_360P-145e,0.15,0.12,0.131
VerticalVideo_360P-2bb0,0.147,0.095,0.153
VerticalVideo_360P-2fa3,0,0.094,0
VerticalVideo_360P-3936,0.201,0.094,0.126
VerticalVideo_360P-3b4e,0.031,0.098,0.137
VerticalVideo_360P-42f1,0.302,0.109,0.105
VerticalVideo_360P-49de,0.127,0.094,[NULL]
VerticalVideo_360P-52c1,0.003,0.094,0.192
VerticalVideo_360P-5429,0.16,0.094,0.17
VerticalVideo_360P-54f7,0,0.094,0.114
VerticalVideo_360P-579c,0,0.188,0.181
VerticalVideo_360P-634f,0.004,0.096,0.131
VerticalVideo_360P-6490,0.16,0.097,0.137
VerticalVideo_360P-694d,0.101,0.095,0.211
VerticalVideo_360P-6ff2,0.225,0.105,0.104
VerticalVideo_360P-70a9,0.15,0.109,0.096
VerticalVideo_360P-7ba8,0.039,0.094,0.15
VerticalVideo_360P-7ec3,0.154,0.094,0.132
VerticalVideo_480P-1bb9,0.102,0.094,0.113
VerticalVideo_480P-2aa1,0.143,0.094,0.182
VerticalVideo_480P-2fa4,0.182,0.251,0.085
VerticalVideo_480P-34b9,0.161,0.094,0.143
VerticalVideo_480P-3a6a,0.062,0.094,0.068
VerticalVideo_480P-419c,0.008,0.094,0.075
VerticalVideo_480P-467e,0.204,0.131,0.106
VerticalVideo_480P-5168,0.04,0.094,0
VerticalVideo_480P-51b7,0.291,0.215,0.065
VerticalVideo_480P-550d,0.002,0.162,0.107
VerticalVideo_480P-572a,0.216,0.094,0.179
VerticalVideo_480P-7278,0,0.557,0.052
VerticalVideo_480P-729c,0.096,0.186,0
VerticalVideo_480P-790a,0,0.319,0.102
VerticalVideo_720P-0750,0.125,0.099,0.08
VerticalVideo_720P-0dac,0.011,0.139,0.06
VerticalVideo_720P-0f61,0,0.397,0
VerticalVideo_720P-19fa,0.292,0.108,0.097
VerticalVideo_720P-1ada,0.04,0.286,0.069
VerticalVideo_720P-2efc,0.256,0.114,0.166
VerticalVideo_720P-3df7,0.114,0.095,0.128
VerticalVideo_720P-42f2,0.249,0.099,0.319
VerticalVideo_720P-44de,0,0.094,0
VerticalVideo_720P-456c,0.128,0.232,0.158
VerticalVideo_720P-4730,0.054,0.094,[NULL]
VerticalVideo_720P-4ca7,0,0.424,0
VerticalVideo_720P-57eb,0.061,0.11,0.066
VerticalVideo_720P-6580,0.143,0.094,0.256
VerticalVideo_720P-665d,0.106,0.094,0
VerticalVideo_720P-669d,0,0.622,0.075
VerticalVideo_720P-6bf7,0.034,0.098,0
VerticalVideo_720P-7517,0,0.094,0
VerticalVideo_720P-7859,0.289,0.104,0
VerticalVideo_720P-7c1d,0,0.107,0.048
Vlog_1080P-010b,0.037,0.094,0
Vlog_1080P-04fe,0.137,0.167,0.085
Vlog_1080P-1609,0.002,0.123,0.175
Vlog_1080P-18da,0.08,0.151,0
Vlog_1080P-19bb,0.206,0.111,0.244
Vlog_1080P-19cc,0.009,0.094,0.096
Vlog_1080P-1a53,0,0.111,0
Vlog_1080P-1df9,0.054,0.099,0
Vlog_1080P-1e70,0.017,0.175,0.087
Vlog_1080P-1f0a,0.05,0.126,0.029
Vlog_1080P-21f5,0.033,0.094,0.039
Vlog_1080P-232f,0.156,0.134,0
Vlog_1080P-2394,0.249,0.094,0.085
Vlog_1080P-23cb,0.031,0.094,0.117
Vlog_1080P-25de,0.06,0.098,0.124
Vlog_1080P-2600,0,0.094,0
Vlog_1080P-26dc,0.007,0.097,0
Vlog_1080P-2cda,0.083,0.102,0
Vlog_1080P-322f,0.171,0.095,0
Vlog_1080P-34cb,0.053,0.158,0.031
Vlog_1080P-35cd,0.026,0.11,0.108
Vlog_1080P-3744,0.144,0.094,0.066
Vlog_1080P-37cf,0.182,0.106,0.072
Vlog_1080P-45c9,0.026,0.094,0.125
Vlog_1080P-4921,0.063,0.095,0.067
Vlog_1080P-4a91,0.034,0.097,[NULL]
Vlog_1080P-4ba9,0.016,0.097,0
Vlog_1080P-4f26,0.215,0.143,0.023
Vlog_1080P-52fe,0.204,0.094,0.076
Vlog_1080P-58ad,0.044,0.243,0.047
Vlog_1080P-5904,0.067,0.095,0.106
Vlog_1080P-5a19,0.012,0.094,0.1
Vlog_1080P-5c65,0,0.101,0.162
Vlog_1080P-5f28,0.217,0.286,0
Vlog_1080P-62fc,0.029,0.094,[NULL]
Vlog_1080P-634b,0.061,0.1,0.061
Vlog_1080P-64b6,0.409,0.16,0
Vlog_1080P-6686,0.36,0.094,0.162
Vlog_1080P-687a,0.027,0.098,0.139
Vlog_1080P-7062,0.214,0.094,0
Vlog_1080P-75b0,0.053,0.112,0.092
Vlog_1080P-7b67,0.081,0.095,0.052
Vlog_1080P-7e8c,0.273,0.094,0.103
Vlog_2160P-0289,0,0.094,0
Vlog_2160P-030a,0.057,0.129,0.05
Vlog_2160P-03a9,0.067,0.157,0
Vlog_2160P-0577,0.061,0.094,[NULL]
Vlog_2160P-059c,0.057,0.101,0.103
Vlog_2160P-09c9,0.096,0.094,[NULL]
Vlog_2160P-0fb2,0.001,0.094,0.007
Vlog_2160P-1021,0.191,0.102,[NULL]
Vlog_2160P-11c0,0.083,0.096,0.123
Vlog_2160P-13a1,0.063,0.439,0
Vlog_2160P-13fe,0.217,0.095,0
Vlog_2160P-19f9,0.098,0.096,0
Vlog_2160P-1ff6,0.034,0.104,0.12
Vlog_2160P-217c,0.113,0.105,0
Vlog_2160P-255c,0.013,0.097,0
Vlog_2160P-266c,0.22,0.094,0
Vlog_2160P-26ef,0.21,0.094,0
Vlog_2160P-2953,0.042,0.096,0.113
Vlog_2160P-2b2d,0.131,0.156,0
Vlog_2160P-2b61,0.117,0.094,0
Vlog_2160P-3019,0.202,0.1,0
Vlog_2160P-310b,0.124,0.102,0
Vlog_2160P-327a,0.086,0.427,0
Vlog_2160P-342a,0.01,0.095,0
Vlog_2160P-3a75,0.144,0.102,0
Vlog_2160P-408f,0.111,0.095,0
Vlog_2160P-416c,0.167,0.147,0
Vlog_2160P-4362,0.095,0.1,0
Vlog_2160P-4419,0.14,0.105,0.115
Vlog_2160P-4655,0.092,0.094,0
Vlog_2160P-4f98,0.009,0.349,0.041
Vlog_2160P-522f,0.136,0.119,0
Vlog_2160P-56e4,0.031,0.094,0.113
Vlog_2160P-5874,0.031,0.094,0
Vlog_2160P-62b2,0.156,0.135,0.099
Vlog_2160P-6629,0.032,0.094,[NULL]
Vlog_2160P-6bf1,0.243,0.094,0
Vlog_2160P-6f92,0.079,0.115,0.022
Vlog_2160P-700c,0.079,0.241,0
Vlog_2160P-70d6,0,0.095,0.098
Vlog_2160P-7295,0.205,0.094,0
Vlog_2160P-7324,0.078,0.114,0
Vlog_2160P-77d8,0.123,0.098,0
Vlog_2160P-7b10,0.052,0.103,0
Vlog_2160P-7b5c,0.069,0.263,0.071
Vlog_2160P-7bfb,0.028,0.094,0
Vlog_2160P-7f05,0.001,0.094,0
Vlog_2160P-7f9f,0.083,0.094,0
Vlog_360P-0432,0.031,0.099,0.172
Vlog_360P-1e5b,0.297,0.094,0.136
Vlog_360P-22a0,0.361,0.094,0.279
Vlog_360P-2973,0,0.099,0.106
Vlog_360P-2e9d,0.023,0.094,0.025
Vlog_360P-3121,0.02,0.094,0.067
Vlog_360P-3bc2,0.207,0.095,0.323
Vlog_360P-433e,0,0.096,0.38
Vlog_360P-435d,0.166,0.186,0.154
Vlog_360P-4697,0,0.094,0.094
Vlog_360P-4795,0.302,0.098,0.692
Vlog_360P-4ad1,0.019,0.097,0.042
Vlog_360P-4d71,0.119,0.117,0.112
Vlog_360P-5f43,0.07,0.101,0.184
Vlog_360P-6279,0.072,0.095,0.214
Vlog_360P-7334,0.106,0.122,0.17
Vlog_360P-76ae,0.092,0.101,0.16
Vlog_360P-7efe,0.002,0.094,0.124
Vlog_480P-08c7,0.014,0.095,0.222
Vlog_480P-0980,0.602,0.094,0.006
Vlog_480P-0ddc,0.052,0.094,0
Vlog_480P-1b39,0.061,0.101,0.205
Vlog_480P-206f,0.187,0.094,0.18
Vlog_480P-279d,0.009,0.094,0.152
Vlog_480P-2cad,0.099,0.095,0.255
Vlog_480P-34ba,0.07,0.096,0.193
Vlog_480P-476b,0,0.094,0.143
Vlog_480P-4beb,0,0.095,0
Vlog_480P-5275,0.184,0.124,0.121
Vlog_480P-535d,0.065,0.159,0.109
Vlog_480P-59dc,0,0.094,0.379
Vlog_480P-5a31,0.091,0.094,0.106
Vlog_480P-5dfe,0.097,0.143,0.115
Vlog_480P-5e1c,0,0.094,0
Vlog_480P-5ebd,0.059,0.096,0.144
Vlog_480P-6395,0.114,0.095,0.163
Vlog_480P-6c60,0.249,0.094,0.282
Vlog_480P-7105,0.004,0.097,0
Vlog_480P-7237,0.018,0.097,0.105
Vlog_480P-7615,0,0.094,0
Vlog_480P-7754,0.237,0.094,0.177
Vlog_480P-7d0c,0.082,0.095,0.802
Vlog_480P-7ecf,0.062,0.094,0.033
Vlog_720P-033a,0.008,0.094,0.107
Vlog_720P-03d5,0.296,0.094,0.158
Vlog_720P-03f9,0.085,0.095,0.077
Vlog_720P-0d79,0.085,0.096,0
Vlog_720P-1003,0.021,0.094,0.043
Vlog_720P-11c5,0.06,0.103,0.103
Vlog_720P-135c,0.115,0.094,0.016
Vlog_720P-141f,0.005,0.194,0.263
Vlog_720P-155f,0.127,0.094,0.146
Vlog_720P-2929,0.011,0.105,0.124
Vlog_720P-313f,0.023,0.096,0.075
Vlog_720P-329f,0.051,0.094,[NULL]
Vlog_720P-32b2,0,0.094,0.17
Vlog_720P-343d,0,0.767,0.112
Vlog_720P-372d,0.023,0.094,0.125
Vlog_720P-3e9c,0.009,0.1,0
Vlog_720P-4e3d,0.025,0.094,0
Vlog_720P-5364,0.086,0.12,0.196
Vlog_720P-55b6,0.12,0.094,0.051
Vlog_720P-561e,0,0.094,0
Vlog_720P-5d08,0,0.094,[NULL]
Vlog_720P-60f8,0.146,0.179,0.108
Vlog_720P-6410,0.029,0.446,0.062
Vlog_720P-6d56,0.17,0.096,[NULL]
