id,name,size,height,width,description,rpix,gpix,bpix
0,ILSVRC2012_val_00002521,120848,500,500,Tibetan_terrier,92.154688,83.641064,82.97326
1,ILSVRC2012_val_00006003,120852,500,336,axolotl,111.25631547619,104.548511904762,117.261172619048
2,ILSVRC2012_val_00006394,120839,640,480,vacuum,103.77861328125,98.3967708333333,114.445361328125
3,ILSVRC2012_val_00006621,120876,500,375,iron,134.143461333333,151.572298666667,162.605733333333
4,ILSVRC2012_val_00006934,120875,375,500,velvet,79.434784,106.766698666667,119.821893333333
5,ILSVRC2012_val_00006979,120834,333,500,lacewing,94.0892372372372,98.303021021021,115.465027027027
6,ILSVRC2012_val_00012137,120808,500,377,banana,72.253649867374,120.108053050398,115.816774535809
7,ILSVRC2012_val_00012599,120824,500,449,parachute,102.583768374165,136.793296213808,158.049064587973
8,ILSVRC2012_val_00012600,120845,500,333,dowitcher,100.940444444444,104.753921921922,102.912108108108
9,ILSVRC2012_val_00013630,120821,500,375,reel,62.0760213333333,80.0522026666667,95.530144
10,ILSVRC2012_val_00015743,120815,500,375,bib,118.248474666667,142.679088,149.230437333333
11,ILSVRC2012_val_00015964,120804,442,500,gazelle,133.219117647059,130.28020361991,126.566484162896
12,ILSVRC2012_val_00018549,120800,375,500,shoe_shop,125.953738666667,105.731072,152.730229333333
13,ILSVRC2012_val_00020790,120818,500,375,moped,151.387770666667,148.599061333333,144.451674666667
14,ILSVRC2012_val_00024256,120818,400,500,cougar,63.93459,149.424535,123.45894
15,ILSVRC2012_val_00024398,120864,500,333,shovel,131.708114114114,143.666498498499,136.689249249249
16,ILSVRC2012_val_00024775,120852,500,375,cuirass,94.4053226666667,116.726128,123.759290666667
17,ILSVRC2012_val_00025622,120881,500,458,Loafer,135.17480349345,128.234296943231,117.697541484716
18,ILSVRC2012_val_00027092,120868,500,375,mortar,160.795786666667,168.005365333333,172.346138666667
19,ILSVRC2012_val_00027698,120831,500,407,suspension_bridge,122.921832923833,149.597552825553,121.73371990172
20,ILSVRC2012_val_00028064,120857,500,375,wallet,101.566688,108.624346666667,122.84544
21,ILSVRC2012_val_00028224,120866,500,381,malamute,85.8468503937008,98.4637795275591,103.577564304462
22,ILSVRC2012_val_00028773,120871,500,375,jack-o'-lantern,83.745824,80.187984,103.215722666667
23,ILSVRC2012_val_00029421,120833,500,500,table_lamp,53.857056,105.389124,101.66322
24,ILSVRC2012_val_00030572,120836,500,375,parachute,56.362176,68.63072,77.633488
25,ILSVRC2012_val_00031441,120827,500,497,perfume,199.204394366197,193.879235412475,184.666684104628
26,ILSVRC2012_val_00033154,120802,500,500,ladybug,137.059572,137.113004,136.458252
27,ILSVRC2012_val_00034526,120824,500,411,flagpole,52.3520194647202,65.5309927007299,83.3719075425791
28,ILSVRC2012_val_00037490,120852,375,500,cocker_spaniel,101.783018666667,145.736128,137.533482666667
29,ILSVRC2012_val_00038877,120801,500,375,paintbrush,121.564133333333,135.427690666667,148.21864
30,ILSVRC2012_val_00040135,120856,500,375,baboon,151.194250666667,149.312272,150.507066666667
31,ILSVRC2012_val_00040820,120878,500,333,Weimaraner,56.9754834834835,61.8884204204204,65.8740900900901
32,ILSVRC2012_val_00041297,120885,500,375,gas_pump,64.6537973333333,66.9668213333333,64.324608
33,ILSVRC2012_val_00042781,120802,500,414,Shetland_sheepdog,100.91390821256,129.320801932367,156.718410628019
34,ILSVRC2012_val_00045707,120844,423,500,drumstick,152.726321513002,172.285602836879,183.173489361702
35,ILSVRC2012_val_00046360,120830,500,375,running_shoe,182.109461333333,160.211168,160.661573333333
36,n01440764_10211,251494,640,480,tench,143.269039713542,143.453678385417,148.048141276042
37,n01440764_10281,770574,2000,1500,tench,86.5262116666667,105.791108333333,92.2216876666667
38,n01440764_10320,311256,590,480,tench,136.28165960452,135.102376412429,134.833446327684
39,n01440764_10548,261533,500,375,tench,74.4974293333333,99.05784,97.23288
40,n01440764_1063,263968,1600,1200,tench,90.5757557291667,103.501777083333,98.198428125
41,n01440764_10783,320843,1855,2048,tench,116.721745493598,125.23587222035,114.871135339454
42,n01440764_10787,436927,1489,722,tench,125.025208872452,138.111043311152,157.354844110736
43,n01440764_1113,256464,500,391,tench,108.211335038363,128.42516112532,126.304071611253
44,n01440764_11155,884864,1200,909,tench,99.9969783645031,111.147648514851,117.030495966263
45,n01440764_11507,263801,375,500,tench,63.3009866666667,125.151109333333,104.651098666667
46,n01440764_11547,636479,800,566,tench,102.292193021201,89.0004461130742,97.9104681978799
47,n01440764_11974,240850,500,375,tench,117.293946666667,137.603018666667,134.005237333333
48,n01440764_12898,245099,500,375,tench,77.28104,112.678789333333,98.3639413333333
49,n01440764_13274,273549,1451,1088,tench,92.9690844549398,133.95454263287,117.766183691774
50,n01440764_13368,7295329,4288,2848,tench,46.0118175853964,52.1190566108188,56.0969740646749
51,n01440764_13545,269345,500,375,tench,40.3929173333333,103.805034666667,121.411930666667
52,n01440764_13766,242601,500,334,tench,107.734952095808,132.567047904192,128.675982035928
53,n01440764_141,1470776,2048,1536,tench,113.626283009847,147.369397163391,147.17396958669
54,n01440764_148,1060097,2304,1728,tench,66.9999356995885,92.2177332497428,91.1026689191905
55,n01440764_1735,253034,500,375,tench,74.302432,105.640032,87.8674986666667
56,n01440764_18,244664,375,500,tench,101.335632,130.92992,126.579648
57,n01440764_20523,242245,363,500,tench,81.7922258953168,99.1258512396694,99.1505289256198
58,n01440764_2118,254363,500,375,tench,86.5268266666667,112.278010666667,109.201248
59,n01440764_2298,291355,500,375,tench,55.6372693333333,121.381082666667,97.785904
60,n01440764_2369,1381922,2048,1536,tench,87.719775835673,116.588157653809,115.149607658386
61,n01440764_2628,241151,500,375,tench,119.401861333333,119.770746666667,116.830202666667
62,n01440764_2690,239126,500,375,tench,95.829584,123.000848,100.821626666667
63,n01440764_2708,2160232,2816,2112,tench,58.4364639156121,109.776338771683,80.7721333989756
64,n01440764_28293,244818,500,375,tench,112.726682666667,119.307424,108.914250666667
65,n01440764_28394,278542,500,365,tench,91.3911178082192,110.269895890411,108.806767123288
66,n01440764_30331,248068,500,362,tench,87.5089060773481,107.738198895028,104.442607734807
67,n01440764_3151,265058,1280,960,tench,84.1248779296875,110.660802408854,111.000454101563
68,n01440764_3198,457262,1600,1200,tench,51.928303125,82.53731875,99.2185140625
69,n01440764_3354,243781,500,398,tench,101.447592964824,132.76827638191,126.03359798995
70,n01440764_3997,241332,500,375,tench,107.770442666667,112.627605333333,115.222682666667
71,n01440764_4058,257924,500,375,tench,122.207530666667,110.380010666667,91.7806186666667
72,n01440764_4221,260825,500,374,tench,59.1144919786096,94.7017593582888,98.2965935828877
73,n01440764_4540,249399,500,375,tench,52.4300053333333,80.5322986666667,72.0234133333333
74,n01440764_5295,276105,500,492,tench,82.788256097561,110.674654471545,98.3424756097561
75,n01440764_5339,294107,500,375,tench,130.080661333333,137.080837333333,123.626026666667
76,n01440764_5345,278671,500,375,tench,89.806368,86.04456,82.3152106666667
77,n01440764_5432,268872,1600,1200,tench,103.7413796875,118.39028125,114.6712703125
78,n01440764_5456,273313,500,375,tench,126.935461333333,134.289258666667,123.060944
79,n01440764_5647,238223,500,375,tench,86.100448,105.750410666667,109.122597333333
80,n01440764_574,404174,830,469,tench,47.0151514373057,84.7957124874766,78.7962134251291
81,n01440764_5802,327279,1600,1200,tench,143.302807291667,147.354196875,148.769684895833
82,n01440764_5902,486463,1600,1200,tench,90.2117848958333,139.674459375,112.901514583333
83,n01440764_6388,596673,2048,1536,tench,135.984427769979,142.093253771464,147.56113465627
84,n01440764_6548,239066,500,375,tench,77.875744,134.561562666667,118.432192
85,n01440764_6816,1440882,3264,2448,tench,106.382405129638,117.529968316473,102.475335507978
86,n01440764_7173,3831208,2864,1863,tench,50.1376875316739,71.3511443442876,64.1190550622682
87,n01440764_7362,283290,500,375,tench,98.790448,110.374837333333,109.941861333333
88,n01440764_7397,426542,480,640,tench,41.8411946614583,43.9769368489583,47.833154296875
89,n01440764_7411,374655,640,480,tench,108.912643229167,125.619833984375,121.754046223958
90,n01440764_7462,287288,560,420,tench,85.7544302721088,103.270854591837,97.3506292517007
91,n01440764_7473,1439536,3072,2304,tench,116.146789268211,129.833094420256,137.2000608091
92,n01440764_7531,1010542,1600,1200,tench,135.909333333333,130.2774765625,120.985205208333
93,n01440764_7610,621371,2048,1536,tench,99.1067380905151,128.438267707825,118.519921938578
94,n01440764_78,275223,940,705,tench,77.6605070167497,89.2411543684925,55.6111030632262
95,n01440764_7982,1777055,1844,1354,tench,43.1547359474779,80.6134222693586,75.8266816887058
96,n01440764_8052,433194,1536,1152,tench,155.16674013491,156.306532118056,157.612655074508
97,n01440764_8057,515203,1600,1200,tench,86.0312510416667,87.0557645833333,91.193040625
98,n01440764_8250,240156,388,500,tench,115.754649484536,142.493984536082,117.460974226804
99,n01440764_8343,658443,800,533,tench,45.7385014071295,73.1623006566604,69.3558677298311
100,n01440764_8521,423678,1600,1200,tench,82.2321380208333,119.421854166667,111.754646354167
101,n01440764_8580,4059699,3264,2448,tench,104.903242092384,122.068876128372,120.497872663158
102,n01440764_9091,375150,1600,1200,tench,96.0634130208333,78.7097489583333,85.1501989583333
103,n01440764_9456,454149,2010,2563,tench,111.189368413492,107.414478136046,103.20303962047
104,n01440764_9491,275825,500,375,tench,113.800330666667,148.503296,133.420378666667
105,n01518878_10073,52619,500,333,ostrich,85.7910690690691,103.478312312312,102.266114114114
106,n01518878_10391,55243,500,333,ostrich,71.1866846846847,83.9247507507507,99.9846606606607
107,n01518878_10460,54020,500,333,ostrich,98.2415255255255,131.675987987988,141.30781981982
108,n01518878_10983,30536,266,400,ostrich,141.610507518797,164.617565789474,176.478853383459
109,n01518878_11390,48613,500,334,ostrich,27.9830718562874,35.4050538922156,37.326119760479
110,n01518878_11611,53126,400,300,ostrich,30.9748166666667,51.96075,54.2858666666667
111,n01518878_12001,57831,332,500,ostrich,146.649234939759,196.945042168675,207.850674698795
112,n01518878_12647,38721,580,300,ostrich,116.573040229885,129.361913793103,135.632879310345
113,n01518878_1324,40186,550,347,ostrich,166.817443018077,171.103321980613,181.165931359707
114,n01518878_13468,43208,560,309,ostrich,88.0900716597319,107.175231160425,126.477785483125
115,n01518878_14709,44004,500,333,ostrich,28.1433333333333,36.234996996997,38.6815075075075
116,n01518878_1482,58634,600,450,ostrich,129.454962962963,136.088940740741,132.855907407407
117,n01518878_1501,47173,400,266,ostrich,129.564276315789,150.513872180451,162.909426691729
118,n01518878_1548,57869,500,333,ostrich,102.824816816817,121.769567567568,113.513933933934
119,n01518878_1642,60447,484,500,ostrich,98.6816446280992,125.784991735537,137.467388429752
120,n01518878_1680,26452,600,400,ostrich,87.5490666666667,109.3601375,89.6162541666667
121,n01518878_1762,44635,580,437,ostrich,72.8677976801073,93.7927010179121,119.157058312949
122,n01518878_1780,37216,454,497,ostrich,95.8171717529849,114.116115193363,115.638992545582
123,n01518878_1797,32962,500,375,ostrich,118.621152,145.547957333333,148.934704
124,n01518878_1894,47197,575,385,ostrich,108.588282326369,141.290439299831,158.128533032185
125,n01518878_2048,39322,523,358,ostrich,126.711638911736,133.923251118921,128.149556170354
126,n01518878_20550,57929,500,359,ostrich,33.023364902507,54.743938718663,38.667704735376
127,n01518878_2170,44009,500,335,ostrich,35.094471641791,37.2206626865672,37.2668417910448
128,n01518878_2188,58752,333,500,ostrich,137.262810810811,162.42566966967,181.14181981982
129,n01518878_2280,53986,500,335,ostrich,97.4058865671642,108.940602985075,107.284370149254
130,n01518878_2673,14254,333,500,ostrich,185.061555555556,179.334348348348,156.090810810811
131,n01518878_2774,59839,500,375,ostrich,106.727061333333,143.361658666667,149.175152
132,n01518878_27921,53972,500,334,ostrich,188.747137724551,165.810832335329,141.871694610778
133,n01518878_288,41790,600,406,ostrich,175.996941707718,141.844105090312,71.4436453201971
134,n01518878_2909,52477,500,333,ostrich,59.6417897897898,69.8480720720721,90.0818138138138
135,n01518878_2916,41969,375,500,ostrich,118.887994666667,141.069210666667,155.291312
136,n01518878_338,33837,500,375,ostrich,145.996944,147.323466666667,145.357125333333
137,n01518878_34309,55041,500,338,ostrich,70.955325443787,73.8587633136095,71.894674556213
138,n01518878_3493,57213,333,500,ostrich,91.7008168168168,96.8645225225225,97.1026306306306
139,n01518878_3626,54635,500,333,ostrich,200.526864864865,177.682264264264,160.7223003003
140,n01518878_388,16201,370,567,ostrich,123.872877639544,112.978802612136,88.1231374231374
141,n01518878_3898,39196,550,359,ostrich,114.912170169663,142.955148138769,148.195376044568
142,n01518878_3931,41738,419,500,ostrich,180.958276849642,185.847680190931,168.257923627685
143,n01518878_4094,50586,500,391,ostrich,108.609304347826,136.388281329923,148.288941176471
144,n01518878_415,49956,500,333,ostrich,54.0908588588589,108.649903903904,87.5462162162162
145,n01518878_4195,50489,500,375,ostrich,114.435066666667,167.352128,198.976117333333
146,n01518878_4259,45068,500,375,ostrich,91.885328,132.888090666667,115.209712
147,n01518878_4392,51711,500,422,ostrich,150.076322274882,160.33408056872,167.509289099526
148,n01518878_447,53348,500,375,ostrich,105.953482666667,103.589509333333,111.591466666667
149,n01518878_4548,56732,500,333,ostrich,175.04375975976,163.731783783784,152.676114114114
150,n01518878_4636,57328,400,300,ostrich,49.8304,58.9222583333333,62.4475416666667
151,n01518878_4809,42443,375,500,ostrich,82.5354933333333,82.5593813333333,81.5206986666667
152,n01518878_5640,50819,500,375,ostrich,145.456768,142.897034666667,146.813152
153,n01518878_5678,36565,347,520,ostrich,75.0631899800488,99.7609454666371,72.9580082021725
154,n01518878_5766,60390,333,500,ostrich,98.912018018018,120.947351351351,140.549291291291
155,n01518878_6031,57356,507,338,ostrich,120.571992110454,166.853004680042,137.095036354936
156,n01518878_6059,52308,758,496,ostrich,89.1218241978041,104.429850412801,121.022592348285
157,n01518878_6227,34428,500,375,ostrich,147.635488,152.27336,162.544896
158,n01518878_6277,33808,530,444,ostrich,137.478276389597,130.99815145334,111.521727859935
159,n01518878_6304,54482,500,500,ostrich,118.854544,128.729088,122.209672
160,n01518878_6310,44934,461,499,ostrich,105.665278496255,124.06908828503,117.203639382887
161,n01518878_6335,21639,357,523,ostrich,109.617226622963,131.520408545828,149.822634981335
162,n01518878_6427,42047,400,266,ostrich,115.903872180451,146.145159774436,163.225093984962
163,n01518878_6678,59054,600,415,ostrich,103.293132530121,124.058357429719,117.522265060241
164,n01518878_6971,57883,600,450,ostrich,181.592722222222,191.430944444444,193.642948148148
165,n01518878_699,57770,680,497,ostrich,74.8088116936916,85.9083205113031,100.096839862706
166,n01518878_7046,49261,640,480,ostrich,135.944921875,125.535250651042,121.870387369792
167,n01518878_7088,46206,400,266,ostrich,136.002960526316,164.498439849624,186.796503759399
168,n01518878_7156,49884,507,338,ostrich,89.8110885473198,93.328781671977,72.7536617532066
169,n01518878_7353,58290,500,375,ostrich,119.019333333333,128.855914666667,127.634394666667
170,n01518878_7621,36737,610,414,ostrich,182.838690900451,182.556529658668,176.62178664766
171,n01518878_7631,41529,400,266,ostrich,134.249896616541,160.432640977444,168.994793233083
172,n01518878_8066,60165,500,333,ostrich,35.5996816816817,47.9508228228228,51.7973993993994
173,n01518878_8242,23692,500,333,ostrich,240.499723723724,243.207171171171,246.368288288288
174,n01518878_8277,48114,800,533,ostrich,126.912917448405,180.106329737336,174.27398217636
175,n01518878_839,34796,420,640,ostrich,104.289032738095,127.68556547619,128.596521577381
176,n01518878_8520,53133,333,500,ostrich,79.1971711711712,92.0013153153153,101.276846846847
177,n01518878_9077,46879,266,400,ostrich,130.90337406015,158.544191729323,179.626447368421
178,n01518878_94,49797,600,568,ostrich,125.656875,141.396203051643,152.750290492958
179,n01518878_9576,33230,266,400,ostrich,148.103176691729,169.249934210526,178.634342105263
180,n01518878_959,28340,458,500,ostrich,130.549934497817,144.512366812227,156.553030567686
181,n01616318_224,75465,500,334,vulture,164.152083832335,163.909700598802,164.858784431138
182,n01616318_255,115573,375,500,vulture,172.297952,155.42104,124.122085333333
183,n01616318_259,133390,500,406,vulture,83.6703004926108,94.2552709359606,90.7516354679803
184,n01616318_264,216293,500,375,vulture,109.966890666667,141.216064,146.068810666667
185,n01616318_276,87408,400,500,vulture,39.217275,41.25475,47.309905
186,n01616318_280,205665,500,417,vulture,55.4643405275779,74.3419088729017,82.3588537170264
187,n01616318_294,101652,335,500,vulture,158.663325373134,161.178471641791,164.023576119403
188,n01616318_297,149176,500,405,vulture,114.663654320988,122.795901234568,148.799116049383
189,n01616318_299,78516,500,375,vulture,187.080394666667,134.06296,104.761850666667
190,n01616318_306,131358,433,459,vulture,157.409178503323,128.496213779328,101.477808470065
191,n01616318_312,92346,388,500,vulture,195.572927835052,186.371469072165,166.762912371134
192,n01616318_315,105919,400,500,vulture,96.815545,100.532435,97.51445
193,n01616318_316,94138,500,276,vulture,95.512152173913,80.5090652173913,58.8202753623188
194,n01616318_328,86163,500,343,vulture,51.7394927113703,59.9991428571429,61.897306122449
195,n01616318_334,146949,500,356,vulture,160.883842696629,167.101960674157,171.469471910112
196,n01616318_336,99381,500,397,vulture,111.091229219144,114.747460957179,118.93837279597
197,n01616318_337,95526,500,375,vulture,105.726666666667,122.806853333333,152.51384
198,n01616318_358,79226,500,282,vulture,65.3649290780142,95.7148936170213,79.7104255319149
199,n01616318_370,87668,500,375,vulture,150.592026666667,135.889509333333,122.891717333333
200,n01616318_378,108498,340,500,vulture,70.8775294117647,103.616164705882,93.5425411764706
201,n01616318_381,221080,367,500,vulture,66.0305613079019,105.150403269755,101.528528610354
202,n01616318_388,97728,500,334,vulture,79.32425748503,87.6481916167665,85.8014550898204
203,n01616318_389,65984,500,334,vulture,124.98194011976,141.654185628743,131.492221556886
204,n01737021_120,160430,500,375,water_snake,89.752384,124.113664,137.703477333333
205,n01737021_124,204227,500,375,water_snake,86.0284426666667,93.2368106666667,96.41968
206,n01737021_13,136840,500,333,water_snake,118.159075075075,118.601483483483,116.294816816817
207,n01737021_141,62777,500,373,water_snake,63.1499463806971,83.0335174262735,105.102981233244
208,n01737021_144,174491,500,385,water_snake,74.5711168831169,119.014051948052,125.627885714286
209,n01737021_163,155694,500,403,water_snake,104.17111662531,112.313607940447,119.087399503722
210,n01737021_18,159309,500,378,water_snake,140.93364021164,116.541349206349,101.516746031746
211,n01737021_186,168351,500,375,water_snake,105.862693333333,128.940693333333,120.078058666667
212,n01737021_205,93020,500,353,water_snake,93.9615580736544,93.9615580736544,93.9615580736544
213,n01737021_211,664208,800,533,water_snake,96.5602110694184,105.755476078799,125.514650562852
214,n01737021_218,218114,500,375,water_snake,69.5649706666667,95.3628106666667,111.626933333333
215,n01737021_227,25388,600,450,water_snake,134.974196296296,137.883666666667,138.369277777778
216,n01737021_232,139576,500,375,water_snake,135.408064,138.945210666667,136.264197333333
217,n01737021_233,103721,500,333,water_snake,95.0491771771772,137.274798798799,175.397927927928
218,n01737021_236,66148,700,555,water_snake,96.0349703989704,117.503498069498,132.380455598456
219,n01737021_270,187101,500,375,water_snake,70.5855093333333,106.164592,114.212016
220,n01737021_273,53154,566,399,water_snake,90.5465651761914,116.943613450588,113.217540317224
221,n01737021_299,124380,500,375,water_snake,123.97112,136.907418666667,145.720976
222,n01737021_31,112167,500,334,water_snake,61.7918862275449,56.9684251497006,50.0107305389222
223,n01737021_313,70757,640,426,water_snake,169.775696889671,145.896038732394,117.676984301643
224,n01737021_315,155275,500,375,water_snake,137.11984,151.191056,148.050906666667
225,n01737021_322,159445,500,375,water_snake,141.804218666667,139.098672,135.791114666667
226,n01737021_324,168163,500,361,water_snake,84.5998781163435,102.503396121884,115.217030470914
227,n01737021_332,221031,500,338,water_snake,62.7237633136095,153.19349112426,134.535609467456
228,n01737021_348,132199,500,375,water_snake,112.958592,123.390208,126.554784
229,n01737021_36,198522,375,500,water_snake,68.9257066666667,109.1044,123.427642666667
230,n01737021_362,341596,1818,1188,water_snake,54.4823625881107,86.019544084038,95.7682277487008
231,n01737021_38,154918,842,674,water_snake,140.051858299795,139.297204620904,137.229166813507
232,n01737021_382,184305,500,333,water_snake,82.0306906906907,100.148054054054,106.599951951952
233,n01737021_419,113418,500,375,water_snake,80.3591946666667,106.924090666667,109.811610666667
234,n01737021_428,124301,500,333,water_snake,72.4913813813814,121.815771771772,149.476576576577
235,n01737021_429,47296,480,360,water_snake,157.623402777778,157.623402777778,157.623402777778
236,n01737021_443,131334,500,358,water_snake,106.334944134078,112.494391061453,116.627162011173
237,n01737021_475,121164,500,334,water_snake,116.937131736527,122.928413173653,136.076982035928
238,n01737021_511,146568,500,375,water_snake,79.6039413333333,128.938186666667,137.475477333333
239,n01737021_528,116133,500,375,water_snake,117.615829333333,137.713002666667,150.002218666667
240,n01737021_529,205712,500,350,water_snake,72.9479885714286,78.4002628571429,78.7210514285714
241,n01737021_546,93121,500,333,water_snake,118.792924924925,135.112036036036,128.732216216216
242,n01737021_568,173112,500,375,water_snake,25.4391893333333,48.2826506666667,70.452688
243,n01737021_58,45180,500,467,water_snake,102.968316916488,122.131370449679,135.554364025696
244,n01737021_589,153922,500,375,water_snake,111.779253333333,130.379738666667,142.090330666667
245,n01737021_612,250186,500,375,water_snake,111.827349333333,123.687461333333,132.66304
246,n01737021_652,156965,411,500,water_snake,51.4000340632603,93.4929197080292,130.023922141119
247,n01737021_658,179141,500,332,water_snake,79.782921686747,106.521921686747,122.856234939759
248,n01737021_66,121328,500,333,water_snake,117.910642642643,116.38360960961,116.501867867868
249,n01737021_669,146202,500,362,water_snake,88.091817679558,99.1751215469613,104.460784530387
250,n01737021_692,121807,500,377,water_snake,91.9742281167109,101.98124137931,130.863129973475
251,n01737021_698,66133,500,374,water_snake,119.433561497326,167.855748663102,141.592037433155
252,n01737021_7,149802,500,334,water_snake,105.508928143713,132.116023952096,124.396610778443
253,n01737021_713,181199,500,362,water_snake,52.3612209944751,79.1880883977901,72.9242486187845
254,n01737021_742,128051,500,375,water_snake,22.5525386666667,71.0800533333333,82.1694346666667
255,n01737021_745,127267,500,333,water_snake,54.0771591591592,60.8317177177177,70.8018378378378
256,n01737021_754,108661,500,375,water_snake,101.909216,148.8924,126.625082666667
257,n01737021_755,215128,500,333,water_snake,39.2104084084084,66.6683123123123,64.0004384384384
258,n01737021_756,126113,500,273,water_snake,114.555289377289,118.675860805861,119.515509157509
259,n01737021_768,81869,500,374,water_snake,156.995347593583,149.779106951872,143.034689839572
260,n01737021_77,64543,512,341,water_snake,112.015367256232,100.887434704912,94.6744638929619
261,n01737021_770,100534,500,375,water_snake,155.195184,151.276432,145.868176
262,n01737021_825,103480,500,334,water_snake,104.377856287425,109.306628742515,122.003586826347
263,n01737021_839,75640,500,281,water_snake,57.0860711743772,57.0860711743772,57.0860711743772
264,n01737021_84,153831,500,375,water_snake,64.0866773333333,88.3507413333333,95.8344586666667
265,n01737021_844,191205,500,333,water_snake,87.9416816816817,114.794312312312,125.999021021021
266,n01737021_861,157763,500,375,water_snake,93.4552533333333,97.7237813333333,92.4621066666667
267,n01737021_871,86719,500,400,water_snake,149.846385,140.694355,136.16169
268,n01737021_910,90363,500,375,water_snake,138.041098666667,139.538474666667,140.718298666667
269,n01737021_913,93050,500,375,water_snake,158.815573333333,169.648906666667,162.623274666667
270,n01737021_916,150551,500,375,water_snake,134.172933333333,132.590581333333,130.944629333333
271,n01737021_928,346269,1442,522,water_snake,63.9034108119311,104.698577433428,130.647961271329
272,n01737021_93,109996,500,334,water_snake,117.008628742515,142.004065868263,164.257904191617
273,n01737021_948,194839,500,375,water_snake,106.756464,125.895568,135.409456
274,n01737021_956,239871,500,408,water_snake,64.0684901960784,127.867901960784,113.57481372549
275,n01737021_958,194626,500,375,water_snake,108.074666666667,141.574512,150.976421333333
276,n01737021_963,289909,375,500,water_snake,82.634224,90.2021493333333,90.647232
277,n01737021_971,133546,500,334,water_snake,99.7399041916168,141.865730538922,128.315143712575
278,n01751748_100,261373,500,375,sea_snake,60.5122186666667,116.484378666667,133.078426666667
279,n01751748_109,208283,500,375,sea_snake,150.496298666667,126.781914666667,70.915888
280,n01751748_137,170783,375,500,sea_snake,109.775317333333,131.448821333333,132.497888
281,n01751748_174,183848,500,375,sea_snake,161.699349333333,168.509866666667,168.782069333333
282,n01751748_177,241333,500,375,sea_snake,143.436554666667,154.159178666667,135.252352
283,n01751748_182,243939,1600,1200,sea_snake,186.063077604167,155.11628125,15.5987119791667
284,n01751748_184,187280,500,375,sea_snake,108.016469333333,127.953781333333,78.75632
285,n01751748_198,68057,500,375,sea_snake,217.946,184.614981333333,25.7969333333333
286,n01751748_208,93368,600,450,sea_snake,121.438707407407,128.176459259259,17.317137037037
287,n01751748_212,244474,1024,766,sea_snake,76.3928853724706,83.4453086753427,87.9791900395725
288,n01751748_221,186004,500,375,sea_snake,121.923226666667,129.791061333333,133.818128
289,n01751748_226,90298,375,500,sea_snake,195.198613333333,167.036496,81.380784
290,n01751748_247,167246,500,375,sea_snake,113.958624,142.128794666667,9.10693333333333
291,n01751748_274,80478,500,375,sea_snake,171.320976,141.428512,49.5414346666667
292,n01751748_286,71949,500,281,sea_snake,197.660932384342,84.1648327402135,12.2427615658363
293,n01751748_290,223680,500,375,sea_snake,134.528330666667,134.000778666667,40.2961973333333
294,n01751748_295,77687,500,265,sea_snake,126.470324528302,139.854196226415,144.694581132076
295,n01751748_311,123351,500,375,sea_snake,79.954016,122.440197333333,51.942416
296,n01751748_313,319809,500,375,sea_snake,107.970677333333,131.160037333333,130.665776
297,n01751748_332,180987,500,458,sea_snake,70.9771397379913,92.496384279476,27.0895982532751
298,n01751748_339,199429,500,333,sea_snake,114.339633633634,129.280066066066,142.588258258258
299,n01751748_348,7266,235,156,sea_snake,122.787725040917,112.395171849427,101.809656301146
300,n01751748_354,62672,500,375,sea_snake,125.855018666667,148.023418666667,145.061968
301,n01751748_360,214169,500,375,sea_snake,94.1127093333333,101.920026666667,62.533392
302,n01751748_379,165896,1024,768,sea_snake,69.3760032653809,99.720755259196,80.1339111328125
303,n01751748_399,159451,375,500,sea_snake,97.364768,161.714709333333,20.6285066666667
304,n01751748_406,40251,413,264,sea_snake,151.303709002862,151.142306845697,150.102786337956
305,n01751748_407,180073,500,333,sea_snake,105.19778978979,90.42796996997,69.9782762762763
306,n01751748_414,76093,500,375,sea_snake,144.077728,163.077829333333,17.9798506666667
307,n01751748_415,154643,500,374,sea_snake,116.994812834225,142.142245989305,138.129048128342
308,n01751748_416,34322,334,500,sea_snake,150.750688622755,113.661562874252,9.28989820359281
309,n01751748_425,85841,500,375,sea_snake,154.76,152.356362666667,152.760469333333
310,n01751748_43,79477,440,640,sea_snake,172.758693181818,187.8767578125,183.30734375
311,n01751748_435,116835,360,532,sea_snake,135.608756265664,122.534012113617,54.0256109022556
312,n01751748_438,174675,500,375,sea_snake,120.709424,132.928394666667,75.4872746666667
313,n01751748_47,20632,175,175,sea_snake,91.0646857142857,101.631314285714,105.074057142857
314,n01751748_56,17468,240,123,sea_snake,95.202066395664,108.96439701897,129.87933604336
315,n01751748_60,106258,500,375,sea_snake,70.4458506666667,105.797178666667,51.6449706666667
316,n01751748_88,176837,908,600,sea_snake,90.0962298091043,94.7248861967695,90.0019309838473
317,n01751748_91,182554,648,486,sea_snake,110.002143347051,120.988727582178,27.0203856119494
318,n01882714_10036,46576,441,500,koala,53.7208027210884,55.9631065759637,59.3592698412698
319,n01882714_1028,5556,100,149,koala,107.467248322148,111.328389261745,102.714228187919
320,n01882714_1063,2245,67,100,koala,92.7758208955224,113.13328358209,115.531343283582
321,n01882714_11102,50473,403,600,koala,82.2542845326716,88.6132009925558,102.930607940447
322,n01882714_13050,2650,85,85,koala,114.797370242215,111.735778546713,118.366089965398
323,n01882714_13386,52595,500,375,koala,104.023018666667,116.981130666667,151.571472
324,n01882714_13576,34279,228,190,koala,106.852493074792,110.17906278855,112.992959372114
325,n01882714_14107,16365,200,200,koala,100.008,117.74435,122.098525
326,n01882714_14495,39636,500,397,koala,86.3901712846348,101.547385390428,105.411712846348
327,n01882714_1525,19584,150,186,koala,66.0080286738351,115.0470609319,110.778853046595
328,n01882714_18472,28352,600,400,koala,141.973725,158.032245833333,157.692766666667
329,n01882714_2113,49296,640,480,koala,158.423629557292,154.675413411458,166.760120442708
330,n01882714_2453,28327,400,300,koala,133.836941666667,133.469091666667,142.135333333333
331,n01882714_26426,11232,200,150,koala,92.5748333333333,98.2173333333333,105.818633333333
332,n01882714_29032,47422,500,332,koala,62.9611506024096,73.141921686747,74.5147530120482
333,n01882714_31388,53418,700,467,koala,87.5760936066075,102.044518201285,100.982915264607
334,n01882714_31628,51033,600,450,koala,69.4787703703704,113.519533333333,97.8720851851852
335,n01882714_32575,53209,480,637,koala,99.0627779958137,105.424882260597,101.958804290947
336,n01882714_4692,35945,442,561,koala,87.8267073180568,107.15343883337,103.556799025657
337,n01882714_4860,38695,587,565,koala,85.9712773816164,100.399903514194,105.611629554808
338,n01882714_4945,8143,100,135,koala,155.48637037037,162.892444444444,154.617111111111
339,n01882714_5152,53464,500,375,koala,146.950053333333,147.528122666667,148.476586666667
340,n01882714_5813,41064,600,450,koala,98.3292259259259,131.018625925926,147.488325925926
341,n01882714_6582,52246,640,480,koala,43.08423828125,55.2387662760417,83.7763509114583
342,n01882714_6794,42178,512,403,koala,71.6836179823201,83.606195719603,79.5267524813896
343,n01882714_7492,2049,60,60,koala,92.3241666666667,109.758055555556,123.905555555556
344,n01882714_7612,53293,384,512,koala,96.8532206217448,110.791051228841,109.236083984375
345,n01882714_834,30913,698,274,koala,158.117290276703,168.039581285424,157.955001777759
346,n01882714_8774,21991,400,280,koala,111.29875,120.123598214286,133.150625
347,n01882714_9259,31895,388,519,koala,112.5233448543,113.244552370737,120.912390997755
348,n01882714_9525,10432,178,238,koala,106.127089037862,113.113398168256,115.889363610613
349,n01882714_9603,16783,270,270,koala,102.287517146776,98.0862825788752,99.6361728395062
350,n01882714_9632,53543,432,599,koala,78.0930099548631,80.7150188585915,86.5114890558338
351,n01882714_9659,52238,380,380,koala,210.492326869806,216.580734072022,222.833656509695
352,n01943899_2718,602849,1200,1600,conch,147.4835515625,164.212816145833,179.465905729167
353,n01943899_28868,697262,2272,1704,conch,67.703512447927,72.1465400383522,81.412337581829
354,n01943899_2935,416110,1083,1062,conch,40.7040975667437,49.8595873915138,55.3083278122951
355,n01943899_31429,298726,1353,1615,conch,75.5095714373975,97.7120875751398,130.958533610667
356,n01943899_36198,300407,500,400,conch,77.354925,67.83346,75.66379
357,n01943899_4350,518102,2464,1644,conch,95.6697240753468,110.020715826145,106.970200571934
358,n01943899_4827,355394,800,600,conch,103.729264583333,113.687625,124.194045833333
359,n01943899_5175,321646,672,514,conch,160.19825250139,140.993902862702,97.5845724476561
360,n01943899_545,312007,749,1081,conch,119.351415207943,128.924261642721,134.576095910798
361,n01943899_6101,502800,600,899,conch,97.1754226918799,115.352793845013,131.479100852799
362,n01943899_7081,1633459,3504,2336,conch,136.475756913821,145.178708310854,148.696901559666
363,n01943899_7100,348014,500,372,conch,97.0745,118.031086021505,125.978188172043
364,n02002556_1190,19995,554,370,white_stork,63.1084496048395,84.2363986730413,84.8300907405601
365,n02002556_1293,30970,650,802,white_stork,157.694082102436,129.033211202762,98.2765336658354
366,n02002556_1385,31680,406,500,white_stork,131.804812807882,112.413921182266,101.639985221675
367,n02002556_1393,19651,500,361,white_stork,183.47087534626,142.723822714681,76.8497340720222
368,n02002556_23296,31730,500,334,white_stork,224.92171257485,176.772323353293,146.93980239521
369,n02002556_3076,31599,500,335,white_stork,160.552555223881,156.872232835821,127.085940298507
370,n02002556_3526,23503,640,427,white_stork,48.6589944379391,53.2238766100703,51.3701405152225
371,n02002556_4948,25915,550,413,white_stork,65.3970107858244,104.218899405679,127.915923398635
372,n02002556_5612,21269,500,376,white_stork,188.96979787234,154.819962765957,123.973686170213
373,n02002556_683,26459,500,500,white_stork,191.528,164.7061,141.623308
374,n02002556_6962,30341,350,233,white_stork,143.010508890251,146.58555487431,150.089209074188
375,n02002556_7344,21798,500,349,white_stork,114.315226361032,116.785501432665,107.697020057307
376,n02002556_7559,25625,640,480,white_stork,76.132822265625,100.99404296875,117.173824869792
377,n02074367_1169,1547,160,106,dugong,117.046580188679,70.8870283018868,48.4079009433962
378,n02074367_1312,1764,150,113,dugong,105.960471976401,103.498348082596,101.774218289086
379,n02074367_1811,1237,160,62,dugong,176.625201612903,127.481653225806,5.38780241935484
380,n02074367_2261,1733,90,60,dugong,87.6785185185185,78.2937037037037,61.6912962962963
381,n02074367_2348,1005245,1772,1181,dugong,127.024708849485,126.157972449411,47.7081819363397
382,n02074367_2725,1565,66,54,dugong,155.657687991021,153.160213243547,90.3409090909091
383,n02074367_2734,1399,128,91,dugong,214.336109203297,215.694883241758,220.451923076923
384,n02074367_303,1685,125,100,dugong,92.90984,75.86976,44.83168
385,n02074367_3134,1602,128,103,dugong,164.559238470874,102.823953276699,17.3448877427184
386,n02074367_3223,955275,886,1181,dugong,175.080907636525,118.341970209277,16.2027340337893
387,n02074367_3604,1512,160,78,dugong,157.88453525641,111.565544871795,3.75657051282051
388,n02074367_3789,1704,75,100,dugong,42.066,105.052666666667,82.7542666666667
389,n02074367_402,1420,160,113,dugong,161.363053097345,107.821792035398,69.5573561946903
390,n02074367_422,1658,65,100,dugong,117.021230769231,98.4513846153846,27.1263076923077
391,n02074367_4360,656548,886,1181,dugong,215.219762492283,110.046006846553,1.12556122809801
392,n02074367_4925,1634,140,69,dugong,104.451035196687,144.115527950311,154.368426501035
393,n02074367_5300,1755,150,113,dugong,118.100943952802,126.725191740413,110.075221238938
394,n02074367_5526,1671,120,90,dugong,184.039722222222,126.82462962963,18.9896296296296
395,n02074367_5547,1389,128,96,dugong,180.597900390625,116.421712239583,8.10205078125
396,n02074367_586,1208,128,96,dugong,185.211100260417,132.490071614583,9.85139973958333
397,n02074367_5866,534255,1200,900,dugong,87.0199175925926,94.1405175925926,74.6394101851852
398,n02074367_5930,1528,128,74,dugong,94.393897804054,76.7105152027027,3.59828969594595
399,n02074367_6004,1105,160,116,dugong,195.263092672414,195.263092672414,195.263092672414
400,n02074367_7915,604062,800,800,dugong,96.786890625,165.4099453125,30.9536203125
401,n02074367_7978,1700,120,90,dugong,184.854444444444,124.435185185185,62.2264814814815
402,n02074367_8064,1170,92,60,dugong,42.2708333333333,34.7608695652174,32.3304347826087
403,n02074367_8389,1633,125,93,dugong,111.691268817204,82.544,29.7738494623656
404,n02074367_842,1319,150,112,dugong,139.617916666667,145.098214285714,125.31755952381
405,n02074367_8508,1550,122,81,dugong,158.768973891925,124.602509613439,88.9997976118195
406,n02074367_8864,1829863,3072,2304,dugong,152.77419591833,123.841368357341,10.8648606759531
407,n02074367_953,1479,89,60,dugong,95.401872659176,128.67734082397,67.3228464419476
408,n02088238_12656,251247,500,375,basset,88.0440106666667,128.704357333333,112.636672
409,n02088238_14132,278655,795,1189,basset,68.1714553215799,77.1385329884529,102.951987558913
410,n02088238_224,345622,600,480,basset,132.598225694444,136.508798611111,135.552114583333
411,n02088238_2684,236903,500,375,basset,101.85344,142.533802666667,123.544101333333
412,n02088238_2774,254017,500,375,basset,148.428416,151.342725333333,160.94632
413,n02088238_4410,241075,500,443,basset,74.0008442437923,109.33453724605,116.177702031603
414,n02088238_6970,239880,500,401,basset,90.6536209476309,126.460179551122,111.882114713217
415,n02088238_8719,551218,1536,1024,basset,58.2173188527425,167.935441335042,163.858643849691
416,n02088238_9787,336501,2048,1536,basset,97.4433879852295,92.3704903920492,80.6729262669881
417,n02089867_1790,518814,2048,1536,Walker_hound,46.7183030446371,111.510839144389,72.3915596008301
418,n02089867_2933,696050,2288,1712,Walker_hound,96.1369375367623,134.957619957437,116.745193073574
419,n02089867_3608,312525,1177,942,Walker_hound,91.3154128943462,123.624464479307,135.584389041916
420,n02089867_4067,623701,900,720,Walker_hound,103.104467592593,104.021861111111,105.748640432099
421,n02089867_4135,590510,2080,1544,Walker_hound,104.729320695496,92.1044000971503,112.797191983858
422,n02089867_4968,1878818,2682,2785,Walker_hound,89.1442776298403,108.672723536255,100.718181988575
423,n02089867_5107,842824,1600,1200,Walker_hound,49.7186609375,81.6958875,116.4393859375
424,n02089867_5301,277817,500,374,Walker_hound,77.5330160427807,142.456251336898,132.298465240642
425,n02089867_600,618916,2288,1712,Walker_hound,98.9742025643749,153.102626819734,143.409898913878
426,n02089867_614,278408,1350,1050,Walker_hound,67.5728726631393,92.9152747795414,113.391565432099
427,n02089867_6231,268641,640,480,Walker_hound,70.3296842447917,89.1413313802083,73.7368359375
428,n02089867_6270,2163288,1783,1924,Walker_hound,102.037155311833,114.650659147434,131.934523094646
429,n02089867_6960,2455302,3072,2304,Walker_hound,95.9705737078631,107.88299730089,103.202816715947
430,n02089867_7191,304086,1024,768,Walker_hound,85.1128718058268,111.842651367188,99.0096702575684
431,n02089867_7458,295255,640,480,Walker_hound,77.0301920572917,89.3920345052083,97.468291015625
432,n02089867_7616,1809279,2592,1456,Walker_hound,47.0561324044397,79.8467640817901,79.4596014999661
433,n02089867_7638,398014,960,768,Walker_hound,85.8565226236979,104.966132269965,113.332699924045
434,n02089867_7702,271154,1024,768,Walker_hound,118.777729034424,136.958427429199,163.028989156087
435,n02089867_7916,3095940,4288,2848,Walker_hound,85.6952660711104,104.837248563407,130.287946077635
436,n02089867_8119,315902,640,480,Walker_hound,96.71150390625,112.643502604167,115.381627604167
437,n02089867_8381,781255,1728,2304,Walker_hound,104.155284740307,107.105304733716,121.682265293451
438,n02089867_8401,339055,1716,1144,Walker_hound,91.0422978099989,144.398262649355,157.45780865405
439,n02097658_10944,262908,500,375,silky_terrier,71.9694133333333,148.308762666667,108.613056
440,n02097658_11055,374222,1024,768,silky_terrier,68.8433278401693,87.6571731567383,107.990234375
441,n02097658_1534,267205,500,375,silky_terrier,77.778016,105.783109333333,122.746389333333
442,n02097658_2040,282786,500,375,silky_terrier,66.528,138.544768,99.7656586666667
443,n02097658_2152,258266,500,375,silky_terrier,66.904368,98.2093653333333,110.269898666667
444,n02097658_2611,283696,500,375,silky_terrier,71.541648,114.856730666667,75.8864426666667
445,n02097658_500,260910,500,375,silky_terrier,94.116928,115.422608,116.565978666667
446,n02097658_5391,256012,500,357,silky_terrier,112.553775910364,170.478117647059,119.228963585434
447,n02097658_7220,268536,500,375,silky_terrier,89.8155733333333,148.383525333333,165.105845333333
448,n02097658_7623,560779,1280,960,silky_terrier,113.33208577474,139.315428059896,160.264571126302
449,n02097658_8026,274462,500,375,silky_terrier,77.9672,117.960613333333,140.700901333333
450,n02099601_1242,571421,2272,1704,golden_retriever,86.3604296332573,120.000774120958,159.882430218045
451,n02099601_3736,733532,2800,2095,golden_retriever,130.022577736106,142.152494374361,153.66854176611
452,n02099601_3828,1234119,1920,2560,golden_retriever,146.944270222982,149.146587931315,148.509727172852
453,n02099601_4313,530299,1600,1200,golden_retriever,111.214425,137.021997916667,140.780791145833
454,n02099601_4614,840287,1191,1770,golden_retriever,66.9143486696362,82.0687975256989,89.0880336041972
455,n02099601_4654,1002354,1600,1200,golden_retriever,133.585919270833,143.723635416667,114.8185484375
456,n02099601_5981,510564,1540,1695,golden_retriever,115.718928092556,120.091783703023,115.667732444547
457,n02099601_6387,432627,1571,1067,golden_retriever,101.030364675584,117.958095327864,116.266287329449
458,n02099601_6495,594949,1028,1090,golden_retriever,118.832301074501,133.994951451112,137.419483811088
459,n02104029_1645,1698734,2048,1536,kuvasz,71.5099210739136,99.540602684021,109.158088048299
460,n02104029_209,1616173,1310,1164,kuvasz,114.196427166129,114.556918758689,113.719649274678
461,n02104029_3225,583213,1047,800,kuvasz,118.369835243553,116.864762416428,122.326429083095
462,n02104029_4979,513178,1998,2529,kuvasz,169.062701095718,144.242071252747,125.392376955841
463,n02104029_506,630045,1200,1600,kuvasz,79.2275989583333,113.241484375,95.0974947916667
464,n02104029_52,1030273,1324,879,kuvasz,98.7989793743921,112.774109036292,109.811830423889
465,n02104029_5216,936755,2048,1536,kuvasz,70.9487679799398,84.271105448405,82.0881106058757
466,n02104029_5263,685559,1172,777,kuvasz,86.6638642543079,113.600364137907,104.226061995687
467,n02104029_5487,580602,1600,1200,kuvasz,108.432120833333,112.356836979167,117.936225520833
468,n02104029_5675,682670,1936,1296,kuvasz,78.8353958620294,80.0416379706152,80.7878556716151
469,n02104029_6525,1022466,2682,2114,kuvasz,43.785290280979,94.0089407853753,104.685719894429
470,n02104029_6782,516152,1024,683,kuvasz,84.3459433336384,109.219480634608,95.0718581282028
471,n02104029_692,740645,2580,1720,kuvasz,100.194005092843,95.0023961150171,101.285297007391
472,n02104029_7659,664266,1446,1144,kuvasz,161.900710544642,165.413535289054,187.425157052491
473,n02104029_8086,1787389,4000,3000,kuvasz,92.9132998333333,95.5622559166667,99.3265005833333
474,n02104029_838,693066,1047,800,kuvasz,105.75917382999,100.068616284623,117.584998806113
475,n02123045_10424,593354,1600,1200,tabby,110.179020833333,117.871523958333,123.507619791667
476,n02123045_15494,1021556,2048,1360,tabby,141.202071245979,142.829558608111,140.986841897403
477,n02123045_15937,378372,1040,1304,tabby,111.703697941246,130.287511798018,136.455048814299
478,n02123045_16157,551141,1585,1550,tabby,142.018417828432,152.058963264475,153.847300702147
479,n02123045_18895,384451,1280,960,tabby,112.73364827474,124.321594238281,128.851721191406
480,n02123045_3908,588797,1280,960,tabby,38.9918334960937,42.007626953125,38.7410587565104
481,n02128925_10592,613452,2048,3072,jaguar,84.1994185447693,108.315131823222,102.589148839315
482,n02128925_21312,694890,799,800,jaguar,118.649317897372,124.869956195244,121.524630788486
483,n02128925_23193,525780,800,800,jaguar,106.3455515625,126.718996875,148.4813109375
484,n02128925_37347,473898,1600,1200,jaguar,102.89381875,105.010954166667,103.834749479167
485,n02128925_57428,1438575,3716,2475,jaguar,45.6929191810462,83.8336267954029,103.979302280067
486,n02128925_67367,523715,593,800,jaguar,131.46084317032,133.849399241147,137.521528246206
487,n02268443_10480,1857630,1200,1601,dragonfly,77.5419493025193,119.742734228607,120.049457630648
488,n02268443_1145,3654903,3888,2592,dragonfly,50.4560119694025,147.577236602493,113.245680163402
489,n02268443_11599,902973,1932,1449,dragonfly,155.433553446583,167.996280364698,162.256087228002
490,n02268443_12324,888750,2905,2181,dragonfly,60.7434038768554,106.90621681065,94.9932605249057
491,n02268443_14602,875325,1280,960,dragonfly,65.2150553385417,130.426180826823,108.406508789063
492,n02268443_14885,880786,1242,828,dragonfly,39.7497277260457,92.7725656763674,85.0890121900939
493,n02268443_15389,846081,960,1280,dragonfly,129.220465494792,130.3145703125,159.765486653646
494,n02268443_16258,1091497,2816,2112,dragonfly,42.031532981179,96.1760033641636,65.3131197674544
495,n02268443_16952,1377986,1737,1159,dragonfly,35.2378228904178,150.980740946054,132.156453735204
496,n02268443_17673,2706220,2194,1498,dragonfly,126.456467328666,184.71002692134,228.01657238518
497,n02268443_18547,5944139,2172,2172,dragonfly,102.612426614979,111.529813353615,111.804136396935
498,n02268443_186,924434,945,1260,dragonfly,34.493660031914,116.584554463761,107.403382884018
499,n02268443_21428,874957,1127,859,dragonfly,110.550769399221,140.798594763106,120.206179571591
500,n02268443_2191,2017182,3888,2592,dragonfly,40.8290994290759,71.271309930365,78.5746994154219
501,n02268443_23388,1554859,1600,1201,dragonfly,58.2634231890092,92.8160397585346,88.1471726686095
502,n02268443_23424,5242498,2000,3008,dragonfly,128.761369680851,150.807137466755,149.251974235372
503,n02268443_26514,3349327,3888,2592,dragonfly,88.3057042998717,168.369592414774,191.30864902057
504,n02268443_26935,986796,1710,1073,dragonfly,47.1438482039208,127.734102886916,133.100422382455
505,n02268443_4124,1914712,3504,2336,dragonfly,54.507866865461,90.9025784377541,96.039057613217
506,n02268443_4312,909424,1320,880,dragonfly,106.749269972452,125.842368285124,141.169499827824
507,n02268443_5574,2398139,1704,2272,dragonfly,47.3564272961714,120.559881110312,96.4722158508563
508,n02268443_5632,1003383,3888,2592,dragonfly,91.6265017321419,133.464457749073,144.339846627642
509,n02268443_5889,1312667,1625,1141,dragonfly,139.307750016854,135.179080159105,131.98282208589
510,n02268443_665,1177354,798,1116,dragonfly,95.9514601916979,125.110649607891,135.94239069897
511,n02268443_8587,1680980,2592,1944,dragonfly,52.2152079205406,148.915297107593,112.749399664368
512,n02443484_10240,151242,500,400,black-footed_ferret,125.46486,140.795415,154.97256
513,n02443484_10248,146731,375,500,black-footed_ferret,65.1953546666667,62.9481813333333,64.3904
514,n02443484_10657,162139,500,477,black-footed_ferret,113.854813417191,112.656381551363,117.122041928721
515,n02443484_10712,144357,500,333,black-footed_ferret,107.967405405405,110.331303303303,115.300246246246
516,n02443484_10874,159941,500,375,black-footed_ferret,76.5711946666667,82.7325706666667,85.460096
517,n02443484_11147,145447,500,375,black-footed_ferret,115.494602666667,132.738981333333,164.114224
518,n02443484_11341,144978,500,335,black-footed_ferret,107.173952238806,110.075170149254,105.33456119403
519,n02443484_11422,156623,500,375,black-footed_ferret,84.2803893333333,82.512576,100.482773333333
520,n02443484_11567,145918,500,400,black-footed_ferret,107.32992,125.987405,119.684555
521,n02443484_11601,149259,500,375,black-footed_ferret,66.8881013333333,103.132288,105.740666666667
522,n02443484_11721,163159,827,1024,black-footed_ferret,99.1385809495919,98.695258180925,102.539293946493
523,n02443484_11959,161089,333,500,black-footed_ferret,88.4447687687688,155.33015015015,124.259945945946
524,n02443484_12024,143273,333,500,black-footed_ferret,88.3198378378378,146.234894894895,113.165603603604
525,n02443484_12106,154975,332,500,black-footed_ferret,56.7652048192771,99.152265060241,126.48484939759
526,n02443484_12143,169085,500,375,black-footed_ferret,103.461194666667,110.041088,129.667552
527,n02443484_12367,145353,500,333,black-footed_ferret,118.219615615616,146.342936936937,183.02590990991
528,n02443484_12598,150710,500,375,black-footed_ferret,67.1846186666667,88.64456,121.636021333333
529,n02443484_12644,142880,500,358,black-footed_ferret,65.49943575419,77.9268156424581,89.7141620111732
530,n02443484_12897,142078,500,357,black-footed_ferret,139.932565826331,141.684784313726,138.398403361345
531,n02443484_12910,147989,500,333,black-footed_ferret,97.5338558558559,95.4610870870871,95.1750570570571
532,n02443484_13184,153558,375,500,black-footed_ferret,99.0953066666667,100.268234666667,103.894581333333
533,n02443484_13201,146940,500,405,black-footed_ferret,93.0096098765432,104.421960493827,120.346291358025
534,n02443484_13290,143924,500,375,black-footed_ferret,118.470666666667,132.774069333333,143.012986666667
535,n02443484_13362,162509,500,375,black-footed_ferret,55.1259093333333,85.2130506666667,135.356992
536,n02443484_13586,144595,500,375,black-footed_ferret,82.162896,84.6743946666667,81.5906026666667
537,n02443484_13665,151429,800,533,black-footed_ferret,114.938055816135,134.780260318949,150.118508442777
538,n02443484_13769,155220,500,324,black-footed_ferret,95.2512098765432,96.9822222222222,107.616074074074
539,n02443484_14057,146990,500,333,black-footed_ferret,97.3808348348348,106.37584984985,99.3536756756757
540,n02443484_14101,159868,500,375,black-footed_ferret,105.048458666667,107.391157333333,116.812149333333
541,n02443484_14104,159884,500,389,black-footed_ferret,153.019110539846,155.341192802057,149.331254498715
542,n02443484_14109,164229,500,375,black-footed_ferret,57.9914506666667,79.7768426666667,87.5352426666667
543,n02443484_14185,147440,375,500,black-footed_ferret,99.5099306666667,104.761050666667,114.935349333333
544,n02443484_14187,143300,500,333,black-footed_ferret,123.613045045045,125.433207207207,127.79003003003
545,n02443484_14219,160411,500,492,black-footed_ferret,119.592382113821,129.238219512195,145.25062601626
546,n02443484_14605,169478,500,375,black-footed_ferret,125.199632,120.90568,118.684234666667
547,n02443484_14635,157670,500,375,black-footed_ferret,133.775728,136.587888,144.877946666667
548,n02443484_14647,150559,500,375,black-footed_ferret,46.4297973333333,55.8358186666667,65.3630133333333
549,n02443484_14676,162985,375,500,black-footed_ferret,96.2406933333334,102.396826666667,118.969973333333
550,n02443484_14921,143693,500,375,black-footed_ferret,81.747376,84.114784,91.642352
551,n02443484_15296,149804,500,420,black-footed_ferret,114.405733333333,119.779447619048,129.665223809524
552,n02443484_1544,163727,500,369,black-footed_ferret,52.6198265582656,67.5228726287263,73.0985528455285
553,n02443484_1679,151432,500,375,black-footed_ferret,88.119056,117.471242666667,143.808501333333
554,n02443484_1713,157301,500,495,black-footed_ferret,127.983894949495,126.494965656566,130.761171717172
555,n02443484_1776,161515,800,640,black-footed_ferret,126.87584765625,96.85937109375,69.5014140625
556,n02443484_1890,168521,500,375,black-footed_ferret,139.022581333333,140.315141333333,138.361984
557,n02443484_1934,142517,500,375,black-footed_ferret,103.590373333333,117.889296,116.20808
558,n02443484_2626,142173,500,480,black-footed_ferret,125.451283333333,123.187229166667,129.478316666667
559,n02443484_3275,155667,500,396,black-footed_ferret,124.800686868687,136.561202020202,142.978560606061
560,n02443484_3375,144322,500,380,black-footed_ferret,119.435468421053,161.330647368421,168.927057894737
561,n02443484_3416,169035,500,375,black-footed_ferret,125.26712,141.597797333333,152.207413333333
562,n02443484_3452,148408,500,375,black-footed_ferret,96.8751786666667,103.12808,120.459701333333
563,n02443484_3486,159385,500,400,black-footed_ferret,96.616065,111.587145,133.758555
564,n02443484_3532,154943,500,375,black-footed_ferret,103.426885333333,117.888448,117.342069333333
565,n02443484_3559,147740,500,333,black-footed_ferret,136.344606606607,141.250378378378,141.867813813814
566,n02443484_3659,151324,500,375,black-footed_ferret,100.376565333333,109.403178666667,107.407328
567,n02443484_3761,151453,390,500,black-footed_ferret,101.792682051282,86.5755076923077,134.326117948718
568,n02443484_3766,149603,500,375,black-footed_ferret,83.6955893333333,94.1571786666667,101.420768
569,n02443484_3879,143059,500,375,black-footed_ferret,60.397584,66.5469013333333,77.903904
570,n02443484_3904,166525,500,447,black-footed_ferret,93.6741744966443,109.10389261745,123.301158836689
571,n02443484_3926,164101,500,375,black-footed_ferret,109.759536,109.378533333333,126.267066666667
572,n02443484_4558,154436,500,375,black-footed_ferret,132.731296,133.220613333333,139.442101333333
573,n02443484_4619,146117,500,333,black-footed_ferret,66.6195555555556,97.4359039039039,95.113957957958
574,n02443484_4780,156565,615,612,black-footed_ferret,87.8103220149849,97.9357882990595,96.8404405122483
575,n02443484_4785,163289,500,356,black-footed_ferret,79.8710674157303,149.442859550562,121.921674157303
576,n02443484_4847,162620,500,375,black-footed_ferret,108.285445333333,108.078624,139.779845333333
577,n02443484_5032,153321,500,375,black-footed_ferret,75.025184,73.4744106666667,83.8115786666667
578,n02443484_5059,167901,500,375,black-footed_ferret,70.2126826666667,77.0292213333333,86.6812426666667
579,n02443484_5077,155707,500,375,black-footed_ferret,74.096256,82.5975413333333,90.025408
580,n02443484_5168,147808,500,375,black-footed_ferret,93.284144,104.4104,129.019696
581,n02443484_5584,150587,500,375,black-footed_ferret,79.5441653333333,104.799973333333,95.4960213333333
582,n02443484_5745,163622,500,375,black-footed_ferret,81.0186506666667,116.389013333333,142.829936
583,n02443484_6300,167902,500,375,black-footed_ferret,86.6714986666667,133.536938666667,132.102378666667
584,n02443484_649,144938,500,375,black-footed_ferret,128.628778666667,108.497386666667,110.903242666667
585,n02443484_6546,148319,500,375,black-footed_ferret,81.027168,129.271082666667,152.978613333333
586,n02443484_6698,155940,500,375,black-footed_ferret,108.86408,113.585088,123.040026666667
587,n02443484_6731,157646,500,333,black-footed_ferret,84.8122522522523,102.167099099099,109.278660660661
588,n02443484_6852,147984,400,500,black-footed_ferret,61.71576,105.890525,158.870025
589,n02443484_7090,166246,500,375,black-footed_ferret,72.672688,110.789306666667,127.799002666667
590,n02443484_7257,155669,500,334,black-footed_ferret,76.8283652694611,135.728904191617,133.409748502994
591,n02443484_7383,157060,500,375,black-footed_ferret,32.0553546666667,29.0848586666667,65.4436586666667
592,n02443484_7551,155615,500,375,black-footed_ferret,78.3264213333333,104.149557333333,125.032192
593,n02443484_7552,164185,500,488,black-footed_ferret,77.0719426229508,112.281635245902,155.102590163934
594,n02443484_7678,158661,500,400,black-footed_ferret,130.468555,142.267135,154.47984
595,n02443484_8207,146065,500,375,black-footed_ferret,85.350192,92.9008906666667,113.173642666667
596,n02443484_8388,146680,500,385,black-footed_ferret,69.8182805194805,75.1446025974026,76.5151220779221
597,n02443484_8664,147408,500,375,black-footed_ferret,75.3345546666667,75.068576,77.6358773333333
598,n02443484_8719,141970,375,500,black-footed_ferret,147.189861333333,156.450821333333,159.599226666667
599,n02443484_8826,155901,500,284,black-footed_ferret,135.928922535211,153.680521126761,168.420394366197
600,n02443484_8959,152494,375,500,black-footed_ferret,109.055157333333,120.75976,104.499648
601,n02443484_9166,155025,500,334,black-footed_ferret,65.7139401197605,124.418598802395,116.515
602,n02443484_9211,142733,500,325,black-footed_ferret,70.0359507692308,87.6713538461538,87.2752984615385
603,n02443484_9248,150867,500,400,black-footed_ferret,127.58908,142.95481,157.177005
604,n02443484_9451,141112,500,375,black-footed_ferret,97.034368,82.555712,101.502437333333
605,n02443484_9479,159642,500,375,black-footed_ferret,81.6216426666667,118.387786666667,140.610346666667
606,n02443484_9522,150099,432,500,black-footed_ferret,93.9734074074074,98.4292731481481,114.57674537037
607,n02443484_9575,145328,500,375,black-footed_ferret,92.7093973333333,99.6174346666667,117.582405333333
608,n02443484_958,153071,500,375,black-footed_ferret,53.3032906666667,62.1152,79.1637653333333
609,n02443484_9590,168062,500,469,black-footed_ferret,127.176166311301,132.983846481876,149.073616204691
610,n02443484_9612,142329,486,500,black-footed_ferret,57.6259917695473,44.9912222222222,113.534452674897
611,n02443484_9620,154137,450,350,black-footed_ferret,121.889784126984,121.141593650794,131.675828571429
612,n02443484_977,167797,500,442,black-footed_ferret,96.4475158371041,110.486022624434,121.097067873303
613,n02443484_9951,151268,500,332,black-footed_ferret,147.49943373494,150.135740963855,151.158006024096
614,n02667093_1422,395801,803,2232,abaya,75.4200505943215,89.6210547811299,94.0043592129871
615,n02667093_2816,583994,800,1480,abaya,97.5000405405405,102.896641891892,105.893769425676
616,n02667093_2919,414212,800,1315,abaya,79.883569391635,95.1017224334601,106.460820342205
617,n02667093_331,1305468,3000,4000,abaya,146.730863333333,112.29812975,90.5574420833333
618,n02667093_5587,1610530,3008,2000,abaya,93.4840457114362,93.4623410904255,115.824376329787
619,n02667093_5691,444460,800,1067,abaya,93.9905400656045,107.95850398313,119.2576710403
620,n02667093_7078,563210,1152,1272,abaya,108.873538227201,116.482861362247,119.546244431342
621,n02667093_7320,423228,1233,1191,abaya,80.8502938026003,89.5601404968189,91.9601362748323
622,n02667093_7850,556806,1348,2368,abaya,79.0561530094635,79.8855536731093,84.5865678131767
623,n02667093_8574,557498,580,1533,abaya,162.800576962008,163.195043525204,164.050897496457
624,n02667093_9517,325463,650,867,abaya,99.0280330050572,98.3796646260314,97.7861307781031
625,n02790996_4570,5029977,3504,2336,barbell,158.724978571456,158.663661295115,158.944100211305
626,n02790996_8201,2690606,3008,2000,barbell,111.737602892287,87.6866291555851,68.0302147606383
627,n02815834_1000,1941,100,95,beaker,172.901157894737,186.302315789474,171.032842105263
628,n02815834_10524,302911,600,650,beaker,80.0138153846154,90.3764461538462,107.189007692308
629,n02815834_10781,2347932,2063,2250,beaker,156.855412506059,179.320933268703,203.816595465072
630,n02815834_1108,2573,150,108,beaker,112.76450617284,98.1778395061729,92.3784567901235
631,n02815834_1157,1212,75,100,beaker,157.201466666667,153.288666666667,145.5556
632,n02815834_1200,1996,100,86,beaker,173.937674418605,180.011162790698,181.774302325581
633,n02815834_13973,310193,1024,768,beaker,69.5549494425456,72.186954498291,78.5574239095052
634,n02815834_14417,405619,1000,667,beaker,152.378242878561,152.382047976012,191.641806596702
635,n02815834_14557,344054,540,720,beaker,138.037721193416,157.50628600823,165.382142489712
636,n02815834_1666,2882,100,114,beaker,154.188070175439,163.701754385965,172.587456140351
637,n02815834_1792,2704,100,100,beaker,25.5182,27.6817,28.1311
638,n02815834_1894,2897,90,90,beaker,194.394567901235,158.829259259259,137.376666666667
639,n02815834_23379,2978,84,128,beaker,224.016369047619,228.948474702381,217.552641369048
640,n02815834_2349,2994,150,113,beaker,69.7856637168142,79.7955752212389,160.823067846608
641,n02815834_2379,702816,2368,1776,beaker,53.9105633293767,88.1918168960768,113.346853266907
642,n02815834_25,325798,800,595,beaker,218.293149159664,189.584487394958,166.059792016807
643,n02815834_2544,2404,99,99,beaker,89.9756147331905,96.9806142230385,135.20242832364
644,n02815834_2559,2460,100,114,beaker,150.175964912281,138.994035087719,105.057894736842
645,n02815834_3157,1244,100,75,beaker,102.952666666667,97.3789333333333,92.4948
646,n02815834_3347,2714,150,150,beaker,81.5498666666667,77.9788,198.072577777778
647,n02815834_3386,2088,160,120,beaker,146.747864583333,148.880364583333,148.928229166667
648,n02815834_3523,2014,90,100,beaker,154.515333333333,147.378333333333,159.008
649,n02815834_4927,1312800,1200,1600,beaker,98.5118927083333,112.285683854167,116.468072395833
650,n02815834_5742,2371,68,100,beaker,71.1554411764706,97.2477941176471,132.807941176471
651,n02815834_5822,2067,100,114,beaker,142.980263157895,143.187631578947,142.993070175439
652,n02815834_5942,922343,1504,1000,beaker,159.507442154255,161.53527393617,154.188838430851
653,n02815834_6056,1278038,1200,1600,beaker,184.543463541667,190.816201041667,194.388360416667
654,n02815834_676,723848,1504,1000,beaker,65.5786449468085,78.9488477393617,90.6019015957447
655,n02815834_740,1657,100,101,beaker,152.398415841584,152.67603960396,152.120792079208
656,n02815834_787,2813,100,100,beaker,116.652,116.9851,116.4478
657,n02815834_8499,2840,133,170,beaker,136.492348518355,140.718045112782,146.396904024768
658,n02815834_8511,594792,823,1020,beaker,143.290367617278,125.378488552165,134.921740166297
659,n02815834_868,2201,86,98,beaker,192.262695775985,192.590056953014,192.440792596108
660,n02815834_907,2613,100,100,beaker,200.445,201.3601,211.8721
661,n02815834_9132,2549,143,199,beaker,216.634676880908,216.634676880908,216.634676880908
662,n02815834_950,2553,100,100,beaker,124.878,150.393,163.7061
663,n02815834_9667,849921,1504,1000,beaker,160.812479388298,163.621089760638,164.224825797872
664,n02815834_9676,304263,1200,675,beaker,122.36467654321,124.8425,118.499683950617
665,n02815834_9713,2982,150,150,beaker,132.158444444444,139.410444444444,141.607466666667
666,n02817516_12867,1115752,1728,2304,bearskin,62.1918648927791,84.9399755658436,95.8578795130851
667,n02817516_46132,1492740,1632,2464,bearskin,66.1936393875732,78.3487270618475,127.001680821476
668,n02917067_10163,452952,800,529,bullet_train,103.082785916824,103.941505198488,91.1590548204159
669,n02917067_10259,1375957,2048,1536,bullet_train,92.7920786539714,90.6822373072306,91.2406997680664
670,n02917067_2193,636431,2400,1807,bullet_train,126.908082687696,129.263812488471,128.164356899096
671,n02917067_3151,443094,2048,1536,bullet_train,103.923848787944,103.908179918925,103.22953859965
672,n02917067_6152,1382099,1536,2048,bullet_train,111.320123672485,121.957133611043,116.824119885763
673,n02917067_7883,581488,2048,1536,bullet_train,84.3965339660645,90.2169167200724,90.6675316492717
674,n02917067_8265,431938,1600,1200,bullet_train,113.785466666667,105.377630729167,104.381416145833
675,n02917067_9763,1608807,3156,2236,bullet_train,83.5724913332018,87.4308367966516,91.8558624739543
676,n02917067_9810,826379,2000,1000,bullet_train,55.7038235,70.8251005,95.6126745
677,n02980441_111,138534,500,375,castle,132.936298666667,91.2815733333333,52.5800693333333
678,n02980441_155,155573,500,343,castle,74.7699241982507,103.859393586006,115.09387755102
679,n02980441_176,250113,500,399,castle,66.9831629072682,102.240521303258,85.621007518797
680,n02980441_182,232537,483,500,castle,101.014844720497,109.989084886128,123.199730848861
681,n02980441_185,182901,500,375,castle,144.017845333333,121.273194666667,99.8657333333333
682,n02980441_189,164958,500,404,castle,96.4996039603961,95.5026584158416,87.5590148514852
683,n02980441_203,230581,333,500,castle,65.2590990990991,100.702426426426,121.469225225225
684,n02980441_214,129300,340,500,castle,84.2162294117647,119.175429411765,123.975335294118
685,n02980441_218,161949,500,377,castle,148.178689655172,130.579464190981,108.40551193634
686,n02980441_227,155569,500,372,castle,79.3789462365591,97.4257903225806,109.933403225806
687,n02980441_228,141136,500,335,castle,99.1492597014925,102.650167164179,104.48256119403
688,n02980441_233,232581,500,347,castle,67.8789740634006,82.0628299711816,81.8729855907781
689,n02980441_274,168284,500,328,castle,103.866091463415,132.160475609756,126.636158536585
690,n02980441_279,181855,376,500,castle,113.400888297872,118.519106382979,114.816462765957
691,n02980441_283,92766,500,333,castle,118.591219219219,118.344168168168,120.252654654655
692,n02980441_291,116245,500,333,castle,127.589963963964,141.50236036036,145.976102102102
693,n02980441_299,155244,500,446,castle,59.0919910313901,70.2707399103139,66.3949058295964
694,n02980441_317,145789,500,347,castle,149.365734870317,114.5205129683,80.4672910662824
695,n02980441_321,202940,500,375,castle,107.630688,109.21688,105.098432
696,n02980441_324,175926,333,500,castle,69.1934534534535,103.538042042042,110.221963963964
697,n02980441_330,87265,500,335,castle,69.5855044776119,82.9312835820896,77.8793791044776
698,n02980441_348,228751,500,354,castle,99.5622203389831,115.500192090395,124.454762711864
699,n02980441_402,234033,500,500,castle,111.308436,126.83606,133.644036
700,n02980441_414,143480,500,367,castle,155.115019073569,151.586942779292,153.504752043597
701,n02980441_454,167027,500,326,castle,133.587607361963,126.895116564417,117.809932515337
702,n02980441_456,99745,500,352,castle,102.843806818182,117.971801136364,114.931943181818
703,n02980441_488,187040,329,500,castle,115.983720364742,110.674936170213,85.6615319148936
704,n02980441_505,143528,500,333,castle,84.3953213213213,91.1857717717718,85.1557477477478
705,n02980441_506,165666,500,370,castle,49.4044648648649,66.2881405405405,92.4086054054054
706,n02980441_512,106966,500,333,castle,91.0648288288288,95.6839099099099,102.434348348348
707,n02980441_53,143606,500,341,castle,128.541178885631,123.949964809384,132.720293255132
708,n02980441_534,154464,375,500,castle,126.67408,129.699413333333,136.006250666667
709,n02980441_540,94757,500,375,castle,134.219696,134.219696,134.219696
710,n02980441_586,105556,500,333,castle,73.391033033033,74.093033033033,69.7022402402402
711,n02980441_594,211005,500,375,castle,114.352437333333,136.139573333333,137.207877333333
712,n02980441_630,97154,500,289,castle,97.4735224913495,104.229799307958,110.329321799308
713,n02980441_639,141402,500,400,castle,143.815095,136.346205,116.955485
714,n02980441_642,136999,500,335,castle,66.1761910447761,79.4161373134328,80.4845850746269
715,n02980441_682,149587,428,500,castle,117.861285046729,126.335242990654,123.664939252336
716,n02980441_689,121958,500,333,castle,92.8413273273273,122.462306306306,109.245591591592
717,n02980441_701,167776,500,354,castle,92.8315254237288,87.6527514124294,93.220779661017
718,n02980441_707,135576,500,335,castle,92.9237850746269,100.401564179104,118.070501492537
719,n02980441_716,63321,470,353,castle,118.281568320174,139.776981495992,126.847658368995
720,n02980441_729,125678,500,375,castle,94.394672,102.327434666667,104.870944
721,n02980441_733,42810,560,420,castle,141.200114795918,129.209409013605,112.453971088435
722,n02980441_736,130481,500,349,castle,130.563902578797,144.281031518625,146.412487106017
723,n02980441_745,160564,500,393,castle,137.464157760814,124.931923664122,118.677384223919
724,n02980441_762,183803,500,383,castle,83.3975874673629,97.0096919060052,89.7864908616188
725,n02980441_772,11571,290,190,castle,127.621488203267,121.750744101633,112.737041742287
726,n02980441_81,148980,500,333,castle,138.183657657658,129.69845045045,130.63242042042
727,n02980441_812,100712,364,500,castle,88.6929120879121,77.9858406593407,74.601532967033
728,n02980441_813,143073,500,379,castle,134.546849604222,140.023978891821,129.514786279683
729,n02980441_816,161965,500,354,castle,123.536553672316,142.085378531073,123.901062146893
730,n02980441_822,214650,500,361,castle,92.0745041551247,94.7489030470914,86.3400166204986
731,n02980441_83,94574,500,354,castle,97.2616836158192,105.782536723164,111.949644067797
732,n02980441_833,198967,500,332,castle,66.9682289156627,72.126,67.4194277108434
733,n02980441_836,101571,500,375,castle,131.914245333333,112.544026666667,91.054176
734,n02980441_847,130380,500,333,castle,90.6942702702703,96.0886906906907,97.0742762762763
735,n02980441_862,172691,500,375,castle,118.598954666667,184.747242666667,178.498736
736,n02980441_889,38919,598,382,castle,128.172490325518,108.985063650213,64.881524803446
737,n02980441_897,166692,500,375,castle,157.027946666667,146.559653333333,142.020826666667
738,n02980441_916,166819,500,333,castle,146.568162162162,142.610636636637,136.090006006006
739,n02980441_927,124919,500,375,castle,133.473066666667,132.709802666667,128.162064
740,n02980441_938,281864,500,500,castle,90.04268,104.92974,119.829868
741,n02980441_945,165815,500,375,castle,145.764528,125.691605333333,123.061557333333
742,n02980441_947,214064,500,375,castle,101.184714666667,140.148538666667,132.451301333333
743,n02980441_952,61670,321,450,castle,112.736566285912,89.3570093457944,84.2561232260298
744,n02980441_954,173862,446,500,castle,103.642479820628,121.820197309417,112.24697309417
745,n02980441_955,177722,405,500,castle,113.971437037037,118.053125925926,125.593535802469
746,n03047690_11775,366912,1024,682,clog,173.027303656525,183.065822030792,198.889800219941
747,n03047690_13844,371318,1067,1600,clog,31.4576681115276,56.6791670571696,92.9118351686973
748,n03047690_24331,1468191,2128,2832,clog,106.572895924929,106.091207394811,106.672899641848
749,n03124043_1259,3123,147,160,cowboy_boot,164.721556122449,168.270705782313,178.302763605442
750,n03124043_3027,3027,160,143,cowboy_boot,139.250218531469,140.772159090909,151.80895979021
751,n03124043_3560,3379,160,160,cowboy_boot,184.8085546875,187.81953125,188.217109375
752,n03124043_5641,3763,260,160,cowboy_boot,124.268894230769,144.148125,162.706177884615
753,n03124043_5882,3752,160,160,cowboy_boot,176.360390625,182.047890625,194.80859375
754,n03124043_7898,2734,160,160,cowboy_boot,118.8619921875,116.8097265625,122.84515625
755,n03124043_7981,2994,160,145,cowboy_boot,36.8359913793103,94.3872844827586,176.852715517241
756,n03124043_8195,2960,133,160,cowboy_boot,122.465930451128,132.926503759399,147.157095864662
757,n03124043_8655,3695,160,160,cowboy_boot,81.9598046875,112.355625,169.495234375
758,n03344393_146,92887,500,333,fireboat,100.761051051051,105.956630630631,97.8800840840841
759,n03344393_15,49391,500,375,fireboat,148.294549333333,149.210757333333,148.102810666667
760,n03344393_153,152041,500,294,fireboat,171.839013605442,134.236632653061,101.314578231293
761,n03344393_178,106655,500,375,fireboat,183.857637333333,177.601456,167.160288
762,n03344393_202,93450,500,375,fireboat,119.84976,119.365237333333,125.135301333333
763,n03344393_204,3320,250,189,fireboat,178.823153439153,179.123555555556,169.502116402116
764,n03344393_216,96531,500,365,fireboat,155.872975342466,141.51877260274,129.588449315068
765,n03344393_231,127805,500,334,fireboat,112.900850299401,109.036958083832,103.180586826347
766,n03344393_251,82138,500,375,fireboat,130.028026666667,127.395136,112.435813333333
767,n03344393_274,170377,375,500,fireboat,172.863418666667,155.565434666667,151.215888
768,n03344393_278,107387,500,375,fireboat,160.016709333333,145.643344,139.654138666667
769,n03344393_302,60103,500,375,fireboat,129.577893333333,122.385376,109.146048
770,n03344393_315,106670,333,500,fireboat,133.187927927928,129.664084084084,143.232510510511
771,n03344393_318,433098,864,574,fireboat,100.255363595303,96.7237345141309,86.1174183765647
772,n03344393_352,128575,500,375,fireboat,89.3487733333333,89.7450666666667,156.643829333333
773,n03344393_364,127593,500,334,fireboat,139.869473053892,134.15622754491,117.215389221557
774,n03344393_375,129057,500,375,fireboat,163.543856,160.853984,159.751349333333
775,n03344393_381,120420,500,340,fireboat,118.581235294118,122.031329411765,123.791205882353
776,n03344393_382,97942,500,332,fireboat,122.094704819277,110.462632530121,96.3266927710843
777,n03344393_384,126388,500,375,fireboat,134.232453333333,125.687125333333,127.689578666667
778,n03344393_388,56836,500,375,fireboat,123.821637333333,121.3956,129.481914666667
779,n03344393_396,119718,500,333,fireboat,174.500318318318,156.912516516517,139.883585585586
780,n03344393_399,62819,640,480,fireboat,149.531468098958,104.390247395833,94.6587467447917
781,n03344393_402,66913,720,480,fireboat,165.639429976852,146.684612268519,140.593819444444
782,n03344393_403,601462,2576,1932,fireboat,131.733864836105,118.485423257205,102.650299226496
783,n03344393_408,60935,550,316,fireboat,142.426150747986,131.389125431531,114.415333716916
784,n03344393_415,185402,375,500,fireboat,110.185882666667,112.696965333333,179.198298666667
785,n03344393_428,111759,500,373,fireboat,152.862664879357,146.511126005362,137.243254691689
786,n03344393_438,88544,500,375,fireboat,168.184768,138.490106666667,118.390816
787,n03344393_456,115028,500,357,fireboat,152.017523809524,139.951719887955,126.826661064426
788,n03344393_464,77845,500,375,fireboat,149.518490666667,143.921557333333,120.722144
789,n03344393_465,113917,375,500,fireboat,124.745925333333,124.573536,118.374570666667
790,n03344393_475,62719,500,182,fireboat,133.10156043956,134.609043956044,144.555791208791
791,n03344393_482,181019,333,500,fireboat,131.74839039039,110.277453453453,103.805117117117
792,n03344393_486,115828,500,333,fireboat,146.810540540541,140.036522522523,156.792564564565
793,n03344393_509,64674,375,500,fireboat,108.701909333333,122.482074666667,127.65456
794,n03344393_538,35857,550,367,fireboat,121.937493188011,118.687441169185,120.134188754025
795,n03344393_547,237648,645,496,fireboat,106.703869717429,104.756204676169,109.726656664166
796,n03344393_55,87649,500,339,fireboat,139.584542772861,135.713073746313,110.111551622419
797,n03344393_557,65447,375,500,fireboat,129.700373333333,134.240336,134.733408
798,n03344393_562,110630,500,375,fireboat,147.634362666667,148.752048,155.318021333333
799,n03344393_579,119658,500,375,fireboat,126.50776,122.757018666667,120.2164
800,n03344393_584,342377,1280,960,fireboat,110.351267903646,126.625393880208,125.675904947917
801,n03344393_585,129615,375,500,fireboat,129.688106666667,122.20424,119.356325333333
802,n03344393_595,133796,500,375,fireboat,109.100165333333,94.3721013333333,87.250816
803,n03344393_95,134223,500,375,fireboat,126.279706666667,129.816176,126.453898666667
804,n03782006_125,104124,500,333,monitor,113.023645645646,109.496132132132,100.322318318318
805,n03782006_128,155990,500,375,monitor,77.0411733333333,75.4656693333333,90.4188373333333
806,n03782006_134,102364,500,354,monitor,102.672423728814,103.543231638418,104.658209039548
807,n03782006_136,144606,500,375,monitor,158.716522666667,166.156933333333,157.916922666667
808,n03782006_155,124284,500,375,monitor,76.4694506666667,82.098128,88.9452746666667
809,n03782006_173,132976,500,375,monitor,95.619536,99.8320053333333,96.5807413333333
810,n03782006_202,72481,500,375,monitor,98.9271786666667,114.388208,118.514869333333
811,n03782006_251,59816,500,375,monitor,37.036544,40.9865333333333,41.9434986666667
812,n03782006_265,31884,470,468,monitor,128.882187670486,128.779400800145,130.77993726132
813,n03782006_276,124730,500,329,monitor,107.150899696049,111.890425531915,119.689872340426
814,n03782006_328,10325,190,190,monitor,195.606980609418,176.903822714681,169.973739612188
815,n03782006_346,48869,733,500,monitor,115.922305593452,120.962652114598,134.069918144611
816,n03782006_354,87474,375,500,monitor,104.821712,104.821712,104.821712
817,n03782006_380,87225,500,331,monitor,138.892694864048,145.541552870091,136.982924471299
818,n03782006_395,73217,864,648,monitor,46.8748303183585,55.8518125571559,55.282412765775
819,n03782006_417,22856,420,360,monitor,208.343670634921,180.491613756614,141.36210978836
820,n03782006_436,106116,334,500,monitor,51.1456047904192,81.6212634730539,116.153754491018
821,n03782006_453,35255,500,375,monitor,84.5469173333333,89.45464,90.9743253333333
822,n03782006_454,64899,500,333,monitor,111.927855855856,111.731855855856,129.85445045045
823,n03782006_460,127920,500,423,monitor,104.09198108747,125.28441607565,174.677886524823
824,n03782006_465,113349,500,398,monitor,68.7081608040201,82.6576884422111,95.3607889447236
825,n03782006_537,146356,500,375,monitor,40.96504,57.2749813333333,77.2993653333333
826,n03782006_568,118563,375,500,monitor,77.6766666666667,102.531744,86.4792853333333
827,n03782006_580,68512,500,313,monitor,97.3296677316294,111.871277955272,109.315143769968
828,n03782006_606,89091,500,375,monitor,110.321573333333,114.195738666667,116.253024
829,n03782006_609,36826,500,397,monitor,93.0920302267002,114.328624685139,129.945979848867
830,n03782006_619,71775,500,333,monitor,85.3083603603604,85.7727087087087,80.0806906906907
831,n03782006_633,65962,500,375,monitor,164.178848,167.200048,163.94016
832,n03782006_650,109635,333,500,monitor,129.586372372372,131.578102102102,126.011813813814
833,n03782006_662,129499,500,375,monitor,86.9269973333333,95.1378506666667,98.9803466666667
834,n03782006_673,28469,420,379,monitor,152.782397286091,111.18919462244,88.6981907274783
835,n03782006_712,64669,500,375,monitor,119.196122666667,128.253536,130.229845333333
836,n03782006_730,22593,380,380,monitor,118.77743767313,121.607465373961,127.933718836565
837,n03782006_751,28167,658,498,monitor,172.499377449006,172.110865956226,163.854750308224
838,n03782006_752,127945,500,375,monitor,130.328794666667,129.779034666667,127.583450666667
839,n03782006_761,40909,500,473,monitor,110.473644820296,97.8267737843552,91.6026511627907
840,n03884397_1009,22852,300,152,panpipe,57.3143201754386,70.958552631579,82.604100877193
841,n03884397_1013,28295,320,303,panpipe,186.998937706271,200.896668729373,218.914294554455
842,n03884397_1038,15074,290,210,panpipe,48.7550082101806,39.4906075533662,57.3506568144499
843,n03884397_1048,8496,269,243,panpipe,59.5851576483547,72.3176526381813,91.3864029250233
844,n03884397_1052,9952,180,240,panpipe,104.798935185185,115.121273148148,117.998680555556
845,n03884397_1069,15883,550,339,panpipe,142.269037275409,175.097211048538,202.302676320729
846,n03884397_11,23482,200,200,panpipe,123.918625,159.665075,190.633825
847,n03884397_1121,19807,129,140,panpipe,37.3496124031008,56.0312292358804,86.6492248062015
848,n03884397_1150,9583,140,180,panpipe,112.101587301587,133.835436507937,178.720595238095
849,n03884397_1164,12580,208,292,panpipe,101.087822708114,118.582718651212,152.338102608008
850,n03884397_1178,89243,600,398,panpipe,49.8756825795645,62.227918760469,95.0409422110553
851,n03884397_1264,3640,80,203,panpipe,161.675492610837,179.537007389163,194.762807881773
852,n03884397_1293,7597,200,130,panpipe,91.4450384615385,100.848961538462,121.929615384615
853,n03884397_1302,3645,100,100,panpipe,98.2295,146.7805,160.933
854,n03884397_1333,81470,682,511,panpipe,116.405317616542,112.873303453065,121.770555118765
855,n03884397_1401,9336,170,136,panpipe,67.4135813148789,91.4918685121107,133.066522491349
856,n03884397_1407,2013,80,123,panpipe,211.220426829268,230.087703252033,243.928048780488
857,n03884397_1415,34927,516,403,panpipe,126.775198607344,137.541010252563,162.413997730202
858,n03884397_1422,21687,60,51,panpipe,109.632352941176,162.257189542484,196.234640522876
859,n03884397_1480,11288,104,146,panpipe,79.4355900948367,125.653582718651,154.768703898841
860,n03884397_1539,99842,1180,1180,panpipe,98.8381549842,127.604403906923,147.9832426027
861,n03884397_1547,5814,142,89,panpipe,128.858126285805,141.936777971198,150.621617344517
862,n03884397_1552,29797,389,120,panpipe,117.983933161954,125.54059554413,130.159532990574
863,n03884397_161,7891,150,141,panpipe,82.6316312056738,116.04865248227,156.293522458629
864,n03884397_1611,17413,314,231,panpipe,100.404555105192,100.056001323517,127.375093059806
865,n03884397_1623,22650,200,200,panpipe,49.557075,66.092625,87.132425
866,n03884397_1701,19751,154,351,panpipe,82.4582824582825,128.326765826766,158.31203981204
867,n03884397_1705,1929,128,100,panpipe,96.952265625,162.643671875,80.2446875
868,n03884397_1712,18417,310,154,panpipe,117.042668621701,109.964725596984,134.512086300796
869,n03884397_1735,1255042,1122,1641,panpipe,180.778794504894,167.107045288893,180.57612689971
870,n03884397_224,8516,140,180,panpipe,76.6596428571429,87.9194841269841,108.266785714286
871,n03884397_238,13689,225,310,panpipe,158.226838709677,192.327340501792,221.374537634409
872,n03884397_25,8023,118,176,panpipe,181.457386363636,192.939137134052,205.716390600924
873,n03884397_271,125913,500,423,panpipe,175.528089834515,178.661768321513,185.289617021277
874,n03884397_274,12781,150,113,panpipe,207.552743362832,215.862064896755,220.064247787611
875,n03884397_288,11632,300,213,panpipe,148.523129890454,160.34323943662,180.523176838811
876,n03884397_30,1946,160,120,panpipe,93.3065625,137.646822916667,170.82015625
877,n03884397_318,99660,500,333,panpipe,25.0406186186186,39.3821561561562,62.1298438438438
878,n03884397_343,3559,117,115,panpipe,94.0712002972873,103.015087328131,188.147603121516
879,n03884397_355,13802,120,120,panpipe,148.260347222222,163.441944444444,182.334375
880,n03884397_357,20589,195,293,panpipe,52.2658790583705,73.036334996062,99.3584142819638
881,n03884397_360,145299,500,466,panpipe,127.258772532189,131.552098712446,130.943841201717
882,n03884397_367,3905,180,135,panpipe,194.616131687243,215.204197530864,228.792510288066
883,n03884397_386,4104,120,111,panpipe,166.870945945946,96.4978228228228,106.238438438438
884,n03884397_393,71329,330,390,panpipe,142.769393939394,154.3268997669,170.543830613831
885,n03884397_410,106387,400,320,panpipe,103.9411953125,134.9741484375,123.9829375
886,n03884397_413,17987,320,240,panpipe,76.3936197916667,123.376497395833,156.443841145833
887,n03884397_427,11513,193,145,panpipe,54.1239235304627,86.0213685903162,114.44798999464
888,n03884397_432,38731,446,640,panpipe,190.448661715247,207.007787976457,222.042159473094
889,n03884397_476,82737,281,500,panpipe,126.452476868327,127.182925266904,143.493459074733
890,n03884397_542,3294,250,269,panpipe,111.692029739777,136.122453531599,126.970319702602
891,n03884397_589,9250,140,180,panpipe,65.2240079365079,87.488253968254,101.404722222222
892,n03884397_64,5245,167,361,panpipe,186.259359397548,49.0023554000033,76.5477466120391
893,n03884397_640,20691,252,200,panpipe,134.206349206349,150.560555555556,211.596785714286
894,n03884397_653,5236,156,166,panpipe,127.521856657399,149.175586963238,170.113685511276
895,n03884397_659,13095,300,197,panpipe,95.8150592216582,125.803604060914,149.458054145516
896,n03884397_731,55553,518,600,panpipe,105.919324324324,91.484777992278,116.531451093951
897,n03884397_739,175193,800,1005,panpipe,78.9337338308458,98.6464378109453,122.366243781095
898,n03884397_786,32317,211,152,panpipe,165.383356198553,200.386255924171,223.550542529309
899,n03884397_814,59281,200,150,panpipe,135.837266666667,141.036333333333,144.1627
900,n03884397_862,12971,321,120,panpipe,98.3756490134995,92.1653946002077,92.6607217030114
901,n03884397_868,128434,482,643,panpipe,219.163087317618,227.556794202487,237.727864070778
902,n03884397_878,51908,333,500,panpipe,140.658594594595,133.416960960961,163.394126126126
903,n03884397_886,87977,640,480,panpipe,122.820719401042,132.606393229167,151.450533854167
904,n03884397_895,30287,245,350,panpipe,98.7829970845481,116.251755102041,126.513551020408
905,n03884397_969,41363,637,477,panpipe,101.985111025542,112.528940361824,131.718995290424
906,n03884397_97,6930,200,200,panpipe,77.676575,116.926225,162.11185
907,n03884397_993,7087,140,180,panpipe,70.5964285714286,90.0887698412698,97.1058333333333
908,n04201297_1000,124569,375,500,shoji,86.7339253333333,90.7664586666667,90.8584586666667
909,n04201297_1007,25159,400,533,shoji,134.310755159475,148.03441369606,157.343968105066
910,n04201297_101,56766,318,480,shoji,79.718107966457,97.6914570230608,131.199672431866
911,n04201297_1010,102673,1024,768,shoji,85.2483011881511,109.902576446533,125.907952626546
912,n04201297_1016,83066,500,375,shoji,72.865088,80.842208,83.4140266666667
913,n04201297_1028,47313,400,300,shoji,129.849325,145.976325,156.175741666667
914,n04201297_1036,11130,219,169,shoji,77.8790359622815,78.1222069114588,96.2922644619167
915,n04201297_111,88738,500,375,shoji,50.7369813333333,69.978448,87.736448
916,n04201297_1134,36129,500,375,shoji,130.291397333333,147.864021333333,159.209664
917,n04201297_1142,7029,298,200,shoji,106.43817114094,132.80711409396,145.460570469799
918,n04201297_1148,20536,270,172,shoji,94.7632644272179,123.629134366925,149.574354005168
919,n04201297_1154,213018,640,480,shoji,95.85892578125,102.217721354167,109.799772135417
920,n04201297_1170,35155,600,450,shoji,93.8210814814815,96.7262444444445,98.0413666666667
921,n04201297_118,120037,500,337,shoji,23.1948071216617,47.5903857566766,109.421620178042
922,n04201297_1181,50790,500,375,shoji,63.2349386666667,93.2047146666667,114.357909333333
923,n04201297_1185,4893,120,120,shoji,145.947986111111,181.085069444444,210.490902777778
924,n04201297_1213,64866,500,327,shoji,98.3292048929664,97.6718837920489,100.12996941896
925,n04201297_1223,117649,500,375,shoji,83.7926186666667,87.8937493333333,90.1969493333333
926,n04201297_132,54699,360,336,shoji,139.328331679894,156.539608134921,182.750479497355
927,n04201297_166,6866,143,220,shoji,150.03458359822,135.330514939606,142.044310235219
928,n04201297_170,41594,498,359,shoji,122.07384412301,158.502930943831,176.355606269088
929,n04201297_177,37672,640,360,shoji,114.624435763889,114.0361328125,149.425238715278
930,n04201297_191,18773,262,350,shoji,88.4317230098146,94.5369356597601,108.312966194111
931,n04201297_20,10846,192,147,shoji,96.9249220521542,112.36079223356,135.520904195011
932,n04201297_22,41050,300,225,shoji,102.974014814815,117.300844444444,133.131674074074
933,n04201297_224,19840,112,166,shoji,63.7912005163511,84.262101979346,104.76678141136
934,n04201297_236,17691,250,248,shoji,127.47514516129,139.817677419355,176.07
935,n04201297_242,128224,305,294,shoji,138.305620608899,162.98468830155,188.390476190476
936,n04201297_248,17176,300,300,shoji,168.746566666667,179.101,199.670333333333
937,n04201297_27,13485,300,200,shoji,91.1715833333333,112.989916666667,149.150716666667
938,n04201297_273,9758,250,251,shoji,74.5187410358566,87.5949641434263,110.656860557769
939,n04201297_274,41210,500,375,shoji,117.1628,153.24288,194.721312
940,n04201297_287,13202,350,310,shoji,132.336064516129,131.637520737327,136.970764976959
941,n04201297_301,98674,332,500,shoji,44.2603554216868,60.4746506024096,80.6436626506024
942,n04201297_310,46890,350,525,shoji,82.0958421768708,97.8306448979592,120.713551020408
943,n04201297_314,13741,400,259,shoji,148.32944015444,167.53111003861,165.293252895753
944,n04201297_324,39957,400,388,shoji,70.8800128865979,91.2994201030928,143.143666237113
945,n04201297_333,23473,170,227,shoji,86.1437419020472,107.361052086033,113.650298004664
946,n04201297_342,57404,800,1067,shoji,98.3482029053421,116.091963448922,131.525475632615
947,n04201297_343,3905,74,100,shoji,82.0887837837838,123.605810810811,159.478378378378
948,n04201297_352,78310,270,190,shoji,124.32,151.09955165692,169.752651072125
949,n04201297_386,55423,498,410,shoji,121.528048780488,150.128215300225,171.061798413165
950,n04201297_387,107852,375,500,shoji,88.5811093333333,114.648826666667,133.058976
951,n04201297_42,10179,240,320,shoji,86.27359375,93.0999479166667,98.9431510416667
952,n04201297_436,12046,345,225,shoji,82.050228663446,127.707980676329,185.664450885668
953,n04201297_441,265469,600,600,shoji,136.415752777778,146.721763888889,169.203733333333
954,n04201297_456,71769,273,600,shoji,174.923754578755,190.117148962149,204.046477411477
955,n04201297_477,60510,540,360,shoji,137.356075102881,146.780920781893,150.515329218107
956,n04201297_507,71077,780,400,shoji,68.8915801282051,77.7161891025641,89.8067115384615
957,n04201297_509,91502,375,500,shoji,83.353488,112.137418666667,137.590976
958,n04201297_523,96880,1024,766,shoji,106.098172578737,127.05059129202,134.397967067151
959,n04201297_524,34287,400,250,shoji,92.79847,115.76956,158.09449
960,n04201297_532,133133,510,680,shoji,158.139207035755,158.448096885813,179.602967128028
961,n04201297_546,3961,104,140,shoji,118.060851648352,133.160782967033,159.299519230769
962,n04201297_597,33771,516,387,shoji,77.2678424774152,88.7234140576488,113.227249964946
963,n04201297_599,54262,175,225,shoji,129.514361904762,145.026768253968,159.54593015873
964,n04201297_603,14939,380,285,shoji,138.93539242844,121.769926131117,115.670637119114
965,n04201297_622,99372,500,334,shoji,138.79519760479,151.274377245509,162.178101796407
966,n04201297_624,87910,451,354,shoji,128.219599884751,143.805379132374,158.200909466722
967,n04201297_63,21635,133,101,shoji,129.422243728132,142.23963373781,156.653242015931
968,n04201297_648,81890,375,500,shoji,92.809856,108.829653333333,118.691461333333
969,n04201297_650,33073,500,349,shoji,119.992028653295,137.498601719198,144.125656160458
970,n04201297_655,174728,689,1000,shoji,87.9621044992743,97.523611030479,106.650287373004
971,n04201297_676,36661,279,490,shoji,103.001031380294,131.675693072928,147.614585619194
972,n04201297_680,37082,400,267,shoji,127.686666666667,150.851423220974,191.923857677903
973,n04201297_691,107592,375,500,shoji,110.210768,126.642794666667,153.919088
974,n04201297_706,351140,1280,960,shoji,123.182055664063,131.53254313151,134.363160807292
975,n04201297_711,19559,139,110,shoji,134.843361674297,146.994571615435,166.191039895356
976,n04201297_724,225842,640,480,shoji,104.465240885417,104.785387369792,104.06791015625
977,n04201297_73,81390,400,300,shoji,69.4357666666667,81.4092,94.970025
978,n04201297_740,14430,289,300,shoji,113.08830449827,124.59092272203,139.614302191465
979,n04201297_747,50169,300,445,shoji,59.4822771535581,96.3321573033708,116.91602247191
980,n04201297_752,69553,400,300,shoji,156.077441666667,174.683425,195.088925
981,n04201297_759,3822,128,85,shoji,14.5335477941176,99.4992647058823,142.914797794118
982,n04201297_770,1201516,2016,1512,shoji,112.162323436319,116.366619950449,116.808576690707
983,n04201297_776,2922,120,160,shoji,81.1350520833333,84.619375,104.91734375
984,n04201297_800,8377,205,155,shoji,53.5052714398112,90.0287962234461,153.719244689221
985,n04201297_827,14704,225,169,shoji,64.48,89.3751479289941,129.414069690993
986,n04201297_832,75906,335,460,shoji,117.660908500973,127.681064243997,127.467852044127
987,n04201297_841,126222,500,375,shoji,106.615952,117.928704,126.071210666667
988,n04201297_845,16208,188,250,shoji,118.502489361702,150.338659574468,196.016255319149
989,n04201297_874,90615,1024,768,shoji,117.076418558757,139.700286865234,155.548197428385
990,n04201297_877,24775,259,234,shoji,79.8113388113388,111.510246510247,154.064911064911
991,n04201297_901,3956,170,118,shoji,92.6858923230309,94.8849451645065,95.3642572283151
992,n04201297_904,3269,100,100,shoji,87.6791,89.1775,93.746
993,n04201297_907,57659,250,375,shoji,86.100768,91.6143466666667,104.610922666667
994,n04201297_925,243168,2400,1800,shoji,102.939236111111,105.917181712963,111.903561111111
995,n04201297_930,1803602,3872,2592,shoji,70.2259304893952,95.528151922476,135.288190857438
996,n04201297_947,5757,160,160,shoji,106.756640625,118.3389453125,126.384765625
997,n04201297_955,110965,336,448,shoji,163.759925063776,173.722158003827,182.407764668367
998,n04201297_971,2551,132,80,shoji,181.492897727273,177.967518939394,189.414204545455
999,n04201297_987,20127,240,320,shoji,130.133020833333,145.767005208333,153.1345703125
