id,name,csize,#LOCs,variable_declarator,for_statement,if_statement,function_declaration
0,1627,2916,97,20,3,4,2
1,1628,2916,97,20,3,4,2
2,1629,2916,97,20,3,4,2
3,1630,2916,97,20,3,4,2
4,1631,2916,97,20,3,4,2
5,1632,2916,97,20,3,4,2
6,1633,2916,97,20,3,4,2
7,1634,2916,97,20,3,4,2
8,1635,2916,97,20,3,4,2
9,1636,2916,97,20,3,4,2
10,1637,2916,97,20,3,4,2
11,1638,2916,97,20,3,4,2
12,1639,2916,97,20,3,4,2
13,1640,2916,97,20,3,4,2
14,1641,2916,97,20,3,4,2
15,1642,2916,97,20,3,4,2
16,1643,2916,97,20,3,4,2
17,1644,2916,97,20,3,4,2
18,1645,2916,97,20,3,4,2
19,1646,2916,97,20,3,4,2
20,1647,2916,97,20,3,4,2
21,1648,2916,97,20,3,4,2
22,1649,2916,97,20,3,4,2
23,1650,2916,97,20,3,4,2
24,1651,2916,97,20,3,4,2
25,1652,2916,97,20,3,4,2
26,1653,2916,97,20,3,4,2
27,1654,2916,97,20,3,4,2
28,590,1215,41,16,1,0,2
29,591,1215,41,16,1,0,2
30,592,1215,41,16,1,0,2
31,593,1215,41,16,1,0,2
32,594,1215,41,16,1,0,2
33,595,1215,41,16,1,0,2
34,596,1215,41,16,1,0,2
35,597,1215,41,16,1,0,2
36,598,1215,41,16,1,0,2
37,599,1215,41,16,1,0,2
38,600,1215,41,16,1,0,2
39,601,1215,41,16,1,0,2
40,602,1215,41,16,1,0,2
41,603,1215,41,16,1,0,2
42,604,1215,41,16,1,0,2
43,605,1215,41,16,1,0,2
44,606,1215,41,16,1,0,2
45,607,1215,41,16,1,0,2
46,1835,1098,59,6,1,0,5
47,1836,1098,59,6,1,0,5
48,1837,1098,59,6,1,0,5
49,1838,1098,59,6,1,0,5
50,1175,1855,69,13,3,2,3
51,1176,1855,69,13,3,2,3
52,1177,1855,69,13,3,2,3
53,1178,1855,69,13,3,2,3
54,1179,1855,69,13,3,2,3
55,1180,1855,69,13,3,2,3
56,1181,1855,69,13,3,2,3
57,1182,1855,69,13,3,2,3
58,1183,1855,69,13,3,2,3
59,1184,1855,69,13,3,2,3
60,1185,1855,69,13,3,2,3
61,1186,1855,69,13,3,2,3
62,1187,1855,69,13,3,2,3
63,1188,1855,69,13,3,2,3
64,1189,1855,69,13,3,2,3
65,1190,1855,69,13,3,2,3
66,1191,1855,69,13,3,2,3
67,1192,1855,69,13,3,2,3
68,1193,1855,69,13,3,2,3
69,1194,1855,69,13,3,2,3
70,1195,1855,69,13,3,2,3
71,1196,1855,69,13,3,2,3
72,1197,1855,69,13,3,2,3
73,1198,1855,69,13,3,2,3
74,1199,1855,69,13,3,2,3
75,1200,1855,69,13,3,2,3
76,1201,1855,69,13,3,2,3
77,1202,1855,69,13,3,2,3
78,1203,1855,69,13,3,2,3
79,1204,1855,69,13,3,2,3
80,1205,1855,69,13,3,2,3
81,1206,1855,69,13,3,2,3
82,136,3955,188,26,0,7,18
83,137,3955,188,26,0,7,18
84,138,3955,188,26,0,7,18
85,139,3955,188,26,0,7,18
86,140,3955,188,26,0,7,18
87,141,3955,188,26,0,7,18
88,1392,503,25,6,0,1,1
89,1393,1328,55,10,1,4,2
90,1394,1328,55,10,1,4,2
91,1395,1328,55,10,1,4,2
92,1396,1328,55,10,1,4,2
93,1397,1328,55,10,1,4,2
94,1398,1328,55,10,1,4,2
95,1399,1328,55,10,1,4,2
96,1400,1328,55,10,1,4,2
97,1401,1328,55,10,1,4,2
98,1402,1328,55,10,1,4,2
99,1403,1328,55,10,1,4,2
100,1404,1328,55,10,1,4,2
101,1405,1328,55,10,1,4,2
102,1406,1328,55,10,1,4,2
103,1407,1328,55,10,1,4,2
104,1408,1328,55,10,1,4,2
105,1409,1328,55,10,1,4,2
106,1410,1328,55,10,1,4,2
107,1495,1384,56,14,2,0,3
108,1496,1384,56,14,2,0,3
109,1497,1384,56,14,2,0,3
110,1498,1384,56,14,2,0,3
111,1411,558,26,5,0,1,1
112,1412,558,26,5,0,1,1
113,1413,558,26,5,0,1,1
114,1414,558,26,5,0,1,1
115,1415,506,24,6,1,0,1
116,1416,506,24,6,1,0,1
117,1417,506,24,6,1,0,1
118,1418,506,24,6,1,0,1
119,1419,807,43,6,0,3,3
120,1420,807,43,6,0,3,3
121,1421,563,26,8,1,0,1
122,1422,563,26,8,1,0,1
123,1423,689,30,8,0,1,2
124,1424,689,30,8,0,1,2
125,1425,689,30,8,0,1,2
126,1426,561,33,4,0,3,1
127,1427,561,33,4,0,3,1
128,1428,561,33,4,0,3,1
129,1429,540,30,6,1,1,1
130,1430,540,30,6,1,1,1
131,1431,507,28,6,1,1,1
132,1432,507,28,6,1,1,1
133,1433,507,28,6,1,1,1
134,1207,1068,48,8,3,3,1
135,1208,1068,48,8,3,3,1
136,1209,1068,48,8,3,3,1
137,161,647,27,7,1,0,1
138,162,593,23,7,1,0,1
139,163,1592,43,5,3,0,1
140,164,1415,51,9,1,4,1
141,165,1415,51,9,1,4,1
142,166,1415,51,9,1,4,1
143,167,1415,51,9,1,4,1
144,168,1415,51,9,1,4,1
145,169,1415,51,9,1,4,1
146,170,1415,51,9,1,4,1
147,171,1415,51,9,1,4,1
148,172,1415,51,9,1,4,1
149,173,1254,61,11,5,0,1
150,174,1254,61,11,5,0,1
151,175,1254,61,11,5,0,1
152,176,1254,61,11,5,0,1
153,177,1254,61,11,5,0,1
154,178,1254,61,11,5,0,1
155,179,1254,61,11,5,0,1
156,180,1254,61,11,5,0,1
157,181,1254,61,11,5,0,1
158,182,1254,61,11,5,0,1
159,183,1254,61,11,5,0,1
160,184,1254,61,11,5,0,1
161,185,671,30,5,2,0,3
162,186,671,30,5,2,0,3
163,187,671,30,5,2,0,3
164,188,671,30,5,2,0,3
165,189,671,30,5,2,0,3
166,190,671,30,5,2,0,3
167,191,671,30,5,2,0,3
168,192,671,30,5,2,0,3
169,193,1524,43,5,1,0,1
170,194,1524,43,5,1,0,1
171,195,1524,43,5,1,0,1
172,196,1524,43,5,1,0,1
173,197,483,25,7,1,0,1
174,198,483,25,7,1,0,1
175,199,483,25,7,1,0,1
176,200,519,24,5,1,0,1
177,201,519,24,5,1,0,1
178,202,519,24,5,1,0,1
179,203,519,24,5,1,0,1
180,204,519,24,5,1,0,1
181,205,519,24,5,1,0,1
182,206,519,24,5,1,0,1
183,207,519,24,5,1,0,1
184,208,519,24,5,1,0,1
185,209,519,24,5,1,0,1
186,210,519,24,5,1,0,1
187,211,519,24,5,1,0,1
188,212,490,21,6,1,0,1
189,213,490,21,6,1,0,1
190,214,490,21,6,1,0,1
191,215,490,21,6,1,0,1
192,216,490,21,6,1,0,1
193,217,490,21,6,1,0,1
194,218,490,21,6,1,0,1
195,219,490,21,6,1,0,1
196,220,854,46,5,2,0,1
197,221,854,46,5,2,0,1
198,222,854,46,5,2,0,1
199,223,854,46,5,2,0,1
200,224,854,46,5,2,0,1
201,225,854,46,5,2,0,1
202,226,854,46,5,2,0,1
203,227,854,46,5,2,0,1
204,228,854,46,5,2,0,1
205,229,854,46,5,2,0,1
206,230,854,46,5,2,0,1
207,231,854,46,5,2,0,1
208,232,854,46,5,2,0,1
209,233,854,46,5,2,0,1
210,234,854,46,5,2,0,1
211,235,854,46,5,2,0,1
212,236,472,24,5,1,1,1
213,237,472,24,5,1,1,1
214,238,472,24,5,1,1,1
215,239,472,24,5,1,1,1
216,240,472,24,5,1,1,1
217,241,472,24,5,1,1,1
218,242,612,33,4,0,0,1
219,243,612,33,4,0,0,1
220,244,612,33,4,0,0,1
221,245,612,33,4,0,0,1
222,246,612,33,4,0,0,1
223,247,612,33,4,0,0,1
224,248,612,33,4,0,0,1
225,249,612,33,4,0,0,1
226,250,612,33,4,0,0,1
227,251,612,33,4,0,0,1
228,252,612,33,4,0,0,1
229,253,612,33,4,0,0,1
230,254,612,33,4,0,0,1
231,255,612,33,4,0,0,1
232,256,612,33,4,0,0,1
233,257,612,33,4,0,0,1
234,258,612,33,4,0,0,1
235,259,612,33,4,0,0,1
236,260,612,33,4,0,0,1
237,261,612,33,4,0,0,1
238,262,2584,123,16,10,0,1
239,263,2584,123,16,10,0,1
240,264,2584,123,16,10,0,1
241,265,2584,123,16,10,0,1
242,266,2584,123,16,10,0,1
243,267,2584,123,16,10,0,1
244,268,2584,123,16,10,0,1
245,269,2584,123,16,10,0,1
246,270,2584,123,16,10,0,1
247,271,2584,123,16,10,0,1
248,272,2584,123,16,10,0,1
249,273,2584,123,16,10,0,1
250,274,2584,123,16,10,0,1
251,275,2584,123,16,10,0,1
252,276,2584,123,16,10,0,1
253,277,2584,123,16,10,0,1
254,278,2584,123,16,10,0,1
255,279,2584,123,16,10,0,1
256,280,2584,123,16,10,0,1
257,281,2584,123,16,10,0,1
258,282,396,26,6,2,0,1
259,283,396,26,6,2,0,1
260,284,490,25,7,1,0,1
261,285,1046,51,7,1,3,1
262,286,1046,51,7,1,3,1
263,287,1046,51,7,1,3,1
264,288,1046,51,7,1,3,1
265,289,1046,51,7,1,3,1
266,290,1046,51,7,1,3,1
267,291,1046,51,7,1,3,1
268,292,1046,51,7,1,3,1
269,293,1046,51,7,1,3,1
270,294,1046,51,7,1,3,1
271,295,1046,51,7,1,3,1
272,296,1046,51,7,1,3,1
273,297,1046,51,7,1,3,1
274,298,1046,51,7,1,3,1
275,299,1046,51,7,1,3,1
276,300,1046,51,7,1,3,1
277,301,1046,51,7,1,3,1
278,302,1046,51,7,1,3,1
279,303,1046,51,7,1,3,1
280,304,1046,51,7,1,3,1
281,305,1046,51,7,1,3,1
282,306,1046,51,7,1,3,1
283,307,1046,51,7,1,3,1
284,308,1046,51,7,1,3,1
285,309,1046,51,7,1,3,1
286,310,1046,51,7,1,3,1
287,311,1046,51,7,1,3,1
288,312,1046,51,7,1,3,1
289,313,1046,51,7,1,3,1
290,314,1046,51,7,1,3,1
291,315,1046,51,7,1,3,1
292,316,1046,51,7,1,3,1
293,317,1046,51,7,1,3,1
294,318,1046,51,7,1,3,1
295,319,1046,51,7,1,3,1
296,320,1046,51,7,1,3,1
297,321,1046,51,7,1,3,1
298,322,1046,51,7,1,3,1
299,323,1046,51,7,1,3,1
300,324,1046,51,7,1,3,1
301,325,1046,51,7,1,3,1
302,326,1046,51,7,1,3,1
303,327,1046,51,7,1,3,1
304,328,1046,51,7,1,3,1
305,329,1112,60,13,4,0,4
306,330,1112,60,13,4,0,4
307,331,1112,60,13,4,0,4
308,332,1112,60,13,4,0,4
309,333,1112,60,13,4,0,4
310,334,1112,60,13,4,0,4
311,335,1112,60,13,4,0,4
312,336,1112,60,13,4,0,4
313,337,1112,60,13,4,0,4
314,338,598,40,4,1,0,1
315,339,598,40,4,1,0,1
316,340,598,40,4,1,0,1
317,341,598,40,4,1,0,1
318,342,598,40,4,1,0,1
319,343,598,40,4,1,0,1
320,344,598,40,4,1,0,1
321,345,598,40,4,1,0,1
322,346,598,40,4,1,0,1
323,347,598,40,4,1,0,1
324,348,598,40,4,1,0,1
325,349,598,40,4,1,0,1
326,350,598,40,4,1,0,1
327,351,598,40,4,1,0,1
328,352,598,40,4,1,0,1
329,353,598,40,4,1,0,1
330,354,598,40,4,1,0,1
331,355,735,40,6,1,0,1
332,356,735,40,6,1,0,1
333,357,735,40,6,1,0,1
334,358,735,40,6,1,0,1
335,359,735,40,6,1,0,1
336,360,735,40,6,1,0,1
337,361,735,40,6,1,0,1
338,362,735,40,6,1,0,1
339,363,735,40,6,1,0,1
340,364,735,40,6,1,0,1
341,365,547,32,6,1,0,1
342,366,547,32,6,1,0,1
343,367,547,32,6,1,0,1
344,368,547,32,6,1,0,1
345,369,547,32,6,1,0,1
346,370,547,32,6,1,0,1
347,371,547,32,6,1,0,1
348,372,547,32,6,1,0,1
349,373,547,32,6,1,0,1
350,374,547,32,6,1,0,1
351,375,547,32,6,1,0,1
352,376,547,32,6,1,0,1
353,377,547,32,6,1,0,1
354,378,547,32,6,1,0,1
355,379,547,32,6,1,0,1
356,380,547,32,6,1,0,1
357,381,547,32,6,1,0,1
358,382,547,32,6,1,0,1
359,383,547,32,6,1,0,1
360,384,547,32,6,1,0,1
361,385,547,32,6,1,0,1
362,386,547,32,6,1,0,1
363,387,547,32,6,1,0,1
364,388,547,32,6,1,0,1
365,389,639,42,6,1,0,1
366,390,639,42,6,1,0,1
367,391,639,42,6,1,0,1
368,392,639,42,6,1,0,1
369,393,639,42,6,1,0,1
370,394,639,42,6,1,0,1
371,395,639,42,6,1,0,1
372,396,639,42,6,1,0,1
373,397,639,42,6,1,0,1
374,398,639,42,6,1,0,1
375,399,639,42,6,1,0,1
376,400,639,42,6,1,0,1
377,401,639,42,6,1,0,1
378,402,639,42,6,1,0,1
379,403,435,22,7,1,0,1
380,404,435,22,7,1,0,1
381,405,2170,87,11,4,3,4
382,406,2170,87,11,4,3,4
383,407,2170,87,11,4,3,4
384,408,2170,87,11,4,3,4
385,409,2170,87,11,4,3,4
386,410,2170,87,11,4,3,4
387,411,2170,87,11,4,3,4
388,412,2170,87,11,4,3,4
389,413,2170,87,11,4,3,4
390,414,2170,87,11,4,3,4
391,415,2170,87,11,4,3,4
392,416,2170,87,11,4,3,4
393,417,2170,87,11,4,3,4
394,418,2170,87,11,4,3,4
395,419,2170,87,11,4,3,4
396,420,2170,87,11,4,3,4
397,421,2170,87,11,4,3,4
398,422,2170,87,11,4,3,4
399,423,2170,87,11,4,3,4
400,424,2170,87,11,4,3,4
401,425,2170,87,11,4,3,4
402,426,2170,87,11,4,3,4
403,427,2170,87,11,4,3,4
404,428,2170,87,11,4,3,4
405,429,2170,87,11,4,3,4
406,430,2170,87,11,4,3,4
407,431,2170,87,11,4,3,4
408,432,2170,87,11,4,3,4
409,433,2170,87,11,4,3,4
410,434,2170,87,11,4,3,4
411,435,2170,87,11,4,3,4
412,436,2170,87,11,4,3,4
413,437,2170,87,11,4,3,4
414,438,2170,87,11,4,3,4
415,439,2170,87,11,4,3,4
416,440,2170,87,11,4,3,4
417,441,295,19,4,1,0,1
418,442,295,19,4,1,0,1
419,443,295,19,4,1,0,1
420,444,921,46,7,4,1,1
421,445,921,46,7,4,1,1
422,446,921,46,7,4,1,1
423,447,921,46,7,4,1,1
424,448,921,46,7,4,1,1
425,449,921,46,7,4,1,1
426,450,921,46,7,4,1,1
427,451,921,46,7,4,1,1
428,452,921,46,7,4,1,1
429,453,921,46,7,4,1,1
430,454,921,46,7,4,1,1
431,455,921,46,7,4,1,1
432,456,921,46,7,4,1,1
433,457,921,46,7,4,1,1
434,458,921,46,7,4,1,1
435,459,921,46,7,4,1,1
436,460,921,46,7,4,1,1
437,461,921,46,7,4,1,1
438,462,921,46,7,4,1,1
439,463,921,46,7,4,1,1
440,464,921,46,7,4,1,1
441,465,921,46,7,4,1,1
442,466,921,46,7,4,1,1
443,467,921,46,7,4,1,1
444,468,921,46,7,4,1,1
445,469,921,46,7,4,1,1
446,470,921,46,7,4,1,1
447,471,921,46,7,4,1,1
448,472,921,46,7,4,1,1
449,473,921,46,7,4,1,1
450,474,921,46,7,4,1,1
451,475,921,46,7,4,1,1
452,476,921,46,7,4,1,1
453,477,921,46,7,4,1,1
454,478,921,46,7,4,1,1
455,479,921,46,7,4,1,1
456,480,921,46,7,4,1,1
457,481,921,46,7,4,1,1
458,482,921,46,7,4,1,1
459,483,921,46,7,4,1,1
460,484,921,46,7,4,1,1
461,485,921,46,7,4,1,1
462,486,921,46,7,4,1,1
463,487,921,46,7,4,1,1
464,488,921,46,7,4,1,1
465,489,1557,70,11,6,3,1
466,490,1557,70,11,6,3,1
467,491,1557,70,11,6,3,1
468,492,1557,70,11,6,3,1
469,493,1557,70,11,6,3,1
470,494,1557,70,11,6,3,1
471,495,1557,70,11,6,3,1
472,496,1557,70,11,6,3,1
473,497,1557,70,11,6,3,1
474,498,1557,70,11,6,3,1
475,499,1557,70,11,6,3,1
476,500,1557,70,11,6,3,1
477,501,1557,70,11,6,3,1
478,502,1557,70,11,6,3,1
479,503,1557,70,11,6,3,1
480,504,1557,70,11,6,3,1
481,505,1557,70,11,6,3,1
482,506,1557,70,11,6,3,1
483,507,2255,125,24,4,3,5
484,508,2255,125,24,4,3,5
485,509,2255,125,24,4,3,5
486,510,2255,125,24,4,3,5
487,511,2255,125,24,4,3,5
488,512,2255,125,24,4,3,5
489,513,2255,125,24,4,3,5
490,514,2255,125,24,4,3,5
491,515,2255,125,24,4,3,5
492,516,2255,125,24,4,3,5
493,517,2255,125,24,4,3,5
494,518,2255,125,24,4,3,5
495,519,2255,125,24,4,3,5
496,520,2255,125,24,4,3,5
497,521,2255,125,24,4,3,5
498,522,2255,125,24,4,3,5
499,523,2255,125,24,4,3,5
500,524,2255,125,24,4,3,5
501,525,2255,125,24,4,3,5
502,526,2255,125,24,4,3,5
503,527,2255,125,24,4,3,5
504,528,2255,125,24,4,3,5
505,529,381,21,6,1,0,1
506,530,381,21,6,1,0,1
507,1499,2038,70,8,1,1,1
508,1500,2038,70,8,1,1,1
509,1501,2038,70,8,1,1,1
510,1502,2038,70,8,1,1,1
511,1503,2038,70,8,1,1,1
512,1504,2038,70,8,1,1,1
513,1505,2038,70,8,1,1,1
514,1506,2038,70,8,1,1,1
515,1507,2038,70,8,1,1,1
516,1508,2038,70,8,1,1,1
517,1509,2038,70,8,1,1,1
518,1510,2038,70,8,1,1,1
519,1511,2038,70,8,1,1,1
520,1512,2038,70,8,1,1,1
521,1513,2038,70,8,1,1,1
522,1514,2038,70,8,1,1,1
523,1515,2038,70,8,1,1,1
524,1516,2038,70,8,1,1,1
525,1517,963,51,4,1,0,1
526,1518,963,51,4,1,0,1
527,1519,963,51,4,1,0,1
528,1520,963,51,4,1,0,1
529,1521,963,51,4,1,0,1
530,1522,963,51,4,1,0,1
531,1523,963,51,4,1,0,1
532,1524,963,51,4,1,0,1
533,1525,963,51,4,1,0,1
534,1526,963,51,4,1,0,1
535,1527,963,51,4,1,0,1
536,1528,963,51,4,1,0,1
537,1529,963,51,4,1,0,1
538,1530,963,51,4,1,0,1
539,1531,963,51,4,1,0,1
540,1532,963,51,4,1,0,1
541,1533,963,51,4,1,0,1
542,1534,963,51,4,1,0,1
543,1535,963,51,4,1,0,1
544,1536,963,51,4,1,0,1
545,1537,963,51,4,1,0,1
546,1538,963,51,4,1,0,1
547,1539,963,51,4,1,0,1
548,1540,963,51,4,1,0,1
549,1541,963,51,4,1,0,1
550,1543,963,51,4,1,0,1
551,1544,963,51,4,1,0,1
552,1545,963,51,4,1,0,1
553,545,1087,42,9,0,2,1
554,546,1087,42,9,0,2,1
555,547,1087,42,9,0,2,1
556,548,1087,42,9,0,2,1
557,549,1087,42,9,0,2,1
558,550,3092,126,24,15,0,1
559,551,3092,126,24,15,0,1
560,552,3092,126,24,15,0,1
561,553,3092,126,24,15,0,1
562,554,3092,126,24,15,0,1
563,555,3092,126,24,15,0,1
564,556,3092,126,24,15,0,1
565,557,3092,126,24,15,0,1
566,558,3092,126,24,15,0,1
567,559,3092,126,24,15,0,1
568,560,3092,126,24,15,0,1
569,561,3092,126,24,15,0,1
570,562,3092,126,24,15,0,1
571,563,3092,126,24,15,0,1
572,564,3092,126,24,15,0,1
573,565,3092,126,24,15,0,1
574,566,3092,126,24,15,0,1
575,567,3092,126,24,15,0,1
576,568,914,39,9,0,1,1
577,569,914,39,9,0,1,1
578,570,914,39,9,0,1,1
579,571,914,39,9,0,1,1
580,572,914,39,9,0,1,1
581,573,914,39,9,0,1,1
582,574,914,39,9,0,1,1
583,575,914,39,9,0,1,1
584,576,1141,44,10,0,2,1
585,577,1141,44,10,0,2,1
586,578,1141,44,10,0,2,1
587,579,1141,44,10,0,2,1
588,580,1141,44,10,0,2,1
589,1548,999,45,5,0,1,2
590,1549,999,45,5,0,1,2
591,1550,999,45,5,0,1,2
592,1551,999,45,5,0,1,2
593,1552,999,45,5,0,1,2
594,1553,999,45,5,0,1,2
595,1554,999,45,5,0,1,2
596,1555,999,45,5,0,1,2
597,1556,999,45,5,0,1,2
598,1557,999,45,5,0,1,2
599,1558,999,45,5,0,1,2
600,1559,999,45,5,0,1,2
601,608,2639,103,22,1,1,3
602,609,2639,103,22,1,1,3
603,610,2639,103,22,1,1,3
604,611,2639,103,22,1,1,3
605,612,2639,103,22,1,1,3
606,613,2639,103,22,1,1,3
607,614,2639,103,22,1,1,3
608,615,2639,103,22,1,1,3
609,616,2639,103,22,1,1,3
610,617,2639,103,22,1,1,3
611,618,2639,103,22,1,1,3
612,619,2639,103,22,1,1,3
613,620,2639,103,22,1,1,3
614,621,2639,103,22,1,1,3
615,622,2639,103,22,1,1,3
616,623,2639,103,22,1,1,3
617,624,2639,103,22,1,1,3
618,625,2639,103,22,1,1,3
619,626,2639,103,22,1,1,3
620,627,2639,103,22,1,1,3
621,628,2639,103,22,1,1,3
622,629,2639,103,22,1,1,3
623,630,2639,103,22,1,1,3
624,631,2639,103,22,1,1,3
625,632,2639,103,22,1,1,3
626,633,2639,103,22,1,1,3
627,634,2639,103,22,1,1,3
628,635,2639,103,22,1,1,3
629,636,2639,103,22,1,1,3
630,637,2639,103,22,1,1,3
631,638,2639,103,22,1,1,3
632,639,2639,103,22,1,1,3
633,640,2639,103,22,1,1,3
634,641,2639,103,22,1,1,3
635,642,2639,103,22,1,1,3
636,643,2639,103,22,1,1,3
637,644,2639,103,22,1,1,3
638,645,2639,103,22,1,1,3
639,646,2639,103,22,1,1,3
640,647,2639,103,22,1,1,3
641,648,2639,103,22,1,1,3
642,649,2639,103,22,1,1,3
643,650,2639,103,22,1,1,3
644,651,2639,103,22,1,1,3
645,652,2639,103,22,1,1,3
646,653,2639,103,22,1,1,3
647,654,2639,103,22,1,1,3
648,655,2639,103,22,1,1,3
649,1366,1007,42,14,3,0,1
650,1560,1422,69,9,0,1,3
651,1561,1422,69,9,0,1,3
652,1562,1422,69,9,0,1,3
653,1563,1422,69,9,0,1,3
654,1564,1422,69,9,0,1,3
655,1565,1422,69,9,0,1,3
656,1566,1422,69,9,0,1,3
657,1567,1422,69,9,0,1,3
658,1568,1422,69,9,0,1,3
659,1569,1422,69,9,0,1,3
660,1570,1422,69,9,0,1,3
661,1571,1422,69,9,0,1,3
662,1572,1422,69,9,0,1,3
663,1573,1422,69,9,0,1,3
664,1574,1422,69,9,0,1,3
665,1575,1422,69,9,0,1,3
666,1576,1422,69,9,0,1,3
667,1577,1422,69,9,0,1,3
668,1578,918,46,9,0,2,1
669,1579,918,46,9,0,2,1
670,1580,918,46,9,0,2,1
671,1581,918,46,9,0,2,1
672,1582,918,46,9,0,2,1
673,1583,918,46,9,0,2,1
674,1584,918,46,9,0,2,1
675,1585,918,46,9,0,2,1
676,1586,918,46,9,0,2,1
677,1587,918,46,9,0,2,1
678,1588,918,46,9,0,2,1
679,1589,918,46,9,0,2,1
680,1717,999,40,8,0,0,1
681,1718,999,40,8,0,0,1
682,1719,999,40,8,0,0,1
683,1720,999,40,8,0,0,1
684,1721,999,40,8,0,0,1
685,1722,999,40,8,0,0,1
686,1723,999,40,8,0,0,1
687,1724,999,40,8,0,0,1
688,1725,999,40,8,0,0,1
689,1726,999,40,8,0,0,1
690,1727,999,40,8,0,0,1
691,1728,999,40,8,0,0,1
692,1729,999,40,8,0,0,1
693,1730,999,40,8,0,0,1
694,1731,999,40,8,0,0,1
695,1732,999,40,8,0,0,1
696,1733,999,40,8,0,0,1
697,1734,999,40,8,0,0,1
698,1590,1491,61,13,3,0,2
699,1591,1491,61,13,3,0,2
700,1592,1491,61,13,3,0,2
701,1593,1491,61,13,3,0,2
702,1594,1491,61,13,3,0,2
703,1595,1491,61,13,3,0,2
704,1596,1491,61,13,3,0,2
705,1597,1491,61,13,3,0,2
706,1598,1491,61,13,3,0,2
707,531,1260,73,19,2,1,3
708,532,1260,73,19,2,1,3
709,533,1260,73,19,2,1,3
710,534,1260,73,19,2,1,3
711,535,1260,73,19,2,1,3
712,536,1260,73,19,2,1,3
713,537,1260,73,19,2,1,3
714,538,1260,73,19,2,1,3
715,539,1260,73,19,2,1,3
716,540,1260,73,19,2,1,3
717,541,1260,73,19,2,1,3
718,542,1260,73,19,2,1,3
719,543,1260,73,19,2,1,3
720,544,1260,73,19,2,1,3
721,0,773,34,10,1,1,1
722,1,773,34,10,1,1,1
723,2,773,34,10,1,1,1
724,3,773,34,10,1,1,1
725,4,773,34,10,1,1,1
726,5,773,34,10,1,1,1
727,6,773,34,10,1,1,1
728,7,773,34,10,1,1,1
729,8,2432,82,17,1,0,2
730,9,2432,82,17,1,0,2
731,10,2432,82,17,1,0,2
732,11,2432,82,17,1,0,2
733,12,2432,82,17,1,0,2
734,13,2432,82,17,1,0,2
735,14,2432,82,17,1,0,2
736,15,2432,82,17,1,0,2
737,16,2432,82,17,1,0,2
738,17,2432,82,17,1,0,2
739,18,2432,82,17,1,0,2
740,19,2432,82,17,1,0,2
741,20,1015,48,10,1,1,2
742,21,1015,48,10,1,1,2
743,22,1015,48,10,1,1,2
744,23,1015,48,10,1,1,2
745,24,1015,48,10,1,1,2
746,25,1015,48,10,1,1,2
747,26,1015,48,10,1,1,2
748,27,1015,48,10,1,1,2
749,28,1015,48,10,1,1,2
750,29,1015,48,10,1,1,2
751,30,1015,48,10,1,1,2
752,31,1015,48,10,1,1,2
753,32,783,38,11,1,1,1
754,33,783,38,11,1,1,1
755,34,783,38,11,1,1,1
756,35,783,38,11,1,1,1
757,36,783,38,11,1,1,1
758,37,783,38,11,1,1,1
759,38,783,38,11,1,1,1
760,39,783,38,11,1,1,1
761,40,783,38,11,1,1,1
762,41,783,38,11,1,1,1
763,42,783,38,11,1,1,1
764,43,783,38,11,1,1,1
765,44,783,38,11,1,1,1
766,45,783,38,11,1,1,1
767,46,783,38,11,1,1,1
768,47,783,38,11,1,1,1
769,48,783,38,11,1,1,1
770,49,783,38,11,1,1,1
771,50,783,38,11,1,1,1
772,51,783,38,11,1,1,1
773,52,783,38,11,1,1,1
774,53,783,38,11,1,1,1
775,54,783,38,11,1,1,1
776,55,783,38,11,1,1,1
777,56,783,38,11,1,1,1
778,57,783,38,11,1,1,1
779,58,783,38,11,1,1,1
780,59,783,38,11,1,1,1
781,60,783,38,11,1,1,1
782,61,783,38,11,1,1,1
783,62,783,38,11,1,1,1
784,63,783,38,11,1,1,1
785,64,783,38,11,1,1,1
786,65,783,38,11,1,1,1
787,66,783,38,11,1,1,1
788,67,783,38,11,1,1,1
789,68,783,38,11,1,1,1
790,69,783,38,11,1,1,1
791,70,783,38,11,1,1,1
792,71,783,38,11,1,1,1
793,72,783,38,11,1,1,1
794,73,783,38,11,1,1,1
795,74,783,38,11,1,1,1
796,75,783,38,11,1,1,1
797,76,783,38,11,1,1,1
798,77,783,38,11,1,1,1
799,78,783,38,11,1,1,1
800,79,783,38,11,1,1,1
801,80,2402,82,17,1,0,2
802,81,2402,82,17,1,0,2
803,82,2402,82,17,1,0,2
804,83,2402,82,17,1,0,2
805,84,2402,82,17,1,0,2
806,85,2402,82,17,1,0,2
807,86,2402,82,17,1,0,2
808,87,2402,82,17,1,0,2
809,88,2402,82,17,1,0,2
810,89,2402,82,17,1,0,2
811,90,2402,82,17,1,0,2
812,91,2402,82,17,1,0,2
813,92,923,45,11,1,1,1
814,93,923,45,11,1,1,1
815,94,923,45,11,1,1,1
816,95,923,45,11,1,1,1
817,96,923,45,11,1,1,1
818,97,923,45,11,1,1,1
819,98,923,45,11,1,1,1
820,99,923,45,11,1,1,1
821,100,923,45,11,1,1,1
822,101,923,45,11,1,1,1
823,102,923,45,11,1,1,1
824,103,923,45,11,1,1,1
825,104,923,45,11,1,1,1
826,105,923,45,11,1,1,1
827,106,923,45,11,1,1,1
828,107,923,45,11,1,1,1
829,108,923,45,11,1,1,1
830,109,923,45,11,1,1,1
831,110,923,45,11,1,1,1
832,111,923,45,11,1,1,1
833,112,923,45,11,1,1,1
834,113,923,45,11,1,1,1
835,114,923,45,11,1,1,1
836,115,923,45,11,1,1,1
837,116,923,45,11,1,1,1
838,117,923,45,11,1,1,1
839,118,923,45,11,1,1,1
840,119,923,45,11,1,1,1
841,120,923,45,11,1,1,1
842,121,923,45,11,1,1,1
843,122,923,45,11,1,1,1
844,123,923,45,11,1,1,1
845,124,923,45,11,1,1,1
846,125,923,45,11,1,1,1
847,126,923,45,11,1,1,1
848,127,923,45,11,1,1,1
849,128,923,45,11,1,1,1
850,129,923,45,11,1,1,1
851,130,923,45,11,1,1,1
852,131,923,45,11,1,1,1
853,1272,921,50,5,2,0,5
854,1273,921,50,5,2,0,5
855,1274,884,52,10,2,0,3
856,1275,884,52,10,2,0,3
857,1276,912,47,10,2,0,3
858,1277,912,47,10,2,0,3
859,1268,637,35,8,1,1,2
860,1269,637,35,8,1,1,2
861,1270,637,35,8,1,1,2
862,1271,637,35,8,1,1,2
863,582,1679,77,11,2,4,4
864,583,1679,77,11,2,4,4
865,584,1679,77,11,2,4,4
866,585,1679,77,11,2,4,4
867,586,1679,77,11,2,4,4
868,587,1679,77,11,2,4,4
869,588,1679,77,11,2,4,4
870,589,1679,77,11,2,4,4
871,1367,642,27,10,4,0,1
872,1368,1066,50,9,5,0,1
873,1369,1066,50,9,5,0,1
874,1370,1066,50,9,5,0,1
875,1371,1066,50,9,5,0,1
876,1372,1066,50,9,5,0,1
877,1373,1066,50,9,5,0,1
878,1374,1066,50,9,5,0,1
879,1375,1066,50,9,5,0,1
880,1376,1066,50,9,5,0,1
881,1377,1066,50,9,5,0,1
882,1378,1066,50,9,5,0,1
883,1379,1066,50,9,5,0,1
884,1380,484,23,7,2,0,1
885,1381,815,37,9,3,1,1
886,1382,815,37,9,3,1,1
887,1383,815,37,9,3,1,1
888,1384,815,37,9,3,1,1
889,1385,1347,57,12,4,0,2
890,1386,1347,57,12,4,0,2
891,1387,1347,57,12,4,0,2
892,1388,1347,57,12,4,0,2
893,1599,1275,61,6,0,0,3
894,1600,1275,61,6,0,0,3
895,1601,1275,61,6,0,0,3
896,1602,1275,61,6,0,0,3
897,1603,1275,61,6,0,0,3
898,1604,1275,61,6,0,0,3
899,1605,1275,61,6,0,0,3
900,1606,1275,61,6,0,0,3
901,1607,1275,61,6,0,0,3
902,1608,1275,61,6,0,0,3
903,1609,1275,61,6,0,0,3
904,1610,1275,61,6,0,0,3
905,1611,1275,61,6,0,0,3
906,1612,1275,61,6,0,0,3
907,1613,1275,61,6,0,0,3
908,1614,1275,61,6,0,0,3
909,1615,1275,61,6,0,0,3
910,1616,1275,61,6,0,0,3
911,1617,1275,61,6,0,0,3
912,1618,1275,61,6,0,0,3
913,1619,1275,61,6,0,0,3
914,1620,1275,61,6,0,0,3
915,1621,1275,61,6,0,0,3
916,1622,1275,61,6,0,0,3
917,1389,515,24,6,2,0,1
918,1390,515,24,6,2,0,1
919,1391,515,24,6,2,0,1
920,1278,1420,75,12,6,0,5
921,1279,1420,75,12,6,0,5
922,1280,1420,75,12,6,0,5
923,1281,1420,75,12,6,0,5
924,1282,1420,75,12,6,0,5
925,1283,1420,75,12,6,0,5
926,1284,1420,75,12,6,0,5
927,1285,1420,75,12,6,0,5
928,1286,1420,75,12,6,0,5
929,1287,1420,75,12,6,0,5
930,1288,1420,75,12,6,0,5
931,1289,1420,75,12,6,0,5
932,1290,1420,75,12,6,0,5
933,1291,1420,75,12,6,0,5
934,1292,1420,75,12,6,0,5
935,1293,1420,75,12,6,0,5
936,1839,771,42,8,4,1,1
937,142,1154,54,6,3,0,2
938,143,1154,54,6,3,0,2
939,144,1154,54,6,3,0,2
940,656,409,23,4,2,1,1
941,657,409,23,4,2,1,1
942,658,409,23,4,2,1,1
943,659,409,23,4,2,1,1
944,1840,681,28,5,1,0,1
945,1841,681,28,5,1,0,1
946,1842,681,28,5,1,0,1
947,1843,681,28,5,1,0,1
948,660,2047,84,15,0,3,3
949,661,2047,84,15,0,3,3
950,662,2047,84,15,0,3,3
951,663,2047,84,15,0,3,3
952,664,2047,84,15,0,3,3
953,665,2047,84,15,0,3,3
954,666,2047,84,15,0,3,3
955,667,2047,84,15,0,3,3
956,668,2047,84,15,0,3,3
957,669,2047,84,15,0,3,3
958,670,2047,84,15,0,3,3
959,671,2047,84,15,0,3,3
960,672,2047,84,15,0,3,3
961,673,2047,84,15,0,3,3
962,674,2047,84,15,0,3,3
963,675,2047,84,15,0,3,3
964,676,2047,84,15,0,3,3
965,677,2047,84,15,0,3,3
966,678,2047,84,15,0,3,3
967,679,2047,84,15,0,3,3
968,680,2047,84,15,0,3,3
969,681,2047,84,15,0,3,3
970,682,2047,84,15,0,3,3
971,683,2047,84,15,0,3,3
972,684,2047,84,15,0,3,3
973,685,2047,84,15,0,3,3
974,686,2047,84,15,0,3,3
975,687,2047,84,15,0,3,3
976,688,2047,84,15,0,3,3
977,689,2047,84,15,0,3,3
978,690,2047,84,15,0,3,3
979,691,2047,84,15,0,3,3
980,692,2047,84,15,0,3,3
981,693,2047,84,15,0,3,3
982,694,2047,84,15,0,3,3
983,695,2047,84,15,0,3,3
984,696,2047,84,15,0,3,3
985,697,2047,84,15,0,3,3
986,698,2047,84,15,0,3,3
987,699,2047,84,15,0,3,3
988,700,2047,84,15,0,3,3
989,701,2047,84,15,0,3,3
990,702,2047,84,15,0,3,3
991,703,2047,84,15,0,3,3
992,704,2047,84,15,0,3,3
993,705,2047,84,15,0,3,3
994,706,2047,84,15,0,3,3
995,707,2047,84,15,0,3,3
996,708,2047,84,15,0,3,3
997,709,2047,84,15,0,3,3
998,710,2047,84,15,0,3,3
999,711,2047,84,15,0,3,3
1000,712,2047,84,15,0,3,3
1001,713,2047,84,15,0,3,3
1002,714,2047,84,15,0,3,3
1003,715,2047,84,15,0,3,3
1004,716,2047,84,15,0,3,3
1005,717,2047,84,15,0,3,3
1006,718,2047,84,15,0,3,3
1007,719,2047,84,15,0,3,3
1008,720,2047,84,15,0,3,3
1009,721,2047,84,15,0,3,3
1010,722,2047,84,15,0,3,3
1011,723,2047,84,15,0,3,3
1012,724,2047,84,15,0,3,3
1013,725,2047,84,15,0,3,3
1014,726,2047,84,15,0,3,3
1015,727,2047,84,15,0,3,3
1016,728,2047,84,15,0,3,3
1017,729,2047,84,15,0,3,3
1018,730,2047,84,15,0,3,3
1019,731,2047,84,15,0,3,3
1020,732,2047,84,15,0,3,3
1021,733,2047,84,15,0,3,3
1022,734,2047,84,15,0,3,3
1023,735,2047,84,15,0,3,3
1024,736,2047,84,15,0,3,3
1025,737,2047,84,15,0,3,3
1026,738,2047,84,15,0,3,3
1027,739,2047,84,15,0,3,3
1028,740,2047,84,15,0,3,3
1029,741,2047,84,15,0,3,3
1030,742,2047,84,15,0,3,3
1031,743,2047,84,15,0,3,3
1032,744,2047,84,15,0,3,3
1033,745,2047,84,15,0,3,3
1034,746,2047,84,15,0,3,3
1035,747,2047,84,15,0,3,3
1036,748,2047,84,15,0,3,3
1037,749,2047,84,15,0,3,3
1038,750,2047,84,15,0,3,3
1039,751,2047,84,15,0,3,3
1040,752,2047,84,15,0,3,3
1041,753,2047,84,15,0,3,3
1042,754,2047,84,15,0,3,3
1043,755,2047,84,15,0,3,3
1044,756,2047,84,15,0,3,3
1045,757,2047,84,15,0,3,3
1046,758,2047,84,15,0,3,3
1047,759,2047,84,15,0,3,3
1048,760,2047,84,15,0,3,3
1049,761,2047,84,15,0,3,3
1050,762,2047,84,15,0,3,3
1051,763,2047,84,15,0,3,3
1052,764,2047,84,15,0,3,3
1053,765,2047,84,15,0,3,3
1054,766,2047,84,15,0,3,3
1055,767,2047,84,15,0,3,3
1056,768,2047,84,15,0,3,3
1057,769,2047,84,15,0,3,3
1058,770,2047,84,15,0,3,3
1059,771,2047,84,15,0,3,3
1060,772,2047,84,15,0,3,3
1061,773,2047,84,15,0,3,3
1062,774,2047,84,15,0,3,3
1063,775,2047,84,15,0,3,3
1064,776,2047,84,15,0,3,3
1065,777,2047,84,15,0,3,3
1066,778,2047,84,15,0,3,3
1067,779,2047,84,15,0,3,3
1068,780,2047,84,15,0,3,3
1069,781,2047,84,15,0,3,3
1070,782,2047,84,15,0,3,3
1071,783,2047,84,15,0,3,3
1072,784,2047,84,15,0,3,3
1073,785,2047,84,15,0,3,3
1074,786,2047,84,15,0,3,3
1075,787,2047,84,15,0,3,3
1076,788,2047,84,15,0,3,3
1077,789,2047,84,15,0,3,3
1078,790,2047,84,15,0,3,3
1079,791,2047,84,15,0,3,3
1080,792,2047,84,15,0,3,3
1081,793,2047,84,15,0,3,3
1082,794,2047,84,15,0,3,3
1083,795,2047,84,15,0,3,3
1084,796,2047,84,15,0,3,3
1085,797,2047,84,15,0,3,3
1086,798,2047,84,15,0,3,3
1087,799,2047,84,15,0,3,3
1088,800,2047,84,15,0,3,3
1089,801,2047,84,15,0,3,3
1090,802,2047,84,15,0,3,3
1091,803,2047,84,15,0,3,3
1092,804,1745,75,14,0,1,3
1093,805,1745,75,14,0,1,3
1094,806,1745,75,14,0,1,3
1095,807,1745,75,14,0,1,3
1096,808,1745,75,14,0,1,3
1097,809,1745,75,14,0,1,3
1098,810,1745,75,14,0,1,3
1099,811,1745,75,14,0,1,3
1100,812,1745,75,14,0,1,3
1101,813,1745,75,14,0,1,3
1102,814,1745,75,14,0,1,3
1103,815,1745,75,14,0,1,3
1104,816,1745,75,14,0,1,3
1105,817,1745,75,14,0,1,3
1106,818,1745,75,14,0,1,3
1107,819,1745,75,14,0,1,3
1108,820,1745,75,14,0,1,3
1109,821,1745,75,14,0,1,3
1110,822,1745,75,14,0,1,3
1111,823,1745,75,14,0,1,3
1112,824,1745,75,14,0,1,3
1113,825,1745,75,14,0,1,3
1114,826,1745,75,14,0,1,3
1115,827,1745,75,14,0,1,3
1116,828,1745,75,14,0,1,3
1117,829,1745,75,14,0,1,3
1118,830,1745,75,14,0,1,3
1119,831,1745,75,14,0,1,3
1120,832,1745,75,14,0,1,3
1121,833,1745,75,14,0,1,3
1122,834,1745,75,14,0,1,3
1123,835,1745,75,14,0,1,3
1124,836,1745,75,14,0,1,3
1125,837,1745,75,14,0,1,3
1126,838,1745,75,14,0,1,3
1127,839,1745,75,14,0,1,3
1128,840,1745,75,14,0,1,3
1129,841,1745,75,14,0,1,3
1130,842,1745,75,14,0,1,3
1131,843,1745,75,14,0,1,3
1132,844,1745,75,14,0,1,3
1133,845,1745,75,14,0,1,3
1134,846,1745,75,14,0,1,3
1135,847,1745,75,14,0,1,3
1136,848,1745,75,14,0,1,3
1137,849,1745,75,14,0,1,3
1138,850,1745,75,14,0,1,3
1139,851,1745,75,14,0,1,3
1140,852,1745,75,14,0,1,3
1141,853,1745,75,14,0,1,3
1142,854,1745,75,14,0,1,3
1143,855,1745,75,14,0,1,3
1144,856,1745,75,14,0,1,3
1145,857,1745,75,14,0,1,3
1146,858,1745,75,14,0,1,3
1147,859,1745,75,14,0,1,3
1148,860,1745,75,14,0,1,3
1149,861,1745,75,14,0,1,3
1150,862,1745,75,14,0,1,3
1151,863,1745,75,14,0,1,3
1152,864,1745,75,14,0,1,3
1153,865,1745,75,14,0,1,3
1154,866,1745,75,14,0,1,3
1155,867,1745,75,14,0,1,3
1156,868,1745,75,14,0,1,3
1157,869,1745,75,14,0,1,3
1158,870,1745,75,14,0,1,3
1159,871,1745,75,14,0,1,3
1160,872,1745,75,14,0,1,3
1161,873,1745,75,14,0,1,3
1162,874,1745,75,14,0,1,3
1163,875,1745,75,14,0,1,3
1164,1623,1280,58,8,1,1,2
1165,1624,1280,58,8,1,1,2
1166,1625,1280,58,8,1,1,2
1167,1626,1280,58,8,1,1,2
1168,1735,1280,58,8,1,1,2
1169,1736,1280,58,8,1,1,2
1170,1737,1280,58,8,1,1,2
1171,1738,1280,58,8,1,1,2
1172,1844,857,47,7,1,3,1
1173,1845,857,47,7,1,3,1
1174,1846,857,47,7,1,3,1
1175,1847,857,47,7,1,3,1
1176,876,985,46,7,2,2,4
1177,877,985,46,7,2,2,4
1178,878,985,46,7,2,2,4
1179,879,985,46,7,2,2,4
1180,880,985,46,7,2,2,4
1181,881,985,46,7,2,2,4
1182,882,985,46,7,2,2,4
1183,883,985,46,7,2,2,4
1184,884,985,46,7,2,2,4
1185,885,985,46,7,2,2,4
1186,886,985,46,7,2,2,4
1187,887,985,46,7,2,2,4
1188,888,985,46,7,2,2,4
1189,889,985,46,7,2,2,4
1190,890,985,46,7,2,2,4
1191,891,985,46,7,2,2,4
1192,892,985,46,7,2,2,4
1193,893,985,46,7,2,2,4
1194,894,985,46,7,2,2,4
1195,895,985,46,7,2,2,4
1196,896,985,46,7,2,2,4
1197,897,985,46,7,2,2,4
1198,898,985,46,7,2,2,4
1199,899,985,46,7,2,2,4
1200,900,985,46,7,2,2,4
1201,901,985,46,7,2,2,4
1202,902,985,46,7,2,2,4
1203,903,985,46,7,2,2,4
1204,904,985,46,7,2,2,4
1205,905,985,46,7,2,2,4
1206,906,985,46,7,2,2,4
1207,907,985,46,7,2,2,4
1208,908,985,46,7,2,2,4
1209,909,985,46,7,2,2,4
1210,910,985,46,7,2,2,4
1211,911,985,46,7,2,2,4
1212,912,985,46,7,2,2,4
1213,913,985,46,7,2,2,4
1214,914,985,46,7,2,2,4
1215,915,985,46,7,2,2,4
1216,916,985,46,7,2,2,4
1217,917,985,46,7,2,2,4
1218,918,985,46,7,2,2,4
1219,919,985,46,7,2,2,4
1220,920,985,46,7,2,2,4
1221,921,985,46,7,2,2,4
1222,922,985,46,7,2,2,4
1223,923,985,46,7,2,2,4
1224,924,985,46,7,2,2,4
1225,925,985,46,7,2,2,4
1226,926,985,46,7,2,2,4
1227,927,985,46,7,2,2,4
1228,928,985,46,7,2,2,4
1229,929,985,46,7,2,2,4
1230,930,985,46,7,2,2,4
1231,931,985,46,7,2,2,4
1232,932,985,46,7,2,2,4
1233,933,985,46,7,2,2,4
1234,934,985,46,7,2,2,4
1235,935,985,46,7,2,2,4
1236,936,985,46,7,2,2,4
1237,937,985,46,7,2,2,4
1238,938,985,46,7,2,2,4
1239,939,985,46,7,2,2,4
1240,940,985,46,7,2,2,4
1241,941,985,46,7,2,2,4
1242,942,985,46,7,2,2,4
1243,943,985,46,7,2,2,4
1244,944,985,46,7,2,2,4
1245,945,985,46,7,2,2,4
1246,946,985,46,7,2,2,4
1247,947,985,46,7,2,2,4
1248,948,985,46,7,2,2,4
1249,949,985,46,7,2,2,4
1250,950,985,46,7,2,2,4
1251,951,985,46,7,2,2,4
1252,952,985,46,7,2,2,4
1253,953,985,46,7,2,2,4
1254,954,985,46,7,2,2,4
1255,955,985,46,7,2,2,4
1256,956,985,46,7,2,2,4
1257,957,985,46,7,2,2,4
1258,958,985,46,7,2,2,4
1259,959,985,46,7,2,2,4
1260,960,985,46,7,2,2,4
1261,961,985,46,7,2,2,4
1262,962,985,46,7,2,2,4
1263,963,985,46,7,2,2,4
1264,964,985,46,7,2,2,4
1265,965,985,46,7,2,2,4
1266,966,985,46,7,2,2,4
1267,967,985,46,7,2,2,4
1268,968,985,46,7,2,2,4
1269,969,985,46,7,2,2,4
1270,970,985,46,7,2,2,4
1271,971,985,46,7,2,2,4
1272,972,985,46,7,2,2,4
1273,973,985,46,7,2,2,4
1274,974,985,46,7,2,2,4
1275,975,985,46,7,2,2,4
1276,976,985,46,7,2,2,4
1277,977,985,46,7,2,2,4
1278,978,985,46,7,2,2,4
1279,979,985,46,7,2,2,4
1280,980,985,46,7,2,2,4
1281,981,985,46,7,2,2,4
1282,982,985,46,7,2,2,4
1283,983,985,46,7,2,2,4
1284,984,985,46,7,2,2,4
1285,985,985,46,7,2,2,4
1286,986,985,46,7,2,2,4
1287,987,985,46,7,2,2,4
1288,988,985,46,7,2,2,4
1289,989,985,46,7,2,2,4
1290,990,985,46,7,2,2,4
1291,991,985,46,7,2,2,4
1292,992,985,46,7,2,2,4
1293,993,985,46,7,2,2,4
1294,994,985,46,7,2,2,4
1295,995,985,46,7,2,2,4
1296,996,985,46,7,2,2,4
1297,997,985,46,7,2,2,4
1298,998,985,46,7,2,2,4
1299,999,985,46,7,2,2,4
1300,1000,985,46,7,2,2,4
1301,1001,985,46,7,2,2,4
1302,1002,985,46,7,2,2,4
1303,1003,985,46,7,2,2,4
1304,1004,985,46,7,2,2,4
1305,1005,985,46,7,2,2,4
1306,1006,985,46,7,2,2,4
1307,1007,985,46,7,2,2,4
1308,1008,985,46,7,2,2,4
1309,1009,985,46,7,2,2,4
1310,1010,985,46,7,2,2,4
1311,1011,985,46,7,2,2,4
1312,1012,985,46,7,2,2,4
1313,1013,985,46,7,2,2,4
1314,1014,985,46,7,2,2,4
1315,1015,985,46,7,2,2,4
1316,1016,985,46,7,2,2,4
1317,1017,985,46,7,2,2,4
1318,1018,985,46,7,2,2,4
1319,1019,985,46,7,2,2,4
1320,145,968,44,6,0,3,1
1321,146,968,44,6,0,3,1
1322,147,968,44,6,0,3,1
1323,148,968,44,6,0,3,1
1324,149,968,44,6,0,3,1
1325,150,968,44,6,0,3,1
1326,151,968,44,6,0,3,1
1327,152,968,44,6,0,3,1
1328,153,968,44,6,0,3,1
1329,154,968,44,6,0,3,1
1330,155,968,44,6,0,3,1
1331,156,968,44,6,0,3,1
1332,1250,2161,98,16,0,2,7
1333,1251,2161,98,16,0,2,7
1334,1252,2161,98,16,0,2,7
1335,1253,2161,98,16,0,2,7
1336,1254,2161,98,16,0,2,7
1337,1255,2161,98,16,0,2,7
1338,1655,1206,44,6,1,0,1
1339,1656,1206,44,6,1,0,1
1340,1020,1381,73,11,4,2,3
1341,1021,1381,73,11,4,2,3
1342,1022,1381,73,11,4,2,3
1343,1023,1381,73,11,4,2,3
1344,1260,622,33,6,2,1,1
1345,1261,622,33,6,2,1,1
1346,1264,624,37,5,0,3,1
1347,1265,624,37,5,0,3,1
1348,1294,2871,130,16,6,0,9
1349,1295,2871,130,16,6,0,9
1350,1296,2871,130,16,6,0,9
1351,1297,2871,130,16,6,0,9
1352,1298,2871,130,16,6,0,9
1353,1299,2871,130,16,6,0,9
1354,1910,806,36,9,1,0,1
1355,1911,1169,52,9,3,1,2
1356,1912,1169,52,9,3,1,2
1357,1913,1169,52,9,3,1,2
1358,1914,1169,52,9,3,1,2
1359,1915,1622,61,12,4,2,2
1360,1916,1622,61,12,4,2,2
1361,1917,1622,61,12,4,2,2
1362,1918,1622,61,12,4,2,2
1363,1919,1622,61,12,4,2,2
1364,1920,1622,61,12,4,2,2
1365,1921,1622,61,12,4,2,2
1366,1922,1622,61,12,4,2,2
1367,1923,1622,61,12,4,2,2
1368,1924,1622,61,12,4,2,2
1369,1925,1622,61,12,4,2,2
1370,1926,1622,61,12,4,2,2
1371,1927,1622,61,12,4,2,2
1372,1928,1622,61,12,4,2,2
1373,1929,1622,61,12,4,2,2
1374,1930,1622,61,12,4,2,2
1375,1931,1622,61,12,4,2,2
1376,1932,1622,61,12,4,2,2
1377,1933,1622,61,12,4,2,2
1378,1934,1622,61,12,4,2,2
1379,1935,1622,61,12,4,2,2
1380,1936,1622,61,12,4,2,2
1381,1937,1622,61,12,4,2,2
1382,1938,1622,61,12,4,2,2
1383,1210,1476,59,12,2,1,2
1384,1211,1476,59,12,2,1,2
1385,1212,1476,59,12,2,1,2
1386,1213,1476,59,12,2,1,2
1387,1214,1476,59,12,2,1,2
1388,1215,1476,59,12,2,1,2
1389,1216,1476,59,12,2,1,2
1390,1217,1476,59,12,2,1,2
1391,1218,1476,59,12,2,1,2
1392,1219,1476,59,12,2,1,2
1393,1220,1476,59,12,2,1,2
1394,1221,1476,59,12,2,1,2
1395,1222,1476,59,12,2,1,2
1396,1223,1476,59,12,2,1,2
1397,1224,1476,59,12,2,1,2
1398,1225,1476,59,12,2,1,2
1399,1226,1476,59,12,2,1,2
1400,1227,1476,59,12,2,1,2
1401,1228,1476,59,12,2,1,2
1402,1229,1476,59,12,2,1,2
1403,1230,1476,59,12,2,1,2
1404,1231,1476,59,12,2,1,2
1405,1232,1476,59,12,2,1,2
1406,1233,1476,59,12,2,1,2
1407,1848,1453,84,14,4,0,5
1408,1849,1453,84,14,4,0,5
1409,1850,1453,84,14,4,0,5
1410,1851,1453,84,14,4,0,5
1411,1234,1398,55,11,1,1,2
1412,1235,1398,55,11,1,1,2
1413,1236,1398,55,11,1,1,2
1414,1237,1398,55,11,1,1,2
1415,1238,1398,55,11,1,1,2
1416,1239,1398,55,11,1,1,2
1417,1240,1398,55,11,1,1,2
1418,1241,1398,55,11,1,1,2
1419,132,328,19,4,1,1,1
1420,1852,1239,61,9,0,2,3
1421,1853,1239,61,9,0,2,3
1422,1854,1239,61,9,0,2,3
1423,1855,1239,61,9,0,2,3
1424,157,1017,58,7,1,1,2
1425,158,1017,58,7,1,1,2
1426,159,1017,58,7,1,1,2
1427,160,1017,58,7,1,1,2
1428,1256,535,31,7,2,1,2
1429,1257,535,31,7,2,1,2
1430,1258,535,31,7,2,1,2
1431,1856,1725,79,7,3,1,5
1432,1857,1725,79,7,3,1,5
1433,1858,1725,79,7,3,1,5
1434,1859,1725,79,7,3,1,5
1435,1860,1725,79,7,3,1,5
1436,1861,1725,79,7,3,1,5
1437,1862,1725,79,7,3,1,5
1438,1863,1725,79,7,3,1,5
1439,1864,1725,79,7,3,1,5
1440,1865,1725,79,7,3,1,5
1441,1866,1725,79,7,3,1,5
1442,1867,1725,79,7,3,1,5
1443,1868,1725,79,7,3,1,5
1444,1869,1725,79,7,3,1,5
1445,1870,1725,79,7,3,1,5
1446,1871,1725,79,7,3,1,5
1447,1872,1725,79,7,3,1,5
1448,1873,1725,79,7,3,1,5
1449,1874,1725,79,7,3,1,5
1450,1875,1725,79,7,3,1,5
1451,1876,1725,79,7,3,1,5
1452,1877,1725,79,7,3,1,5
1453,1878,1725,79,7,3,1,5
1454,1879,1725,79,7,3,1,5
1455,1880,1725,79,7,3,1,5
1456,1881,1725,79,7,3,1,5
1457,1882,1725,79,7,3,1,5
1458,1883,1725,79,7,3,1,5
1459,1884,1725,79,7,3,1,5
1460,1885,1725,79,7,3,1,5
1461,1886,1725,79,7,3,1,5
1462,1887,1725,79,7,3,1,5
1463,1888,1725,79,7,3,1,5
1464,1889,1725,79,7,3,1,5
1465,1890,1725,79,7,3,1,5
1466,1891,1725,79,7,3,1,5
1467,1892,1725,79,7,3,1,5
1468,1893,1725,79,7,3,1,5
1469,1894,1725,79,7,3,1,5
1470,1895,1725,79,7,3,1,5
1471,1896,1725,79,7,3,1,5
1472,1897,1725,79,7,3,1,5
1473,1898,1725,79,7,3,1,5
1474,1899,1725,79,7,3,1,5
1475,1024,316,18,4,1,0,1
1476,1025,316,18,4,1,0,1
1477,1026,316,18,4,1,0,1
1478,1027,316,18,4,1,0,1
1479,1028,849,40,6,2,4,1
1480,1029,849,40,6,2,4,1
1481,1030,849,40,6,2,4,1
1482,1031,849,40,6,2,4,1
1483,1032,849,40,6,2,4,1
1484,1033,849,40,6,2,4,1
1485,1034,849,40,6,2,4,1
1486,1035,849,40,6,2,4,1
1487,1036,849,40,6,2,4,1
1488,1037,849,40,6,2,4,1
1489,1038,849,40,6,2,4,1
1490,1039,849,40,6,2,4,1
1491,1040,849,40,6,2,4,1
1492,1041,849,40,6,2,4,1
1493,1042,849,40,6,2,4,1
1494,1043,849,40,6,2,4,1
1495,1044,849,40,6,2,4,1
1496,1045,849,40,6,2,4,1
1497,1046,849,40,6,2,4,1
1498,1047,849,40,6,2,4,1
1499,1048,849,40,6,2,4,1
1500,1049,849,40,6,2,4,1
1501,1050,849,40,6,2,4,1
1502,1051,849,40,6,2,4,1
1503,1052,849,40,6,2,4,1
1504,1053,849,40,6,2,4,1
1505,1054,849,40,6,2,4,1
1506,1055,849,40,6,2,4,1
1507,1056,849,40,6,2,4,1
1508,1057,849,40,6,2,4,1
1509,1058,849,40,6,2,4,1
1510,1059,849,40,6,2,4,1
1511,1060,849,40,6,2,4,1
1512,1061,849,40,6,2,4,1
1513,1062,849,40,6,2,4,1
1514,1063,849,40,6,2,4,1
1515,1064,849,40,6,2,4,1
1516,1065,849,40,6,2,4,1
1517,1066,849,40,6,2,4,1
1518,1067,849,40,6,2,4,1
1519,1068,849,40,6,2,4,1
1520,1069,849,40,6,2,4,1
1521,1070,849,40,6,2,4,1
1522,1071,849,40,6,2,4,1
1523,1072,849,40,6,2,4,1
1524,1073,849,40,6,2,4,1
1525,1074,849,40,6,2,4,1
1526,1075,849,40,6,2,4,1
1527,1076,849,40,6,2,4,1
1528,1077,849,40,6,2,4,1
1529,1078,849,40,6,2,4,1
1530,1079,849,40,6,2,4,1
1531,1080,849,40,6,2,4,1
1532,1081,849,40,6,2,4,1
1533,1082,388,19,4,1,0,1
1534,1083,388,19,4,1,0,1
1535,1434,2022,90,15,1,3,3
1536,1435,2022,90,15,1,3,3
1537,1436,2022,90,15,1,3,3
1538,1437,2022,90,15,1,3,3
1539,1438,2022,90,15,1,3,3
1540,1439,2022,90,15,1,3,3
1541,1440,2022,90,15,1,3,3
1542,1441,2022,90,15,1,3,3
1543,1442,2022,90,15,1,3,3
1544,1443,2022,90,15,1,3,3
1545,1444,2022,90,15,1,3,3
1546,1445,2022,90,15,1,3,3
1547,1446,265,17,4,1,0,1
1548,1447,1866,86,13,0,6,5
1549,1448,1866,86,13,0,6,5
1550,1449,1866,86,13,0,6,5
1551,1450,1866,86,13,0,6,5
1552,1451,1562,65,10,0,4,3
1553,1452,1562,65,10,0,4,3
1554,1453,1562,65,10,0,4,3
1555,1454,1562,65,10,0,4,3
1556,1455,1464,63,10,0,4,3
1557,1456,1464,63,10,0,4,3
1558,1457,1464,63,10,0,4,3
1559,1458,1464,63,10,0,4,3
1560,1739,998,44,7,0,1,1
1561,1740,998,44,7,0,1,1
1562,1741,998,44,7,0,1,1
1563,1742,998,44,7,0,1,1
1564,1743,998,44,7,0,1,1
1565,1744,998,44,7,0,1,1
1566,1745,998,44,7,0,1,1
1567,1746,998,44,7,0,1,1
1568,1747,998,44,7,0,1,1
1569,1748,998,44,7,0,1,1
1570,1749,998,44,7,0,1,1
1571,1750,998,44,7,0,1,1
1572,1751,998,44,7,0,1,1
1573,1752,998,44,7,0,1,1
1574,1753,998,44,7,0,1,1
1575,1754,998,44,7,0,1,1
1576,1755,998,44,7,0,1,1
1577,1756,998,44,7,0,1,1
1578,1300,1505,71,10,4,0,7
1579,1301,1505,71,10,4,0,7
1580,1302,1505,71,10,4,0,7
1581,1084,1230,46,17,1,0,2
1582,1085,1230,46,17,1,0,2
1583,1086,1230,46,17,1,0,2
1584,1087,1230,46,17,1,0,2
1585,1088,1230,46,17,1,0,2
1586,1089,1230,46,17,1,0,2
1587,1090,1230,46,17,1,0,2
1588,1091,1230,46,17,1,0,2
1589,1092,1230,46,17,1,0,2
1590,1093,1370,53,16,0,0,2
1591,1094,1370,53,16,0,0,2
1592,1095,1370,53,16,0,0,2
1593,1096,1370,53,16,0,0,2
1594,1097,1370,53,16,0,0,2
1595,1098,1370,53,16,0,0,2
1596,1099,1370,53,16,0,0,2
1597,1100,1370,53,16,0,0,2
1598,1101,1370,53,16,0,0,2
1599,1102,1370,53,16,0,0,2
1600,1103,1370,53,16,0,0,2
1601,1104,1370,53,16,0,0,2
1602,1105,1370,53,16,0,0,2
1603,1106,1370,53,16,0,0,2
1604,1107,1370,53,16,0,0,2
1605,1108,1370,53,16,0,0,2
1606,1109,1370,53,16,0,0,2
1607,1110,1370,53,16,0,0,2
1608,1111,1370,53,16,0,0,2
1609,1112,1370,53,16,0,0,2
1610,1113,1370,53,16,0,0,2
1611,1114,1370,53,16,0,0,2
1612,1115,1370,53,16,0,0,2
1613,1116,1370,53,16,0,0,2
1614,1117,1370,53,16,0,0,2
1615,1118,1370,53,16,0,0,2
1616,1119,1370,53,16,0,0,2
1617,1120,1370,53,16,0,0,2
1618,1121,1370,53,16,0,0,2
1619,1122,1370,53,16,0,0,2
1620,1123,1370,53,16,0,0,2
1621,1124,1370,53,16,0,0,2
1622,1125,1370,53,16,0,0,2
1623,1126,1370,53,16,0,0,2
1624,1127,1370,53,16,0,0,2
1625,1128,1370,53,16,0,0,2
1626,1129,1370,53,16,0,0,2
1627,1130,1370,53,16,0,0,2
1628,1131,1370,53,16,0,0,2
1629,1132,1370,53,16,0,0,2
1630,1133,1370,53,16,0,0,2
1631,1134,1370,53,16,0,0,2
1632,1135,1370,53,16,0,0,2
1633,1136,1370,53,16,0,0,2
1634,1137,1370,53,16,0,0,2
1635,1138,1370,53,16,0,0,2
1636,1139,1370,53,16,0,0,2
1637,1140,1370,53,16,0,0,2
1638,1141,1370,53,16,0,0,2
1639,1142,1370,53,16,0,0,2
1640,1657,788,36,10,0,0,1
1641,1658,788,36,10,0,0,1
1642,1659,788,36,10,0,0,1
1643,1660,491,29,5,1,0,1
1644,1661,491,29,5,1,0,1
1645,1662,491,29,5,1,0,1
1646,1663,491,29,5,1,0,1
1647,1664,491,29,5,1,0,1
1648,1665,491,29,5,1,0,1
1649,1666,491,29,5,1,0,1
1650,1667,648,31,4,0,0,1
1651,1668,648,31,4,0,0,1
1652,1669,648,31,4,0,0,1
1653,1670,648,31,4,0,0,1
1654,1671,648,31,4,0,0,1
1655,1672,648,31,4,0,0,1
1656,1673,648,31,4,0,0,1
1657,1674,648,31,4,0,0,1
1658,1675,648,31,4,0,0,1
1659,1676,648,31,4,0,0,1
1660,1677,648,31,4,0,0,1
1661,1678,648,31,4,0,0,1
1662,1679,648,31,4,0,0,1
1663,1680,648,31,4,0,0,1
1664,1681,648,31,4,0,0,1
1665,1682,648,31,4,0,0,1
1666,1683,648,31,4,0,0,1
1667,1684,648,31,4,0,0,1
1668,1685,648,31,4,0,0,1
1669,1686,648,31,4,0,0,1
1670,1687,648,31,4,0,0,1
1671,1688,648,31,4,0,0,1
1672,1689,648,31,4,0,0,1
1673,1690,648,31,4,0,0,1
1674,1691,648,31,4,0,0,1
1675,1692,648,31,4,0,0,1
1676,1693,648,31,4,0,0,1
1677,1694,648,31,4,0,0,1
1678,1695,648,31,4,0,0,1
1679,1696,648,31,4,0,0,1
1680,1697,648,31,4,0,0,1
1681,1698,648,31,4,0,0,1
1682,1699,648,31,4,0,0,1
1683,1700,648,31,4,0,0,1
1684,1701,648,31,4,0,0,1
1685,1702,648,31,4,0,0,1
1686,1703,648,31,4,0,0,1
1687,1704,648,31,4,0,0,1
1688,1705,648,31,4,0,0,1
1689,1706,648,31,4,0,0,1
1690,1707,648,31,4,0,0,1
1691,1708,648,31,4,0,0,1
1692,1709,648,31,4,0,0,1
1693,1710,648,31,4,0,0,1
1694,1711,648,31,4,0,0,1
1695,1712,648,31,4,0,0,1
1696,1713,648,31,4,0,0,1
1697,1714,648,31,4,0,0,1
1698,1757,648,31,4,0,0,1
1699,1758,648,31,4,0,0,1
1700,1759,648,31,4,0,0,1
1701,1760,648,31,4,0,0,1
1702,1761,648,31,4,0,0,1
1703,1762,648,31,4,0,0,1
1704,1763,648,31,4,0,0,1
1705,1764,648,31,4,0,0,1
1706,1765,648,31,4,0,0,1
1707,1766,648,31,4,0,0,1
1708,1767,648,31,4,0,0,1
1709,1768,648,31,4,0,0,1
1710,1769,648,31,4,0,0,1
1711,1770,648,31,4,0,0,1
1712,1771,648,31,4,0,0,1
1713,1772,648,31,4,0,0,1
1714,1773,648,31,4,0,0,1
1715,1774,648,31,4,0,0,1
1716,1787,648,31,4,0,0,1
1717,1788,648,31,4,0,0,1
1718,1789,648,31,4,0,0,1
1719,1790,648,31,4,0,0,1
1720,1791,648,31,4,0,0,1
1721,1792,648,31,4,0,0,1
1722,1793,648,31,4,0,0,1
1723,1794,648,31,4,0,0,1
1724,1795,648,31,4,0,0,1
1725,1796,648,31,4,0,0,1
1726,1797,648,31,4,0,0,1
1727,1798,648,31,4,0,0,1
1728,1799,648,31,4,0,0,1
1729,1800,648,31,4,0,0,1
1730,1801,648,31,4,0,0,1
1731,1802,648,31,4,0,0,1
1732,1803,648,31,4,0,0,1
1733,1804,648,31,4,0,0,1
1734,1805,648,31,4,0,0,1
1735,1806,648,31,4,0,0,1
1736,1807,648,31,4,0,0,1
1737,1808,648,31,4,0,0,1
1738,1809,648,31,4,0,0,1
1739,1810,648,31,4,0,0,1
1740,1811,648,31,4,0,0,1
1741,1812,648,31,4,0,0,1
1742,1813,648,31,4,0,0,1
1743,1814,648,31,4,0,0,1
1744,1815,648,31,4,0,0,1
1745,1816,648,31,4,0,0,1
1746,1817,648,31,4,0,0,1
1747,1818,648,31,4,0,0,1
1748,1819,648,31,4,0,0,1
1749,1820,648,31,4,0,0,1
1750,1821,648,31,4,0,0,1
1751,1822,648,31,4,0,0,1
1752,1823,648,31,4,0,0,1
1753,1824,648,31,4,0,0,1
1754,1825,648,31,4,0,0,1
1755,1826,648,31,4,0,0,1
1756,1827,648,31,4,0,0,1
1757,1828,648,31,4,0,0,1
1758,1829,648,31,4,0,0,1
1759,1830,648,31,4,0,0,1
1760,1831,648,31,4,0,0,1
1761,1832,648,31,4,0,0,1
1762,1833,648,31,4,0,0,1
1763,1834,648,31,4,0,0,1
1764,1242,1379,55,11,1,1,2
1765,1243,1379,55,11,1,1,2
1766,1244,1379,55,11,1,1,2
1767,1245,1379,55,11,1,1,2
1768,1246,1379,55,11,1,1,2
1769,1247,1379,55,11,1,1,2
1770,1248,1379,55,11,1,1,2
1771,1249,1379,55,11,1,1,2
1772,581,435,26,4,0,2,2
1773,1303,897,44,9,4,0,1
1774,1304,897,44,9,4,0,1
1775,1305,897,44,9,4,0,1
1776,1306,897,44,9,4,0,1
1777,1307,897,44,9,4,0,1
1778,1308,897,44,9,4,0,1
1779,1309,897,44,9,4,0,1
1780,1310,897,44,9,4,0,1
1781,1311,897,44,9,4,0,1
1782,1312,1265,59,10,4,2,2
1783,1313,1265,59,10,4,2,2
1784,1314,1265,59,10,4,2,2
1785,1315,1265,59,10,4,2,2
1786,1316,1265,59,10,4,2,2
1787,1317,1265,59,10,4,2,2
1788,1318,1265,59,10,4,2,2
1789,1319,1265,59,10,4,2,2
1790,1320,1265,59,10,4,2,2
1791,1321,1265,59,10,4,2,2
1792,1322,1265,59,10,4,2,2
1793,1323,1265,59,10,4,2,2
1794,1324,1265,59,10,4,2,2
1795,1325,1265,59,10,4,2,2
1796,1326,1265,59,10,4,2,2
1797,1327,1265,59,10,4,2,2
1798,1328,1265,59,10,4,2,2
1799,1329,1265,59,10,4,2,2
1800,1330,1265,59,10,4,2,2
1801,1331,1265,59,10,4,2,2
1802,1332,1265,59,10,4,2,2
1803,1333,1265,59,10,4,2,2
1804,1334,1265,59,10,4,2,2
1805,1335,1265,59,10,4,2,2
1806,1336,1265,59,10,4,2,2
1807,1337,1265,59,10,4,2,2
1808,1338,1265,59,10,4,2,2
1809,1339,1265,59,10,4,2,2
1810,1340,1265,59,10,4,2,2
1811,1341,1265,59,10,4,2,2
1812,1342,1265,59,10,4,2,2
1813,1343,1265,59,10,4,2,2
1814,1344,1265,59,10,4,2,2
1815,1345,1265,59,10,4,2,2
1816,1346,1265,59,10,4,2,2
1817,1347,1265,59,10,4,2,2
1818,1900,1801,82,11,0,3,4
1819,1901,1801,82,11,0,3,4
1820,1902,1801,82,11,0,3,4
1821,1903,1801,82,11,0,3,4
1822,1904,1801,82,11,0,3,4
1823,1905,1801,82,11,0,3,4
1824,1348,1471,69,12,6,0,1
1825,1349,1471,69,12,6,0,1
1826,1350,1471,69,12,6,0,1
1827,1351,1471,69,12,6,0,1
1828,1352,1471,69,12,6,0,1
1829,1353,1471,69,12,6,0,1
1830,1354,835,40,8,2,0,1
1831,1355,835,40,8,2,0,1
1832,1356,835,40,8,2,0,1
1833,1357,835,40,8,2,0,1
1834,1358,835,40,8,2,0,1
1835,1359,835,40,8,2,0,1
1836,1360,835,40,8,2,0,1
1837,1361,835,40,8,2,0,1
1838,1362,835,40,8,2,0,1
1839,1363,835,40,8,2,0,1
1840,1364,835,40,8,2,0,1
1841,1365,835,40,8,2,0,1
1842,1259,347,21,5,1,0,2
1843,133,1042,44,10,3,0,1
1844,134,1042,44,10,3,0,1
1845,135,1042,44,10,3,0,1
1846,1906,1109,55,6,2,0,3
1847,1907,1109,55,6,2,0,3
1848,1715,1167,53,7,0,1,2
1849,1716,1167,53,7,0,1,2
1850,1908,706,32,7,2,2,1
1851,1909,706,32,7,2,2,1
1852,1143,1426,60,8,2,0,3
1853,1144,1426,60,8,2,0,3
1854,1145,1426,60,8,2,0,3
1855,1146,1426,60,8,2,0,3
1856,1147,1426,60,8,2,0,3
1857,1148,1426,60,8,2,0,3
1858,1149,1426,60,8,2,0,3
1859,1150,1426,60,8,2,0,3
1860,1151,1426,60,8,2,0,3
1861,1152,1426,60,8,2,0,3
1862,1153,1426,60,8,2,0,3
1863,1154,1426,60,8,2,0,3
1864,1155,1426,60,8,2,0,3
1865,1156,1426,60,8,2,0,3
1866,1157,1426,60,8,2,0,3
1867,1158,1426,60,8,2,0,3
1868,1159,1426,60,8,2,0,3
1869,1160,1426,60,8,2,0,3
1870,1161,1426,60,8,2,0,3
1871,1162,1426,60,8,2,0,3
1872,1163,1426,60,8,2,0,3
1873,1164,1426,60,8,2,0,3
1874,1165,1426,60,8,2,0,3
1875,1166,1426,60,8,2,0,3
1876,1167,1426,60,8,2,0,3
1877,1168,1426,60,8,2,0,3
1878,1169,1426,60,8,2,0,3
1879,1170,1426,60,8,2,0,3
1880,1171,1426,60,8,2,0,3
1881,1172,1426,60,8,2,0,3
1882,1173,1426,60,8,2,0,3
1883,1174,1426,60,8,2,0,3
1884,1459,1595,74,12,0,2,3
1885,1460,1595,74,12,0,2,3
1886,1461,1595,74,12,0,2,3
1887,1462,1595,74,12,0,2,3
1888,1463,1595,74,12,0,2,3
1889,1464,1595,74,12,0,2,3
1890,1465,1595,74,12,0,2,3
1891,1466,1595,74,12,0,2,3
1892,1467,1595,74,12,0,2,3
1893,1468,1595,74,12,0,2,3
1894,1469,1595,74,12,0,2,3
1895,1470,1595,74,12,0,2,3
1896,1775,915,40,5,0,1,2
1897,1776,915,40,5,0,1,2
1898,1777,915,40,5,0,1,2
1899,1778,915,40,5,0,1,2
1900,1779,915,40,5,0,1,2
1901,1780,915,40,5,0,1,2
1902,1781,915,40,5,0,1,2
1903,1782,915,40,5,0,1,2
1904,1783,915,40,5,0,1,2
1905,1784,915,40,5,0,1,2
1906,1785,915,40,5,0,1,2
1907,1786,915,40,5,0,1,2
1908,1471,1904,78,13,1,3,3
1909,1472,1904,78,13,1,3,3
1910,1473,1904,78,13,1,3,3
1911,1474,1904,78,13,1,3,3
1912,1475,1904,78,13,1,3,3
1913,1476,1904,78,13,1,3,3
1914,1477,1904,78,13,1,3,3
1915,1478,1904,78,13,1,3,3
1916,1479,1904,78,13,1,3,3
1917,1480,1904,78,13,1,3,3
1918,1481,1904,78,13,1,3,3
1919,1482,1904,78,13,1,3,3
1920,1483,1904,78,13,1,3,3
1921,1484,1904,78,13,1,3,3
1922,1485,1904,78,13,1,3,3
1923,1486,1904,78,13,1,3,3
1924,1487,1904,78,13,1,3,3
1925,1488,1904,78,13,1,3,3
1926,1489,1904,78,13,1,3,3
1927,1490,1904,78,13,1,3,3
1928,1491,1904,78,13,1,3,3
1929,1492,1904,78,13,1,3,3
1930,1493,1904,78,13,1,3,3
1931,1494,1904,78,13,1,3,3
