id,name,category,resolution,WIDTH,HEIGHT,SPATIAL_COMPLEXITY,TEMPORAL_COMPLEXITY,CHUNK_COMPLEXITY_VARIATION,COLOR_COMPLEXITY
0,Animation_1080P-01b3,Animation,1080,1920,1080,0.098,0.004,0.017,0.005
1,Animation_1080P-05f8,Animation,1080,1920,1080,1.229,0.454,15.962,0.794
2,Animation_1080P-0c4f,Animation,1080,1920,1080,1.714,0.136,9.048,0
3,Animation_1080P-0cdf,Animation,1080,1920,1080,1.33,0.451,3.677,0.181
4,Animation_1080P-18f5,Animation,1080,1920,1080,2.452,0.137,3.918,0.329
5,Animation_1080P-209f,Animation,1080,1920,1080,3.325,0.012,1.266,0
6,Animation_1080P-21dd,Animation,1080,1920,1080,0.717,0.661,1.748,0.088
7,Animation_1080P-2fbe,Animation,1080,1920,1080,1.93,0.598,11.216,0.664
8,Animation_1080P-2fff,Animation,1080,1920,1080,3.491,0.455,4.565,0.469
9,Animation_1080P-3d67,Animation,1080,1920,1080,3.391,0.068,3.555,0
10,Animation_1080P-3dbf,Animation,1080,1920,1080,0.687,0.15,1.881,0.16
11,Animation_1080P-3e01,Animation,1080,1920,1080,2.084,0.085,1.307,0.071
12,Animation_1080P-4214,Animation,1080,1920,1080,1.985,0.026,2.182,0.019
13,Animation_1080P-4be3,Animation,1080,1920,1080,1.793,0.696,0.845,0.651
14,Animation_1080P-4ea8,Animation,1080,1920,1080,1.055,0.729,17.421,0.157
15,Animation_1080P-5083,Animation,1080,1920,1080,0.136,0.679,0.055,1.073
16,Animation_1080P-58d3,Animation,1080,1920,1080,0.239,0.581,6.667,0.051
17,Animation_1080P-5dd8,Animation,1080,1920,1080,0.407,0.046,0.257,0.083
18,Animation_1080P-646f,Animation,1080,1920,1080,2.471,0.021,0.352,0.186
19,Animation_1080P-66ba,Animation,1080,1440,1080,0.044,0.669,0.235,0
20,Animation_1080P-6a33,Animation,1080,1920,1080,0.091,1.286,2.931,0
21,Animation_1080P-6ec0,Animation,1080,1920,1080,0.505,0.377,7.327,0.127
22,Animation_1080P-7f27,Animation,1080,1920,1080,0.058,0.371,0.264,0.048
23,Animation_2160P-41dc,Animation,2160,3840,2160,2.423,0.376,16.159,0.656
24,Animation_2160P-6f3b,Animation,2160,3032,2304,0.138,0.725,2.214,0.261
25,Animation_360P-08c9,Animation,360,640,360,0.99,0.257,3.251,0.171
26,Animation_360P-188f,Animation,360,640,360,0.434,0.465,4.22,0.572
27,Animation_360P-24d4,Animation,360,480,360,2.01,0.169,6.707,0.151
28,Animation_360P-3e40,Animation,360,640,360,1.029,0.242,4.022,0.019
29,Animation_360P-3e52,Animation,360,640,360,0.622,0.157,3.162,0.083
30,Animation_360P-47cc,Animation,360,640,360,1.294,0.173,5.706,0.054
31,Animation_360P-4b4c,Animation,360,640,360,0.079,0.044,0.04,0.092
32,Animation_360P-4edc,Animation,360,640,360,1.148,0.412,7.822,0.41
33,Animation_360P-5712,Animation,360,640,360,1.059,0.168,4.354,0.283
34,Animation_360P-5de0,Animation,360,640,360,0.855,0.319,4.345,0.155
35,Animation_360P-631c,Animation,360,640,360,2.116,0.092,3.386,0.703
36,Animation_360P-69e0,Animation,360,640,360,1.037,0.262,3.896,0.106
37,Animation_360P-7856,Animation,360,640,360,0.905,0.003,0.056,0.149
38,Animation_360P-794f,Animation,360,640,360,0.951,0.441,6.713,0.609
39,Animation_480P-046c,Animation,480,640,480,0.859,0.397,7.273,0.493
40,Animation_480P-0529,Animation,480,640,480,1.074,0.044,0.827,0.082
41,Animation_480P-073c,Animation,480,640,480,0.412,0.616,3.55,0
42,Animation_480P-087e,Animation,480,720,480,0.409,0.339,1.744,0.025
43,Animation_480P-08a5,Animation,480,640,480,2.685,0.312,15.224,0.694
44,Animation_480P-0d04,Animation,480,856,480,0.166,0.311,1.368,0.17
45,Animation_480P-1da7,Animation,480,928,480,1.591,0.152,5.323,0.348
46,Animation_480P-35ee,Animation,480,720,480,0.083,0.575,1.416,0
47,Animation_480P-3e06,Animation,480,640,480,0.298,0.023,0.447,0.176
48,Animation_480P-3fdf,Animation,480,640,480,4.399,0.374,11.151,0.717
49,Animation_480P-4b80,Animation,480,640,480,1.382,0.107,8.597,0.514
50,Animation_480P-4b86,Animation,480,720,480,0.399,0.108,1.036,0.081
51,Animation_480P-4e36,Animation,480,640,480,0.108,0.361,0.197,0.192
52,Animation_480P-52af,Animation,480,854,480,1.48,0.013,0.651,0.01
53,Animation_480P-66c0,Animation,480,720,480,0.747,0.301,1.563,0.659
54,Animation_480P-6e23,Animation,480,854,480,0.177,0.253,1.037,0.048
55,Animation_480P-6ef6,Animation,480,640,480,0.166,0.338,0.433,0.068
56,Animation_480P-6ff4,Animation,480,854,480,1.48,0.488,3.201,0.305
57,Animation_480P-70d4,Animation,480,720,480,0.194,0.423,1.366,0.093
58,Animation_480P-7114,Animation,480,854,480,0.946,0.379,6.082,0.395
59,Animation_480P-791b,Animation,480,640,480,0.162,0.063,0.243,0.065
60,Animation_480P-7a31,Animation,480,640,480,4.417,0.046,3.743,0.467
61,Animation_480P-7ef2,Animation,480,854,480,0.477,0.228,1.777,0.238
62,Animation_720P-0116,Animation,720,1280,720,0.393,0.192,0.376,0
63,Animation_720P-01b3,Animation,720,1280,720,1.196,0.317,5.46,0.231
64,Animation_720P-06a6,Animation,720,1280,720,2.415,0.219,3.029,0.104
65,Animation_720P-0acc,Animation,720,1280,720,0.914,0.619,5.423,0.164
66,Animation_720P-0c8f,Animation,720,1280,720,0.552,0.223,6.881,0.068
67,Animation_720P-13b7,Animation,720,1280,720,0.279,0.124,0.304,0.176
68,Animation_720P-1a6d,Animation,720,1280,720,1.94,0.084,1.611,0
69,Animation_720P-2525,Animation,720,1280,720,1.15,0.053,0.106,0.481
70,Animation_720P-26d2,Animation,720,1280,720,0.716,0.218,10.349,0.06
71,Animation_720P-2abf,Animation,720,1280,720,1.351,0.284,5.334,0
72,Animation_720P-3adc,Animation,720,1280,720,1.61,0.029,1.735,0.13
73,Animation_720P-412a,Animation,720,1280,720,0.864,0.277,5.361,0.311
74,Animation_720P-41cf,Animation,720,1280,720,0.339,0.658,0.936,0.179
75,Animation_720P-41d6,Animation,720,960,720,0.775,0.243,12.338,0.622
76,Animation_720P-4268,Animation,720,1280,720,0.641,0.729,5.398,0.077
77,Animation_720P-431c,Animation,720,1280,720,0.177,0.459,1.51,0.094
78,Animation_720P-4b17,Animation,720,1280,720,1.503,0.003,0.093,0.187
79,Animation_720P-57d9,Animation,720,1280,720,0.623,0.437,9.232,0.253
80,Animation_720P-5bfc,Animation,720,1280,720,1.98,0.569,12.152,0.347
81,Animation_720P-620f,Animation,720,1280,720,0.282,0.403,0.658,0.466
82,Animation_720P-6372,Animation,720,1280,720,2.01,0.639,22.895,0.113
83,Animation_720P-79ee,Animation,720,1280,720,2.029,0.281,3.804,0.021
84,Animation_720P-7b29,Animation,720,1280,720,1.422,0.259,7.694,0.033
85,Animation_720P-7e7d,Animation,720,1280,720,2.19,0.816,9.802,0.539
86,Animation_720P-7ff2,Animation,720,1280,720,0.87,1.019,3.656,0.101
87,CoverSong_1080P-0188,CoverSong,1080,1920,1080,3.61,0.115,0.574,0.087
88,CoverSong_1080P-033d,CoverSong,1080,1920,1080,1.459,0.281,0.647,0.076
89,CoverSong_1080P-0a86,CoverSong,1080,1920,1080,0.676,0.246,1.425,0.149
90,CoverSong_1080P-0cdc,CoverSong,1080,1920,1080,0.176,0.464,0.107,0.076
91,CoverSong_1080P-0f33,CoverSong,1080,1920,1080,0.414,0.417,0.126,0.165
92,CoverSong_1080P-0f3a,CoverSong,1080,1440,1080,1.372,0.5,10.135,0
93,CoverSong_1080P-1963,CoverSong,1080,1920,1080,0.412,0.025,0.117,0.096
94,CoverSong_1080P-1b08,CoverSong,1080,1920,1080,0.731,0.265,0.373,0.078
95,CoverSong_1080P-1b0c,CoverSong,1080,1920,1080,0.485,0.566,0.634,0.608
96,CoverSong_1080P-2207,CoverSong,1080,1440,1080,1.797,0.524,11.265,0
97,CoverSong_1080P-237f,CoverSong,1080,1920,1080,1.51,0.397,11.578,0.445
98,CoverSong_1080P-3409,CoverSong,1080,1920,1080,1.914,0.136,0.609,0.179
99,CoverSong_1080P-3499,CoverSong,1080,1920,1080,1.424,0.356,1.859,0.369
100,CoverSong_1080P-3aac,CoverSong,1080,1920,1080,1.351,0.363,0.261,0.552
101,CoverSong_1080P-3df8,CoverSong,1080,1920,1080,0.713,0.491,3.622,0.08
102,CoverSong_1080P-4bad,CoverSong,1080,1920,1080,1.349,0.187,0.279,0.349
103,CoverSong_1080P-5430,CoverSong,1080,1920,1080,1.05,0.291,4.23,0.426
104,CoverSong_1080P-5456,CoverSong,1080,1920,1080,0.252,0.344,0.151,0.007
105,CoverSong_1080P-5cae,CoverSong,1080,1920,1080,0.802,0.445,0.064,0.122
106,CoverSong_1080P-5e69,CoverSong,1080,1920,1080,0.497,0.538,0.29,0.169
107,CoverSong_1080P-5f92,CoverSong,1080,1920,1080,0.488,0.195,0.949,0.007
108,CoverSong_1080P-6f26,CoverSong,1080,1440,1080,1.636,0.487,7.171,0.463
109,CoverSong_360P-0a9d,CoverSong,360,640,360,0.821,0.112,0.25,0.539
110,CoverSong_360P-0aa2,CoverSong,360,640,360,1.546,0.149,0.439,0.092
111,CoverSong_360P-11f9,CoverSong,360,640,360,1.671,0.135,0.468,0.715
112,CoverSong_360P-13d2,CoverSong,360,640,360,1.204,0.14,0.447,0.256
113,CoverSong_360P-14b9,CoverSong,360,640,360,1.077,0.253,0.45,0.232
114,CoverSong_360P-1b2b,CoverSong,360,640,360,1.079,0.173,1.218,0
115,CoverSong_360P-2146,CoverSong,360,640,360,1.052,0.297,0.52,0.205
116,CoverSong_360P-2b4d,CoverSong,360,480,360,1.338,0.142,0.254,0.515
117,CoverSong_360P-3218,CoverSong,360,640,360,1.542,0.192,0.489,0.789
118,CoverSong_360P-4add,CoverSong,360,640,360,0.79,0.09,0.174,0.004
119,CoverSong_360P-53a6,CoverSong,360,640,360,1.509,0.105,0.48,0.63
120,CoverSong_360P-59d1,CoverSong,360,640,360,1.538,0.14,0.427,0.089
121,CoverSong_360P-5a24,CoverSong,360,640,360,0.998,0.126,0.698,0.34
122,CoverSong_360P-5d20,CoverSong,360,480,360,0.521,0.212,0.402,1.031
123,CoverSong_360P-67ec,CoverSong,360,640,360,1.023,0.188,2.61,0.275
124,CoverSong_360P-69ef,CoverSong,360,480,360,1.154,0.114,0.446,0.451
125,CoverSong_360P-6d6a,CoverSong,360,640,360,0.903,0.196,0.301,0.452
126,CoverSong_360P-6da7,CoverSong,360,640,360,1.227,0.368,3.816,0.482
127,CoverSong_480P-0170,CoverSong,480,640,480,1.589,0.234,0.366,0.027
128,CoverSong_480P-1019,CoverSong,480,640,480,0.972,0.195,0.135,0
129,CoverSong_480P-1109,CoverSong,480,640,480,0.456,0.315,1.53,0.153
130,CoverSong_480P-2142,CoverSong,480,854,480,0.711,0.485,3.717,0.132
131,CoverSong_480P-2207,CoverSong,480,640,480,1.45,0.799,2.188,0.002
132,CoverSong_480P-2711,CoverSong,480,854,480,0.563,0.599,3.085,0.914
133,CoverSong_480P-2d2c,CoverSong,480,640,480,1.141,0.449,0.237,0
134,CoverSong_480P-3076,CoverSong,480,640,480,0.616,0.581,0.172,1.029
135,CoverSong_480P-35e1,CoverSong,480,640,480,2.349,0.267,0.533,0.215
136,CoverSong_480P-3e4b,CoverSong,480,640,480,0.852,0.029,0.134,0.071
137,CoverSong_480P-3e92,CoverSong,480,640,480,2.219,0.369,1.026,0.616
138,CoverSong_480P-3f3b,CoverSong,480,640,480,0.976,0.704,2.078,0.861
139,CoverSong_480P-41a5,CoverSong,480,640,480,0.758,0.032,0.109,0.519
140,CoverSong_480P-4d34,CoverSong,480,640,480,1.274,0.1,0.509,0.914
141,CoverSong_480P-53f4,CoverSong,480,640,480,2.102,0.732,0.424,0.613
142,CoverSong_480P-59f2,CoverSong,480,720,480,1.101,0.067,0.444,0.22
143,CoverSong_480P-5b62,CoverSong,480,640,480,1.933,0.617,4.033,0.686
144,CoverSong_480P-60a6,CoverSong,480,640,480,1.517,0.1,0.547,1.415
145,CoverSong_480P-64d0,CoverSong,480,640,480,2.23,0.08,0.315,0.399
146,CoverSong_480P-6c3e,CoverSong,480,720,480,1.549,0.448,1.001,0.354
147,CoverSong_480P-6c50,CoverSong,480,640,480,1.06,0.675,0.17,0.288
148,CoverSong_480P-7443,CoverSong,480,640,480,1.062,0.363,0.534,0.694
149,CoverSong_480P-7f6d,CoverSong,480,854,480,0.454,0.337,3.107,0.529
150,CoverSong_720P-014c,CoverSong,720,1280,720,0.987,0.047,0.172,0
151,CoverSong_720P-01a1,CoverSong,720,1280,720,1.151,0.593,0.198,0.517
152,CoverSong_720P-0239,CoverSong,720,1280,720,1.105,0.664,0.509,0.348
153,CoverSong_720P-05d6,CoverSong,720,1280,720,2.474,0.28,8.225,0.55
154,CoverSong_720P-10f1,CoverSong,720,1280,720,4.675,0.41,5.272,0.542
155,CoverSong_720P-1393,CoverSong,720,1280,720,1.439,0.063,0.768,0.087
156,CoverSong_720P-2d05,CoverSong,720,1280,720,2.669,0.573,16.946,0.006
157,CoverSong_720P-3dca,CoverSong,720,1280,720,1.364,0.448,6.474,0.572
158,CoverSong_720P-4006,CoverSong,720,1280,720,2.122,0.489,0.756,0.363
159,CoverSong_720P-449f,CoverSong,720,1280,720,1.966,0.203,0.256,0.584
160,CoverSong_720P-5689,CoverSong,720,960,720,2.331,0.568,1.283,0.545
161,CoverSong_720P-5ba2,CoverSong,720,1280,720,0.704,0.519,0.679,0.035
162,CoverSong_720P-60d3,CoverSong,720,1280,720,0.584,0.166,0.166,0.349
163,CoverSong_720P-6626,CoverSong,720,1280,720,0.43,0.268,0.149,0
164,CoverSong_720P-6ae4,CoverSong,720,1280,720,0.443,0.16,0.136,0.071
165,CoverSong_720P-6b8c,CoverSong,720,1280,720,3.444,0.645,9.939,0.091
166,CoverSong_720P-6d6a,CoverSong,720,1280,720,1.96,0.662,2.48,0.367
167,CoverSong_720P-6d81,CoverSong,720,1280,720,0.565,0.384,0.21,0.192
168,CoverSong_720P-7360,CoverSong,720,1280,720,0.644,0.209,0.453,0.271
169,CoverSong_720P-7539,CoverSong,720,1280,720,2.454,0.451,8.384,0.635
170,Gaming_1080P-0a5b,Gaming,1080,1920,1080,3.537,0.355,7.634,0.074
171,Gaming_1080P-0ce6,Gaming,1080,1920,1080,2.651,0.193,9.309,0.001
172,Gaming_1080P-0ef8,Gaming,1080,1920,1080,0.733,0.336,1.942,0.092
173,Gaming_1080P-12d4,Gaming,1080,1920,1080,4.174,0.12,8.302,0.58
174,Gaming_1080P-13e3,Gaming,1080,1920,1080,1.066,0.461,2.372,0.192
175,Gaming_1080P-1704,Gaming,1080,1920,1080,2.773,0.361,7.085,0.165
176,Gaming_1080P-173a,Gaming,1080,1920,1080,1.341,0.311,0.24,0.028
177,Gaming_1080P-190d,Gaming,1080,1920,1080,1.212,0.333,18.196,0.007
178,Gaming_1080P-2221,Gaming,1080,1920,1080,3.616,0.776,1.619,0.169
179,Gaming_1080P-223e,Gaming,1080,1920,1080,0.469,0.304,6.007,0.446
180,Gaming_1080P-26dc,Gaming,1080,1920,1080,1.587,0.21,7.522,0.053
181,Gaming_1080P-277c,Gaming,1080,1920,1080,3.111,0.066,9.196,0.443
182,Gaming_1080P-2927,Gaming,1080,1920,1080,1.138,0.154,6.091,0.431
183,Gaming_1080P-29b1,Gaming,1080,1920,1080,2.458,0.046,2.427,0.188
184,Gaming_1080P-2e97,Gaming,1080,1920,1080,1.317,0.264,6.112,0.207
185,Gaming_1080P-35fa,Gaming,1080,1920,1080,0.967,0.935,5.29,0.061
186,Gaming_1080P-3a9d,Gaming,1080,1920,1080,3.122,0.053,8.324,0.144
187,Gaming_1080P-3bf7,Gaming,1080,1920,1080,0.712,1.04,7.162,0.019
188,Gaming_1080P-3d58,Gaming,1080,1920,1080,2.868,0.195,12.151,0.015
189,Gaming_1080P-44c4,Gaming,1080,1920,1080,1.444,0.543,16.696,0.028
190,Gaming_1080P-45af,Gaming,1080,1920,1080,1.692,0.192,7.931,0.285
191,Gaming_1080P-45fc,Gaming,1080,1920,1080,0.318,0.193,0.435,0.041
192,Gaming_1080P-4865,Gaming,1080,1920,1080,1.388,0.371,8.275,0.073
193,Gaming_1080P-51fc,Gaming,1080,1920,1080,2.236,0.163,6.404,0.099
194,Gaming_1080P-55ac,Gaming,1080,1920,1080,3.181,0.574,7.859,0.514
195,Gaming_1080P-564e,Gaming,1080,1920,1080,2.648,0.235,10.606,0.171
196,Gaming_1080P-57ca,Gaming,1080,1920,1080,3.161,0.673,19.227,0.16
197,Gaming_1080P-58ba,Gaming,1080,1440,1080,0.522,0.503,2.019,0.225
198,Gaming_1080P-592a,Gaming,1080,1920,1080,1.457,0.368,12.123,0.048
199,Gaming_1080P-5ae7,Gaming,1080,1920,1080,0.612,0.944,10.365,0.033
200,Gaming_1080P-6530,Gaming,1080,1920,1080,2.859,0.608,15.501,0.264
201,Gaming_1080P-6578,Gaming,1080,1920,1080,3.712,0.118,10.265,0.431
202,Gaming_1080P-66d2,Gaming,1080,1920,1080,3.391,0.105,10.06,0.552
203,Gaming_1080P-698a,Gaming,1080,1920,1080,4.102,0.096,10.14,0.351
204,Gaming_1080P-6d53,Gaming,1080,1920,1080,2.711,0.136,6.96,0.085
205,Gaming_1080P-6db2,Gaming,1080,1920,1080,2.849,0.224,1.28,0.079
206,Gaming_1080P-6dc6,Gaming,1080,1920,1080,2.795,0.682,18.703,0.353
207,Gaming_1080P-6e45,Gaming,1080,1920,1080,2.369,0.233,0.436,0.466
208,Gaming_1080P-71a5,Gaming,1080,1920,1080,2.579,0.553,17.849,0.31
209,Gaming_1080P-72c8,Gaming,1080,1920,1080,2.74,0.557,4.792,0.277
210,Gaming_1080P-777b,Gaming,1080,1920,1080,1.189,0.527,18.618,0.027
211,Gaming_1080P-7a1e,Gaming,1080,1920,1080,1.952,0.156,5.959,0.29
212,Gaming_2160P-2436,Gaming,2160,3840,2160,0.51,0.55,1.194,0.686
213,Gaming_2160P-28de,Gaming,2160,3840,2160,0.688,0.307,1.875,0.149
214,Gaming_2160P-2b92,Gaming,2160,4096,2160,0.581,0.273,1.006,0.086
215,Gaming_2160P-2cb1,Gaming,2160,3840,2160,1.274,0.507,4.302,0.147
216,Gaming_2160P-2dc4,Gaming,2160,3840,2160,0.572,0.384,3.652,0.224
217,Gaming_2160P-3002,Gaming,2160,3840,2160,0.338,0.575,1.054,0.209
218,Gaming_2160P-31f6,Gaming,2160,3840,2160,0.67,0.393,6.12,0.351
219,Gaming_2160P-348d,Gaming,2160,3840,2160,0.516,0.205,4.11,0.145
220,Gaming_2160P-34a1,Gaming,2160,3840,2160,0.199,0.646,1.31,0.169
221,Gaming_2160P-387f,Gaming,2160,3840,2160,1.019,0.103,0.465,0.339
222,Gaming_2160P-3a25,Gaming,2160,3840,2160,0.566,0.192,5.017,0.334
223,Gaming_2160P-3aec,Gaming,2160,3840,2160,0.868,0.152,5.641,0.421
224,Gaming_2160P-3ce4,Gaming,2160,3840,2160,0.631,0.27,3.924,0.34
225,Gaming_2160P-4139,Gaming,2160,3840,2160,0.457,0.443,6.331,0.422
226,Gaming_2160P-416f,Gaming,2160,3840,2160,1.164,0.624,3.176,0.12
227,Gaming_2160P-4258,Gaming,2160,3840,2160,0.401,0.252,1.467,0.597
228,Gaming_2160P-5c33,Gaming,2160,3840,2160,0.169,0.435,0.153,0.457
229,Gaming_2160P-5c53,Gaming,2160,3840,2160,1.064,0.092,0.903,0.324
230,Gaming_2160P-673d,Gaming,2160,3840,2160,0.561,0.117,0.934,0.158
231,Gaming_2160P-67b0,Gaming,2160,3840,2160,0.765,0.375,1.47,0.083
232,Gaming_2160P-6bb6,Gaming,2160,3840,2160,0.625,0.243,3.011,0.158
233,Gaming_2160P-6cd8,Gaming,2160,3840,2160,0.332,0.51,2.966,0.226
234,Gaming_2160P-7e80,Gaming,2160,3840,2160,0.047,0.148,0.41,0.044
235,Gaming_2160P-7ff0,Gaming,2160,3840,2160,0.571,0.385,8.467,0.287
236,Gaming_360P-043e,Gaming,360,450,360,2.323,0.094,1.81,0.181
237,Gaming_360P-0b98,Gaming,360,640,360,1.158,0.482,10.081,0.051
238,Gaming_360P-187a,Gaming,360,640,360,4.15,0.022,1.128,0.539
239,Gaming_360P-2141,Gaming,360,640,360,1.329,0.253,1.026,0.061
240,Gaming_360P-215f,Gaming,360,640,360,0.787,0.321,1.4,0.297
241,Gaming_360P-2164,Gaming,360,640,360,1.74,0.879,3.725,0.097
242,Gaming_360P-21d2,Gaming,360,480,360,0.886,0.386,1.718,0.21
243,Gaming_360P-2330,Gaming,360,640,360,1.012,0.29,1.265,0.094
244,Gaming_360P-279f,Gaming,360,640,360,0.676,0.341,3.783,0.353
245,Gaming_360P-2f99,Gaming,360,640,360,1.592,0.539,5.907,0.241
246,Gaming_360P-3794,Gaming,360,640,360,0.892,0.605,1.652,0.336
247,Gaming_360P-3a6b,Gaming,360,640,360,1.648,0.28,2.694,0.194
248,Gaming_360P-3eb6,Gaming,360,640,360,2.21,0.429,13.803,0.196
249,Gaming_360P-48b0,Gaming,360,480,360,1.214,0.308,7.355,0.311
250,Gaming_360P-4f09,Gaming,360,640,360,1.819,0.297,4.169,0.424
251,Gaming_360P-5635,Gaming,360,640,360,0.275,0.398,1.174,0.188
252,Gaming_360P-56fe,Gaming,360,640,360,1.853,0.425,5.652,0.337
253,Gaming_360P-586d,Gaming,360,640,360,2.606,0.174,7.833,0.615
254,Gaming_360P-5e0f,Gaming,360,464,360,2.065,0.133,2.156,0.55
255,Gaming_360P-6207,Gaming,360,640,360,1.911,0.321,5.125,0.577
256,Gaming_360P-63e6,Gaming,360,640,360,1.446,0.39,4.02,0.188
257,Gaming_360P-7007,Gaming,360,640,360,1.285,0.246,7.224,0.168
258,Gaming_360P-73c7,Gaming,360,640,360,1.463,0.229,6.3,0.045
259,Gaming_360P-7975,Gaming,360,640,360,1.636,0.257,11.16,0.321
260,Gaming_360P-7acb,Gaming,360,640,360,0.679,0.519,6.584,0.018
261,Gaming_480P-0109,Gaming,480,640,480,0.775,0.309,1.364,0.185
262,Gaming_480P-062e,Gaming,480,720,480,0.553,0.357,2.454,0.182
263,Gaming_480P-09ab,Gaming,480,848,480,3.869,0.608,10.082,0.632
264,Gaming_480P-0a03,Gaming,480,720,480,2.365,0.64,7.775,0.193
265,Gaming_480P-0a30,Gaming,480,640,480,1.269,0.644,1.486,0.434
266,Gaming_480P-0d23,Gaming,480,640,480,3.236,0.719,8.254,0.509
267,Gaming_480P-0dbc,Gaming,480,720,480,2.689,0.723,6.607,0.546
268,Gaming_480P-14fc,Gaming,480,854,480,1.621,0.358,6.19,0.087
269,Gaming_480P-1542,Gaming,480,854,480,1.726,0.502,6.184,0.156
270,Gaming_480P-20ca,Gaming,480,720,480,1.776,0.703,8.644,0.28
271,Gaming_480P-3a44,Gaming,480,720,480,2.339,0.431,13.596,0.616
272,Gaming_480P-445b,Gaming,480,640,480,1.869,0.235,3.842,0.327
273,Gaming_480P-4560,Gaming,480,854,480,2.001,0.338,2.118,0.5
274,Gaming_480P-5a5a,Gaming,480,854,480,0.785,0.382,2.72,0.504
275,Gaming_480P-61ee,Gaming,480,640,480,4.604,0.071,4.354,2.233
276,Gaming_480P-626a,Gaming,480,856,480,2.127,0.286,6.853,0.148
277,Gaming_480P-6491,Gaming,480,720,480,2.695,0.693,10.075,0.141
278,Gaming_480P-6548,Gaming,480,640,480,1.305,0.476,8.947,0.289
279,Gaming_480P-6a5a,Gaming,480,854,480,1.632,0.089,2.92,0.064
280,Gaming_480P-6c92,Gaming,480,864,480,0.572,0.57,1.615,0.66
281,Gaming_480P-6cdc,Gaming,480,640,480,1.746,0.396,10.397,0.347
282,Gaming_480P-6d1e,Gaming,480,566,480,3.366,0.059,0.979,0.711
283,Gaming_480P-6f4b,Gaming,480,864,480,1.445,0.273,6.055,0.427
284,Gaming_480P-75f7,Gaming,480,640,480,1.063,0.585,18.345,0.283
285,Gaming_480P-7893,Gaming,480,854,480,1.679,0.316,3.018,0.05
286,Gaming_480P-7a08,Gaming,480,640,480,4.469,0.025,1.648,0.443
287,Gaming_480P-7ccb,Gaming,480,852,480,1.819,0.054,0.584,0.159
288,Gaming_480P-7e76,Gaming,480,720,480,1.974,0.521,15.974,0.153
289,Gaming_720P-0fba,Gaming,720,1280,720,2.943,0.242,6.125,0.398
290,Gaming_720P-0fdb,Gaming,720,1280,720,0.318,0.648,8.152,0.031
291,Gaming_720P-1035,Gaming,720,1280,720,2.261,0.026,1.43,0.452
292,Gaming_720P-103a,Gaming,720,1280,720,3.035,0.225,10.932,0.195
293,Gaming_720P-1cbb,Gaming,720,1280,720,3.032,0.145,9.988,0.193
294,Gaming_720P-221d,Gaming,720,1280,720,1.037,0.122,1.042,0.09
295,Gaming_720P-25aa,Gaming,720,1280,720,0.611,0.145,0.736,0.175
296,Gaming_720P-2dbe,Gaming,720,1280,720,1.127,0.277,5.513,0.177
297,Gaming_720P-312f,Gaming,720,1280,720,2.757,0.544,2.243,0.436
298,Gaming_720P-324d,Gaming,720,3840,720,0.469,0.321,3.963,0.854
299,Gaming_720P-3524,Gaming,720,1280,720,0.52,0.53,2.192,0.029
300,Gaming_720P-40b2,Gaming,720,1280,720,1.905,0.525,5.741,0.091
301,Gaming_720P-469a,Gaming,720,1280,720,1.776,0.404,3.431,0.167
302,Gaming_720P-4813,Gaming,720,1280,720,2.649,0.46,3.623,0.073
303,Gaming_720P-493e,Gaming,720,1280,720,1.209,0.484,10.642,0.094
304,Gaming_720P-4cda,Gaming,720,1280,720,3.299,0.042,1.428,0.437
305,Gaming_720P-5973,Gaming,720,1280,720,4.334,0.524,12.026,0.331
306,Gaming_720P-5ba2,Gaming,720,1280,720,1.874,0.427,13.998,0.139
307,Gaming_720P-6403,Gaming,720,1280,720,1.362,0.545,3.846,0.32
308,Gaming_720P-64b0,Gaming,720,1280,720,2.723,0.453,11.111,0.394
309,Gaming_720P-6625,Gaming,720,1280,720,1.182,0.339,3.757,0.181
310,Gaming_720P-6658,Gaming,720,1280,720,1.196,0.208,2.512,0.44
311,Gaming_720P-6a45,Gaming,720,1280,720,2.307,0.097,5.901,0.471
312,Gaming_720P-7afd,Gaming,720,1280,720,0.613,0.53,6.899,0.082
313,HDR_1080P-0d31,HDR,1080,1920,1080,0.156,0.513,1.201,0.768
314,HDR_1080P-13eb,HDR,1080,1920,1080,1.642,0.021,0.21,0.657
315,HDR_1080P-1be2,HDR,1080,1920,1080,0.357,0.043,0.638,0.67
316,HDR_1080P-1e5b,HDR,1080,1920,1080,0.1,0.674,0.317,0.872
317,HDR_1080P-206d,HDR,1080,1920,1080,0.933,0.255,3.974,0.454
318,HDR_1080P-282a,HDR,1080,1920,1080,0.116,0.538,0.669,0.732
319,HDR_1080P-2d32,HDR,1080,1920,1080,0.977,0.257,1.281,0.306
320,HDR_1080P-3181,HDR,1080,1920,1080,0.022,0.061,0.033,1.334
321,HDR_1080P-33e3,HDR,1080,1920,1080,0.579,0.438,3.644,0.323
322,HDR_1080P-3521,HDR,1080,1920,1080,0.527,0.208,2.249,0.533
323,HDR_1080P-35f4,HDR,1080,1920,1080,0.463,0.379,2.321,0.549
324,HDR_1080P-3749,HDR,1080,1920,1080,0.714,0.494,0.879,0.396
325,HDR_1080P-3a4a,HDR,1080,1920,1080,0.104,0.21,0.221,0.703
326,HDR_1080P-46a4,HDR,1080,1920,1080,0.059,0.396,0.381,0.627
327,HDR_1080P-49d6,HDR,1080,1920,1080,0.671,0.039,0.275,0.259
328,HDR_1080P-4f4a,HDR,1080,1920,1080,0.771,0.521,1.438,0.36
329,HDR_1080P-548b,HDR,1080,1920,1080,0.43,0.381,1.647,0.452
330,HDR_1080P-549e,HDR,1080,1920,1080,0.744,0.186,1.781,0.42
331,HDR_1080P-55c4,HDR,1080,1920,1080,0.267,0.164,1.731,0.75
332,HDR_1080P-601b,HDR,1080,1920,1080,0.403,0.338,0.844,0.316
333,HDR_1080P-687e,HDR,1080,1920,1080,0.316,0.591,2.763,0.6
334,HDR_1080P-68c8,HDR,1080,1920,1080,0.576,0.442,1.768,0.101
335,HDR_1080P-69de,HDR,1080,1920,1080,1.037,0.266,0.698,0.296
336,HDR_1080P-6eb7,HDR,1080,1920,1080,0.691,0.288,1.781,0.413
337,HDR_1080P-7825,HDR,1080,1920,1080,0.935,0.248,0.453,0.475
338,HDR_2160P-06ae,HDR,2160,3840,2160,1.423,0.351,0.672,0.263
339,HDR_2160P-0e7a,HDR,2160,3840,2160,0.008,0.206,0.177,0.049
340,HDR_2160P-15e2,HDR,2160,3840,2160,0.412,0.398,0.374,0.371
341,HDR_2160P-1743,HDR,2160,3840,2160,0.927,0.511,1.31,0.317
342,HDR_2160P-1e9e,HDR,2160,3840,2160,0.966,0.022,0.066,0.128
343,HDR_2160P-2a72,HDR,2160,3840,2160,1.531,0.497,8.28,0.254
344,HDR_2160P-351f,HDR,2160,3840,2160,0.381,0.332,1.065,0.182
345,HDR_2160P-3663,HDR,2160,3840,2160,1.518,0.555,3.57,0.103
346,HDR_2160P-382f,HDR,2160,3840,2160,1,0.135,0.266,0.18
347,HDR_2160P-3bf1,HDR,2160,3840,2160,0.891,0.205,2.099,0.147
348,HDR_2160P-40ab,HDR,2160,3840,2160,0.483,0.21,1.428,0.169
349,HDR_2160P-4348,HDR,2160,3840,2160,0.153,0.371,0.267,0.138
350,HDR_2160P-4581,HDR,2160,3840,2160,0.177,0.255,0.1,0.365
351,HDR_2160P-4dcd,HDR,2160,3840,2160,1.39,0.646,3.476,0.234
352,HDR_2160P-51ea,HDR,2160,3840,2160,0.564,0.487,8.671,0.568
353,HDR_2160P-5275,HDR,2160,3840,2160,2.73,0.128,0.768,0.616
354,HDR_2160P-5926,HDR,2160,3840,2160,2.565,0.682,17.01,0.554
355,HDR_2160P-5c86,HDR,2160,3840,2160,0.646,0.148,1.157,0.154
356,HDR_2160P-5cdf,HDR,2160,3840,2160,0.187,0.16,0.149,0.095
357,HDR_2160P-5e25,HDR,2160,3840,2160,1.024,0.305,1.305,0.265
358,HDR_2160P-664d,HDR,2160,3840,2160,0.483,0.639,0.834,0.301
359,HDR_2160P-6c6e,HDR,2160,3840,2160,0.479,0.309,8.055,0.622
360,HDR_2160P-6ed1,HDR,2160,3840,2160,0.953,0.426,7.153,0.244
361,HDR_2160P-6eeb,HDR,2160,4096,2160,0.51,0.401,0.047,0.181
362,HDR_2160P-6fa4,HDR,2160,3840,2160,0.643,0.49,8.117,0.608
363,HDR_2160P-6fab,HDR,2160,3840,2160,1.928,0.756,1.481,0.34
364,HDR_2160P-70ca,HDR,2160,3840,2160,1.56,0.493,4.143,0.239
365,HowTo_1080P-0267,HowTo,1080,1920,1080,1.003,0.091,4.083,0.074
366,HowTo_1080P-03fd,HowTo,1080,1920,1080,0.149,0.333,0.12,0.065
367,HowTo_1080P-13aa,HowTo,1080,1920,1080,1.277,0.295,1.074,0.185
368,HowTo_1080P-1f3b,HowTo,1080,1920,1080,1.097,0.026,1.252,0.607
369,HowTo_1080P-36a9,HowTo,1080,1920,1080,1.731,0.202,8.965,0.401
370,HowTo_1080P-4d7b,HowTo,1080,1920,1080,2.644,0.276,10.259,0.178
371,HowTo_1080P-52bb,HowTo,1080,1920,1080,2.536,0.032,1.712,1.298
372,HowTo_1080P-55d1,HowTo,1080,1920,1080,1.185,0.268,0.419,0.075
373,HowTo_1080P-63b4,HowTo,1080,1920,1080,0.834,0.125,0.185,0.363
374,HowTo_1080P-63e4,HowTo,1080,1920,1080,2.211,0.072,5.834,0.134
375,HowTo_1080P-63ec,HowTo,1080,1920,1080,1.664,0.155,8.643,0.135
376,HowTo_1080P-64f7,HowTo,1080,1920,1080,1.102,0.15,4.592,0.111
377,HowTo_1080P-6cbf,HowTo,1080,1920,1080,0.67,0.253,8.334,0.481
378,HowTo_1080P-7399,HowTo,1080,1920,1080,0.616,0.006,0.052,0.087
379,HowTo_1080P-763c,HowTo,1080,1920,1080,1.426,0.134,4.264,0.02
380,HowTo_1080P-7cf2,HowTo,1080,1920,1080,0.614,0.641,2.101,0.062
381,HowTo_1080P-7f18,HowTo,1080,1920,1080,0.924,0.011,0.272,0.037
382,HowTo_1080P-7f4c,HowTo,1080,1920,1080,0.085,0.014,0.029,0.036
383,HowTo_360P-041c,HowTo,360,640,360,1.174,0.046,0.331,0.448
384,HowTo_360P-0562,HowTo,360,640,360,1.861,0.059,0.823,0.398
385,HowTo_360P-06be,HowTo,360,640,360,1.604,0.043,0.471,0.067
386,HowTo_360P-09f8,HowTo,360,640,360,0.98,0.228,13.48,0.589
387,HowTo_360P-127f,HowTo,360,640,360,2.893,0.078,2.588,0.319
388,HowTo_360P-1823,HowTo,360,640,360,0.933,0.497,11.049,0.53
389,HowTo_360P-18e7,HowTo,360,640,360,0.549,0.085,1.149,0.143
390,HowTo_360P-1dba,HowTo,360,640,360,1.413,0.368,0.954,1.3
391,HowTo_360P-2074,HowTo,360,640,360,2.522,0.043,0.633,0.164
392,HowTo_360P-2a3b,HowTo,360,640,360,1.006,0.03,1.083,0.281
393,HowTo_360P-2d35,HowTo,360,640,360,1.257,0.004,0.163,0.078
394,HowTo_360P-2fd5,HowTo,360,640,360,0.266,0.475,0.495,1.328
395,HowTo_360P-3aa6,HowTo,360,640,360,0.652,0.001,0.519,0
396,HowTo_360P-4276,HowTo,360,640,360,0.742,0.175,2.031,0.19
397,HowTo_360P-4e4c,HowTo,360,640,360,1.64,0.038,2.115,0.11
398,HowTo_360P-55e9,HowTo,360,640,360,1.501,0.308,1.573,0.183
399,HowTo_360P-5da7,HowTo,360,640,360,3.024,0.266,3.98,0.148
400,HowTo_360P-6093,HowTo,360,640,360,2.495,0.032,0.344,0.477
401,HowTo_360P-6a0e,HowTo,360,640,360,1.262,0.094,1.765,0.036
402,HowTo_360P-7083,HowTo,360,640,360,0.708,0.422,2.885,0.703
403,HowTo_360P-7dcd,HowTo,360,640,360,0.535,0.04,0.808,0.077
404,HowTo_360P-7fb1,HowTo,360,640,360,1.221,0.247,1.923,0.433
405,HowTo_480P-04f1,HowTo,480,640,480,1.688,0.525,6.849,0.287
406,HowTo_480P-0cb3,HowTo,480,640,480,1.681,0.609,0.449,0.586
407,HowTo_480P-0d00,HowTo,480,640,480,1.805,0.346,3.932,0.001
408,HowTo_480P-0eb3,HowTo,480,848,480,1.165,0.784,5.285,0.483
409,HowTo_480P-118d,HowTo,480,640,480,0.855,0.873,0.392,0.478
410,HowTo_480P-15c1,HowTo,480,848,480,1.16,0.289,11.094,0.312
411,HowTo_480P-187c,HowTo,480,854,480,1.236,0.04,0.208,0.435
412,HowTo_480P-221e,HowTo,480,640,480,2.653,0.001,0.128,0.536
413,HowTo_480P-2610,HowTo,480,640,480,1.37,0.001,0.367,0.086
414,HowTo_480P-32c9,HowTo,480,640,480,0.484,0.007,0.049,0.086
415,HowTo_480P-3435,HowTo,480,640,480,1.698,0.517,6.612,0.343
416,HowTo_480P-4332,HowTo,480,640,480,1.087,0.102,1.712,0.138
417,HowTo_480P-470b,HowTo,480,640,480,1.361,0.339,1.015,0.394
418,HowTo_480P-48ac,HowTo,480,854,480,2.385,0.296,9.986,0.119
419,HowTo_480P-4948,HowTo,480,640,480,0.656,0.006,0.147,0.157
420,HowTo_480P-4a28,HowTo,480,720,480,1.591,0.49,9.49,0.653
421,HowTo_480P-4b6a,HowTo,480,640,480,1.882,0.001,0.009,0.091
422,HowTo_480P-4c99,HowTo,480,850,480,1.62,0.158,5.666,0.041
423,HowTo_480P-56a5,HowTo,480,640,480,2.939,0.464,6.631,0.184
424,HowTo_480P-5a3c,HowTo,480,854,480,0.387,0.383,0.441,0.013
425,HowTo_480P-60b3,HowTo,480,640,480,0.57,0.048,1.165,0.242
426,HowTo_480P-63a2,HowTo,480,720,480,1.475,0.283,6.323,0.185
427,HowTo_480P-64a2,HowTo,480,854,480,1.507,0.589,9.924,0.535
428,HowTo_480P-7579,HowTo,480,854,480,1.561,0.393,1.964,0.188
429,HowTo_480P-7c11,HowTo,480,720,480,1.13,0.48,6.34,0.642
430,HowTo_720P-017a,HowTo,720,1280,720,0.318,0.014,0.342,0.092
431,HowTo_720P-06eb,HowTo,720,1280,720,0.742,0.002,0.03,0.053
432,HowTo_720P-0a67,HowTo,720,1280,720,2.767,0.169,0.855,0.123
433,HowTo_720P-0b01,HowTo,720,1280,720,1.454,0.275,2.347,0.145
434,HowTo_720P-0c47,HowTo,720,1280,720,2.565,0.171,2.439,0.694
435,HowTo_720P-111e,HowTo,720,1280,720,0.845,0.615,0.59,0.286
436,HowTo_720P-12f7,HowTo,720,1280,720,0.37,0.467,0.512,0
437,HowTo_720P-21c6,HowTo,720,1280,720,1.324,0.809,1.661,1.026
438,HowTo_720P-269e,HowTo,720,1280,720,1.278,0.049,2.777,0.45
439,HowTo_720P-2cc6,HowTo,720,1280,720,0.517,0.023,0.263,0.077
440,HowTo_720P-37d0,HowTo,720,1280,720,0.895,0.108,5.357,0.365
441,HowTo_720P-3813,HowTo,720,1280,720,2.378,0.555,12.531,0.141
442,HowTo_720P-3a5d,HowTo,720,1280,720,1.235,0.301,9.625,0.432
443,HowTo_720P-479b,HowTo,720,1280,720,1.573,0.328,2.762,0.092
444,HowTo_720P-483c,HowTo,720,1280,720,2.791,0.234,6.889,0.091
445,HowTo_720P-4d55,HowTo,720,1280,720,2.418,0.307,2.05,0
446,HowTo_720P-4d9e,HowTo,720,1280,720,0.585,0.002,0.022,0.333
447,HowTo_720P-6323,HowTo,720,1280,720,1.314,0.147,0.638,0.093
448,HowTo_720P-6791,HowTo,720,1280,720,1.075,0.291,6.513,0.062
449,HowTo_720P-7782,HowTo,720,1280,720,1.507,0.086,5.544,0.053
450,HowTo_720P-7878,HowTo,720,1280,720,1.063,0.236,4.851,0.311
451,HowTo_720P-7c38,HowTo,720,1280,720,2.105,0.063,5.025,0.164
452,Lecture_1080P-011f,Lecture,1080,1440,1080,0.755,0.318,1.427,0.085
453,Lecture_1080P-0201,Lecture,1080,1920,1080,0.442,0.22,7.928,0.185
454,Lecture_1080P-0c8a,Lecture,1080,1920,1080,0.518,0.145,0.067,0.297
455,Lecture_1080P-1709,Lecture,1080,1920,1080,0.109,0.4,0.036,0
456,Lecture_1080P-1969,Lecture,1080,1920,1080,1.171,0.013,0.093,0.084
457,Lecture_360P-03bc,Lecture,360,640,360,1.331,0.085,1.95,0.07
458,Lecture_360P-051a,Lecture,360,480,360,1.292,0.005,0.069,0.166
459,Lecture_360P-114f,Lecture,360,640,360,1.222,0.078,1.935,0.162
460,Lecture_360P-20c3,Lecture,360,640,360,1.194,0.06,1.221,0.077
461,Lecture_360P-2276,Lecture,360,640,360,1.499,0.056,2.623,0.301
462,Lecture_360P-27db,Lecture,360,640,360,0.939,0.109,1.932,0.095
463,Lecture_360P-2c55,Lecture,360,640,360,0.336,0.27,1.173,0.176
464,Lecture_360P-2d1f,Lecture,360,640,360,0.921,0.05,0.429,0.32
465,Lecture_360P-30eb,Lecture,360,640,360,1.214,0.159,3.132,0.475
466,Lecture_360P-311d,Lecture,360,640,360,1.914,0.08,4.612,0.464
467,Lecture_360P-3590,Lecture,360,640,360,2.543,0.269,16.729,0.606
468,Lecture_360P-44c2,Lecture,360,640,360,0.688,0.316,0.698,0.875
469,Lecture_360P-4bb4,Lecture,360,640,360,1.773,0.058,2.024,0.392
470,Lecture_360P-4f00,Lecture,360,640,360,0.851,0.133,1.937,0.153
471,Lecture_360P-506c,Lecture,360,640,360,1.168,0.049,0.561,0.067
472,Lecture_360P-5594,Lecture,360,640,360,2.734,0.148,1.893,0.433
473,Lecture_360P-5779,Lecture,360,540,360,1.291,0.003,0.12,0
474,Lecture_360P-5aea,Lecture,360,640,360,0.694,0.176,4.047,0.603
475,Lecture_360P-5d0a,Lecture,360,640,360,1.036,0.306,5.988,0.615
476,Lecture_360P-6656,Lecture,360,640,360,0.598,0.234,4.244,0.182
477,Lecture_360P-6702,Lecture,360,640,360,0.765,0.188,2.88,0.361
478,Lecture_360P-6d29,Lecture,360,640,360,1.111,0.108,4.722,0.304
479,Lecture_360P-7550,Lecture,360,640,360,0.997,0.149,2,0.181
480,Lecture_360P-7a57,Lecture,360,640,360,0.768,0.132,1.996,0.42
481,Lecture_360P-7f7e,Lecture,360,640,360,2.479,0.079,4.052,0.519
482,Lecture_480P-02f2,Lecture,480,720,480,0.543,0.2,2.7,0.371
483,Lecture_480P-11df,Lecture,480,720,480,0.949,0.383,5.261,0.111
484,Lecture_480P-181a,Lecture,480,640,480,1.102,0.559,0.636,1.121
485,Lecture_480P-1ec3,Lecture,480,720,480,1.021,0.005,0.315,0.125
486,Lecture_480P-2513,Lecture,480,640,480,1.937,0.209,3.08,0.189
487,Lecture_480P-2655,Lecture,480,640,480,1.618,0.523,5.609,0.498
488,Lecture_480P-2ed0,Lecture,480,640,480,0.199,0.487,1.417,0.768
489,Lecture_480P-369f,Lecture,480,856,480,0.896,0.06,2.286,0.176
490,Lecture_480P-3bdc,Lecture,480,640,480,2.052,0.001,0.099,0.065
491,Lecture_480P-41b7,Lecture,480,640,480,2.1,0.061,7.558,0.737
492,Lecture_480P-4272,Lecture,480,640,480,0.922,0.006,0.079,0.052
493,Lecture_480P-42c3,Lecture,480,638,480,1.998,0.003,0.532,0.416
494,Lecture_480P-4bc3,Lecture,480,854,480,2.138,0.29,2.188,0.362
495,Lecture_480P-4c86,Lecture,480,720,480,1.513,0.517,5.293,0.257
496,Lecture_480P-5aee,Lecture,480,352,480,1.969,0.472,2.627,0.435
497,Lecture_480P-5cd7,Lecture,480,720,480,1.849,0.256,5.057,0.34
498,Lecture_480P-5f3a,Lecture,480,352,480,1.804,0.541,6.29,0.482
499,Lecture_480P-6191,Lecture,480,640,480,0.826,0.292,5.886,0.381
500,Lecture_480P-6b1e,Lecture,480,640,480,0.786,0.001,0.002,0.007
501,Lecture_480P-71c0,Lecture,480,640,480,1.225,0.31,5.992,0.191
502,Lecture_480P-71d6,Lecture,480,640,480,1.853,0.09,8.653,0.675
503,Lecture_480P-7205,Lecture,480,640,480,0.842,0.256,5.872,0.395
504,Lecture_480P-73f6,Lecture,480,640,480,0.587,0.393,0.449,0.054
505,Lecture_480P-74cf,Lecture,480,720,480,0.916,0.263,3.844,0.383
506,Lecture_480P-74ea,Lecture,480,640,480,1.068,0.156,0.65,0.966
507,Lecture_480P-7d77,Lecture,480,640,480,1.287,0.193,3.263,0.148
508,Lecture_480P-7e55,Lecture,480,642,480,1.343,0.062,4.253,0.063
509,Lecture_480P-7eec,Lecture,480,854,480,0.565,0.205,1.073,0.391
510,Lecture_720P-003a,Lecture,720,1280,720,0.992,0.225,1.2,0.367
511,Lecture_720P-07e0,Lecture,720,1280,720,1.107,0.358,2.475,0.617
512,Lecture_720P-094d,Lecture,720,1280,720,1.196,0.327,0.511,0.231
513,Lecture_720P-0f64,Lecture,720,1280,720,1.093,0.131,2.72,0.524
514,Lecture_720P-1033,Lecture,720,1280,720,0.52,0.456,3.839,0.107
515,Lecture_720P-10bc,Lecture,720,1280,720,0.661,0.46,0.808,0.306
516,Lecture_720P-11e7,Lecture,720,1280,720,0.893,0.51,1.218,0.803
517,Lecture_720P-1e62,Lecture,720,1280,720,1.039,0.386,5.039,0.566
518,Lecture_720P-1f22,Lecture,720,1280,720,1.78,0.07,4.913,0.406
519,Lecture_720P-2442,Lecture,720,1280,720,0.924,0.014,0.103,0.112
520,Lecture_720P-26df,Lecture,720,1280,720,0.626,0.01,0.098,0.072
521,Lecture_720P-2b0f,Lecture,720,1152,720,0.477,0.002,0.023,0.152
522,Lecture_720P-2f38,Lecture,720,1280,720,1.722,0.063,1.637,0.071
523,Lecture_720P-2f8c,Lecture,720,1280,720,1.601,0.095,0.454,0.076
524,Lecture_720P-3b7f,Lecture,720,1280,720,0.93,0.316,0.299,0.097
525,Lecture_720P-3f9f,Lecture,720,956,720,1.399,0.228,6.676,0.052
526,Lecture_720P-4c87,Lecture,720,1280,720,0.633,0.493,6.267,0.153
527,Lecture_720P-50b9,Lecture,720,1280,720,1.743,0.241,0.504,0.314
528,Lecture_720P-5120,Lecture,720,1280,720,0.562,0.18,2.45,0
529,Lecture_720P-53a1,Lecture,720,1280,720,0.875,0.116,0.048,0.173
530,Lecture_720P-5725,Lecture,720,1280,720,1.874,0.227,1.894,0.186
531,Lecture_720P-5c7e,Lecture,720,1280,720,1.112,0.009,0.189,0.596
532,Lecture_720P-6016,Lecture,720,1280,720,0.519,0.551,0.571,0.124
533,Lecture_720P-6951,Lecture,720,1280,720,1.94,0.21,5.426,0.296
534,Lecture_720P-7189,Lecture,720,1280,720,0.777,0.072,0.267,0.189
535,Lecture_720P-7dcf,Lecture,720,1280,720,1.458,0.041,0.256,0.271
536,Lecture_720P-7e40,Lecture,720,1280,720,0.58,0.089,2.465,0.074
537,LiveMusic_1080P-14af,LiveMusic,1080,1920,1080,0.753,0.466,0.708,0.491
538,LiveMusic_1080P-157b,LiveMusic,1080,1920,1080,0.81,0.318,6.207,0.319
539,LiveMusic_1080P-1ace,LiveMusic,1080,1920,1080,0.83,0.203,0.276,0.474
540,LiveMusic_1080P-21dd,LiveMusic,1080,1440,1080,1.363,0.417,2.05,0.085
541,LiveMusic_1080P-28fe,LiveMusic,1080,1920,1080,1.169,0.332,6.838,0.312
542,LiveMusic_1080P-2930,LiveMusic,1080,1920,1080,0.986,0.595,14.357,0.392
543,LiveMusic_1080P-2b7a,LiveMusic,1080,1920,1080,0.925,0.547,7.857,0.573
544,LiveMusic_1080P-2f7f,LiveMusic,1080,1920,1080,0.719,0.669,3.961,0.173
545,LiveMusic_1080P-3549,LiveMusic,1080,1440,1080,2.322,0.478,9.808,0.813
546,LiveMusic_1080P-3e1a,LiveMusic,1080,1920,1080,0.652,0.102,0.18,0.458
547,LiveMusic_1080P-3f95,LiveMusic,1080,1920,1080,1.535,0.222,1.214,0.232
548,LiveMusic_1080P-48d5,LiveMusic,1080,1920,1080,2.356,0.225,2.853,0.172
549,LiveMusic_1080P-514e,LiveMusic,1080,1920,1080,0.302,0.816,1.751,0.026
550,LiveMusic_1080P-51f6,LiveMusic,1080,1920,1080,1.073,0.516,7.411,0.152
551,LiveMusic_1080P-541f,LiveMusic,1080,1920,1080,1.424,0.41,1.214,0.387
552,LiveMusic_1080P-59b3,LiveMusic,1080,1440,1080,0.131,0.428,1.408,0.001
553,LiveMusic_1080P-6b1c,LiveMusic,1080,1920,1080,1.023,0.509,6.493,0.594
554,LiveMusic_1080P-6bbe,LiveMusic,1080,1920,1080,0.868,0.48,13.27,0.394
555,LiveMusic_1080P-6d1a,LiveMusic,1080,1920,1080,0.602,0.411,0.189,0.008
556,LiveMusic_1080P-6fe2,LiveMusic,1080,1920,1080,2.371,0.416,2.201,0.422
557,LiveMusic_1080P-77e8,LiveMusic,1080,1920,1080,1.207,0.206,1.226,0.061
558,LiveMusic_1080P-7948,LiveMusic,1080,1920,1080,1.285,0.745,8.342,0.651
559,LiveMusic_1080P-7ead,LiveMusic,1080,1920,1080,0.096,0.332,0.225,0
560,LiveMusic_360P-121f,LiveMusic,360,640,360,2.311,0.17,1.344,0.215
561,LiveMusic_360P-1d94,LiveMusic,360,640,360,1.377,0.238,0.893,0.47
562,LiveMusic_360P-22c5,LiveMusic,360,640,360,1.704,0.214,0.542,0.165
563,LiveMusic_360P-2508,LiveMusic,360,640,360,2.317,0.266,2.883,0.154
564,LiveMusic_360P-265c,LiveMusic,360,480,360,0.514,0.54,1.571,0.812
565,LiveMusic_360P-2b0f,LiveMusic,360,640,360,0.833,0.511,1.308,0.453
566,LiveMusic_360P-3979,LiveMusic,360,640,360,0.331,0.587,0.496,0.184
567,LiveMusic_360P-3b96,LiveMusic,360,640,360,0.411,0.139,0.087,0.144
568,LiveMusic_360P-3be0,LiveMusic,360,480,360,0.641,0.385,5.545,0.895
569,LiveMusic_360P-405c,LiveMusic,360,480,360,1.076,0.424,5.63,0.306
570,LiveMusic_360P-48d5,LiveMusic,360,640,360,2.219,0.172,3.759,0.18
571,LiveMusic_360P-5281,LiveMusic,360,640,360,2.227,0.156,1.081,0.285
572,LiveMusic_360P-54d0,LiveMusic,360,640,360,0.932,0.123,1.563,0.175
573,LiveMusic_360P-5b57,LiveMusic,360,640,360,0.921,0.297,0.495,0.176
574,LiveMusic_360P-6266,LiveMusic,360,640,360,0.7,0.519,1.899,0.329
575,LiveMusic_360P-6640,LiveMusic,360,640,360,2.295,0.123,3.437,0.155
576,LiveMusic_360P-6a65,LiveMusic,360,480,360,1.216,0.624,4.14,0.703
577,LiveMusic_360P-7483,LiveMusic,360,640,360,1.707,0.085,1.927,0.179
578,LiveMusic_480P-0638,LiveMusic,480,852,480,1.289,0.088,0.3,0.177
579,LiveMusic_480P-1a91,LiveMusic,480,720,480,1.539,0.356,11.787,0.538
580,LiveMusic_480P-2019,LiveMusic,480,640,480,1.103,0.594,2.955,0.582
581,LiveMusic_480P-2a5e,LiveMusic,480,640,480,2.248,0.28,0.698,0.371
582,LiveMusic_480P-331a,LiveMusic,480,640,480,1.597,0.321,3.132,0.6
583,LiveMusic_480P-34be,LiveMusic,480,640,480,1.124,0.309,0.811,0.413
584,LiveMusic_480P-38f3,LiveMusic,480,640,480,2.312,0.872,3.835,0.572
585,LiveMusic_480P-3d03,LiveMusic,480,720,480,1.044,0.562,21.701,0.738
586,LiveMusic_480P-427e,LiveMusic,480,720,480,4.085,0.835,33.355,0.64
587,LiveMusic_480P-459c,LiveMusic,480,640,480,2.469,0.572,13.774,0.292
588,LiveMusic_480P-474a,LiveMusic,480,640,480,0.339,0.549,2.634,0.081
589,LiveMusic_480P-4c3a,LiveMusic,480,640,480,1.12,0.093,0.698,0.572
590,LiveMusic_480P-4f88,LiveMusic,480,720,480,2.623,0.11,0.477,0.475
591,LiveMusic_480P-559d,LiveMusic,480,640,480,0.731,0.286,2.068,0.076
592,LiveMusic_480P-58fb,LiveMusic,480,640,480,1.366,0.494,3.734,0.374
593,LiveMusic_480P-61ef,LiveMusic,480,640,480,1.363,0.258,20.637,0.637
594,LiveMusic_480P-636e,LiveMusic,480,720,480,0.999,0.6,13.972,0.883
595,LiveMusic_480P-6542,LiveMusic,480,640,480,1.86,0.581,17.507,0.343
596,LiveMusic_480P-65ca,LiveMusic,480,640,480,0.439,0.09,1.607,0.19
597,LiveMusic_720P-0cd5,LiveMusic,720,1280,720,0.365,0.32,1.588,0.187
598,LiveMusic_720P-0d9f,LiveMusic,720,1280,720,2.399,0.337,1.89,0.153
599,LiveMusic_720P-2620,LiveMusic,720,1280,720,2.079,0.382,1.131,0.7
600,LiveMusic_720P-267b,LiveMusic,720,1280,720,1.698,0.211,7.377,0.543
601,LiveMusic_720P-289b,LiveMusic,720,1280,720,0.316,0.405,0.554,0.095
602,LiveMusic_720P-3320,LiveMusic,720,1280,720,0.266,0.759,1.423,0
603,LiveMusic_720P-4ae2,LiveMusic,720,1280,720,0.798,0.384,0.687,0.352
604,LiveMusic_720P-58db,LiveMusic,720,1280,720,2.212,0.289,8.639,0.501
605,LiveMusic_720P-6343,LiveMusic,720,1280,720,1.209,0.687,1.819,0.587
606,LiveMusic_720P-6452,LiveMusic,720,1280,720,1.09,0.74,0.737,0.258
607,LiveMusic_720P-653e,LiveMusic,720,1280,720,0.557,0.191,9.966,0.247
608,LiveMusic_720P-65f6,LiveMusic,720,1280,720,1.097,0.085,1.419,0.178
609,LiveMusic_720P-66df,LiveMusic,720,1280,720,1.106,0.269,0.464,0.188
610,LiveMusic_720P-71c5,LiveMusic,720,1280,720,0.769,0.474,8.304,0.674
611,LyricVideo_1080P-0075,LyricVideo,1080,1920,1080,1.103,0.728,10.573,0.219
612,LyricVideo_1080P-0625,LyricVideo,1080,1920,1080,0.522,0.162,0.202,0.093
613,LyricVideo_1080P-11f0,LyricVideo,1080,1920,1080,1.168,0.278,15.579,0.256
614,LyricVideo_1080P-12af,LyricVideo,1080,1920,1080,1.316,0.136,6.849,0.347
615,LyricVideo_1080P-16b6,LyricVideo,1080,1920,1080,1.138,0.226,6.292,0.251
616,LyricVideo_1080P-1b04,LyricVideo,1080,1440,1080,1.55,0.472,1.184,0
617,LyricVideo_1080P-1d75,LyricVideo,1080,1920,1080,1.308,0.002,0.007,0.129
618,LyricVideo_1080P-23db,LyricVideo,1080,1920,1080,2.313,0.277,27.473,0.368
619,LyricVideo_1080P-28e8,LyricVideo,1080,1440,1080,0.031,0.777,0.262,0.006
620,LyricVideo_1080P-2946,LyricVideo,1080,1920,1080,1.687,0.007,0.3,0.02
621,LyricVideo_1080P-3803,LyricVideo,1080,1920,1080,2.797,0.004,0.249,0.673
622,LyricVideo_1080P-3b60,LyricVideo,1080,1920,1080,0.313,0.007,0.042,0.152
623,LyricVideo_1080P-41ee,LyricVideo,1080,1920,1080,0.184,0.634,0.587,0.566
624,LyricVideo_1080P-4b40,LyricVideo,1080,1920,1080,0.943,0.448,6.782,0.844
625,LyricVideo_1080P-5461,LyricVideo,1080,1920,1080,0.269,0.486,2.017,0.191
626,LyricVideo_1080P-584f,LyricVideo,1080,1920,1080,2.489,0.21,7.818,0.175
627,LyricVideo_1080P-5a1f,LyricVideo,1080,1920,1080,0.17,0.362,0.803,0.088
628,LyricVideo_1080P-63d4,LyricVideo,1080,1920,1080,0.041,0.403,0.207,0
629,LyricVideo_1080P-63d9,LyricVideo,1080,1440,1080,1.463,0.141,0.708,0.148
630,LyricVideo_1080P-725e,LyricVideo,1080,1920,1080,0.554,0.126,0.477,0.97
631,LyricVideo_1080P-756a,LyricVideo,1080,1920,1080,1.251,0.044,0.853,0.096
632,LyricVideo_360P-0ac7,LyricVideo,360,480,360,1.613,0.241,4.452,0
633,LyricVideo_360P-17ce,LyricVideo,360,480,360,0.752,0.147,1.442,0.173
634,LyricVideo_360P-3afc,LyricVideo,360,480,360,1.564,0.001,0.917,0.077
635,LyricVideo_360P-5868,LyricVideo,360,640,360,0.381,0.061,0.705,0.177
636,LyricVideo_360P-5b54,LyricVideo,360,640,360,1.908,0.025,2.048,0.162
637,LyricVideo_360P-5e87,LyricVideo,360,640,360,1.245,0.006,0.252,0.105
638,LyricVideo_360P-7fb1,LyricVideo,360,640,360,0.448,0.009,0.259,0.982
639,LyricVideo_480P-0722,LyricVideo,480,640,480,2.77,0.541,0.579,0.098
640,LyricVideo_480P-0a5b,LyricVideo,480,640,480,1.833,0.007,0.553,0
641,LyricVideo_480P-0f72,LyricVideo,480,848,480,2.169,0.408,20.395,0.287
642,LyricVideo_480P-1484,LyricVideo,480,854,480,0.665,0.602,15.219,0.359
643,LyricVideo_480P-200a,LyricVideo,480,640,480,0.757,0.01,1.549,0.761
644,LyricVideo_480P-2c50,LyricVideo,480,640,480,3.138,0.039,1.061,0.569
645,LyricVideo_480P-3b2c,LyricVideo,480,720,480,2.763,0.277,7.601,0.726
646,LyricVideo_480P-3ccf,LyricVideo,480,640,480,1.743,0.349,0.491,0.225
647,LyricVideo_480P-4346,LyricVideo,480,854,480,0.437,0.339,3.305,0
648,LyricVideo_480P-51e4,LyricVideo,480,640,480,1.251,0.805,1.526,1.007
649,LyricVideo_480P-5c17,LyricVideo,480,640,480,1.284,0.091,9.177,0.828
650,LyricVideo_480P-6385,LyricVideo,480,640,480,2.558,0.602,0.412,0.088
651,LyricVideo_480P-6fca,LyricVideo,480,848,480,2.744,0.393,5.959,0.388
652,LyricVideo_480P-7919,LyricVideo,480,640,480,0.64,0.375,2.073,0.097
653,LyricVideo_720P-068d,LyricVideo,720,1280,720,1.306,0.002,0.006,0
654,LyricVideo_720P-081c,LyricVideo,720,1280,720,0.709,0.325,8.507,0.183
655,LyricVideo_720P-0940,LyricVideo,720,1280,720,1.007,0.454,0.584,0.656
656,LyricVideo_720P-09ed,LyricVideo,720,1280,720,0.948,0.234,7.29,0.093
657,LyricVideo_720P-0ae4,LyricVideo,720,1280,720,2.043,0.258,7.995,0.165
658,LyricVideo_720P-1c89,LyricVideo,720,1280,720,0.068,0.319,0.394,0.122
659,LyricVideo_720P-2d24,LyricVideo,720,1280,720,0.154,0.004,0.311,0
660,LyricVideo_720P-36fb,LyricVideo,720,1280,720,0.238,0.288,0.391,0.084
661,LyricVideo_720P-4253,LyricVideo,720,1280,720,2.262,0.008,0.524,0.078
662,LyricVideo_720P-47a9,LyricVideo,720,1280,720,0.735,0.558,9.037,0.427
663,LyricVideo_720P-59ed,LyricVideo,720,1280,720,0.86,0.114,0.039,0.05
664,LyricVideo_720P-5d3a,LyricVideo,720,960,720,0.203,0.387,1.386,0
665,LyricVideo_720P-6f0c,LyricVideo,720,1280,720,1.433,0.313,6.527,0.702
666,LyricVideo_720P-6fc9,LyricVideo,720,1280,720,0.465,0.636,1.009,0.638
667,LyricVideo_720P-7003,LyricVideo,720,1280,720,1.128,0.023,0.148,0.132
668,LyricVideo_720P-739a,LyricVideo,720,1280,720,0.829,0.008,0.026,1.024
669,LyricVideo_720P-74a0,LyricVideo,720,1280,720,2.745,0.091,1.711,0.005
670,LyricVideo_720P-7f44,LyricVideo,720,1280,720,1.384,0.001,0.084,0.091
671,MusicVideo_1080P-04b6,MusicVideo,1080,1920,1080,1.074,0.434,11.503,0.477
672,MusicVideo_1080P-0706,MusicVideo,1080,1920,1080,0.834,0.75,24.494,0.581
673,MusicVideo_1080P-0860,MusicVideo,1080,1920,1080,0.777,0.413,11.663,0.003
674,MusicVideo_1080P-106d,MusicVideo,1080,1440,1080,1.305,0.688,7.423,0.561
675,MusicVideo_1080P-16e6,MusicVideo,1080,1920,1080,0.745,0.402,13.741,0.119
676,MusicVideo_1080P-18f5,MusicVideo,1080,1920,1080,1.612,0.529,19.04,0.589
677,MusicVideo_1080P-1a53,MusicVideo,1080,1920,1080,0.259,0.655,1.131,0.167
678,MusicVideo_1080P-24f5,MusicVideo,1080,1920,1080,2.633,0.343,4.678,0.185
679,MusicVideo_1080P-2b2b,MusicVideo,1080,1920,1080,0.203,0.743,1.087,0
680,MusicVideo_1080P-2d1c,MusicVideo,1080,1440,1080,2.417,0.545,8.112,0.402
681,MusicVideo_1080P-34ff,MusicVideo,1080,1440,1080,1.812,0.514,14.935,0.495
682,MusicVideo_1080P-3a50,MusicVideo,1080,1920,1080,0.25,0.497,1.605,0.603
683,MusicVideo_1080P-453f,MusicVideo,1080,1920,1080,0.819,0.56,13.977,0.013
684,MusicVideo_1080P-4671,MusicVideo,1080,1920,1080,1.236,0.676,4.379,0.748
685,MusicVideo_1080P-4b61,MusicVideo,1080,1920,1080,0.487,0.494,12.556,1.07
686,MusicVideo_1080P-5072,MusicVideo,1080,1920,1080,1.953,0.166,0.346,0.307
687,MusicVideo_1080P-55af,MusicVideo,1080,1920,1080,3.561,0.662,17.064,0.868
688,MusicVideo_1080P-59c4,MusicVideo,1080,1920,1080,2.06,0.305,10.301,0.566
689,MusicVideo_1080P-5f03,MusicVideo,1080,1920,1080,0.325,0.611,0.66,0.011
690,MusicVideo_1080P-6260,MusicVideo,1080,1920,1080,1.604,0.7,13.999,0.14
691,MusicVideo_1080P-65c6,MusicVideo,1080,1920,1080,0.154,0.408,0.396,0.183
692,MusicVideo_1080P-6c1d,MusicVideo,1080,1920,1080,1.551,0.46,10.577,0.124
693,MusicVideo_1080P-6c88,MusicVideo,1080,1920,1080,0.332,0.641,3.143,0.089
694,MusicVideo_1080P-6fb1,MusicVideo,1080,1440,1080,1.486,0.638,8.853,0.413
695,MusicVideo_1080P-7265,MusicVideo,1080,1920,1080,0.403,0.458,1.179,0.078
696,MusicVideo_1080P-7706,MusicVideo,1080,1920,1080,0.384,0.698,1.004,1.093
697,MusicVideo_1080P-7736,MusicVideo,1080,1920,1080,1.394,0.338,3.386,0.087
698,MusicVideo_1080P-7f2e,MusicVideo,1080,1920,1080,3.041,0.623,13.946,0.716
699,MusicVideo_360P-08cb,MusicVideo,360,640,360,1.016,0.23,3.362,0.138
700,MusicVideo_360P-17e4,MusicVideo,360,640,360,0.85,0.229,1.716,0.172
701,MusicVideo_360P-24b0,MusicVideo,360,640,360,0.822,0.229,2.392,0.266
702,MusicVideo_360P-2fcb,MusicVideo,360,640,360,1.363,0.097,0.742,0.257
703,MusicVideo_360P-462f,MusicVideo,360,640,360,1.659,0.021,2.054,0.303
704,MusicVideo_360P-4de7,MusicVideo,360,480,360,1.098,0.258,2.27,0.161
705,MusicVideo_360P-5358,MusicVideo,360,640,360,0.646,0.384,1.745,0.517
706,MusicVideo_360P-5578,MusicVideo,360,480,360,0.664,0.141,2.014,0.256
707,MusicVideo_360P-5699,MusicVideo,360,640,360,0.786,0.184,3.424,0.268
708,MusicVideo_360P-5f07,MusicVideo,360,640,360,0.782,0.461,2.791,0.354
709,MusicVideo_360P-5f8d,MusicVideo,360,640,360,1.153,0.318,2.201,0.4
710,MusicVideo_360P-648c,MusicVideo,360,640,360,0.153,0.564,0.205,0.898
711,MusicVideo_360P-7b94,MusicVideo,360,640,360,0.932,0.458,2.781,0.458
712,MusicVideo_480P-001f,MusicVideo,480,720,480,1.278,0.478,8.87,0.158
713,MusicVideo_480P-0448,MusicVideo,480,640,480,2.843,0.021,2.076,0.467
714,MusicVideo_480P-12fb,MusicVideo,480,640,480,1.552,0.198,2.874,0.329
715,MusicVideo_480P-184c,MusicVideo,480,640,480,0.788,0.404,2.302,0.157
716,MusicVideo_480P-1eee,MusicVideo,480,640,480,1.225,0.263,2.539,0
717,MusicVideo_480P-2de0,MusicVideo,480,656,480,0.919,0.27,2.246,0.097
718,MusicVideo_480P-3aa2,MusicVideo,480,854,480,0.329,0.438,1.223,1.274
719,MusicVideo_480P-3c8b,MusicVideo,480,640,480,2.417,0.508,1.904,0.744
720,MusicVideo_480P-41ce,MusicVideo,480,720,480,0.882,0.459,3.074,0
721,MusicVideo_480P-4802,MusicVideo,480,854,480,1.164,0.186,3.664,0.077
722,MusicVideo_480P-483b,MusicVideo,480,720,480,1.119,1.03,6.618,0.061
723,MusicVideo_480P-4cc8,MusicVideo,480,854,480,0.523,0.515,0.916,0.069
724,MusicVideo_480P-5461,MusicVideo,480,854,480,1.279,0.304,10.068,0.237
725,MusicVideo_480P-5830,MusicVideo,480,640,480,1.589,0.629,12.749,0.72
726,MusicVideo_480P-6026,MusicVideo,480,640,480,1.632,0.604,2.166,0.57
727,MusicVideo_480P-61ba,MusicVideo,480,720,480,0.938,0.935,2.224,0.087
728,MusicVideo_480P-66b2,MusicVideo,480,640,480,0.193,0.247,1.469,0.129
729,MusicVideo_480P-6fb6,MusicVideo,480,640,480,0.131,0.186,0.722,0
730,MusicVideo_480P-7643,MusicVideo,480,1080,480,1.028,0.18,0.262,0.183
731,MusicVideo_480P-7955,MusicVideo,480,854,480,1.093,0.356,8.244,0.372
732,MusicVideo_720P-0355,MusicVideo,720,1280,720,1.638,0.751,17.183,0.566
733,MusicVideo_720P-0752,MusicVideo,720,1280,720,1.384,0.297,8.585,0.395
734,MusicVideo_720P-14f0,MusicVideo,720,1280,720,0.128,0.229,0.158,0.054
735,MusicVideo_720P-2d7d,MusicVideo,720,1280,720,0.571,0.366,8.576,0.117
736,MusicVideo_720P-3698,MusicVideo,720,1280,720,2.153,0.159,2.759,0.258
737,MusicVideo_720P-3b11,MusicVideo,720,960,720,0.594,0.326,1.442,0.504
738,MusicVideo_720P-3c4c,MusicVideo,720,1280,720,1.161,0.282,1.985,0
739,MusicVideo_720P-4179,MusicVideo,720,1280,720,0.367,0.455,1.017,0.453
740,MusicVideo_720P-44c1,MusicVideo,720,1280,720,1.091,0.392,4.417,0.307
741,MusicVideo_720P-4895,MusicVideo,720,1280,720,0.597,0.384,1.282,0.365
742,MusicVideo_720P-4ad2,MusicVideo,720,1280,720,0.743,0.256,2.588,0.166
743,MusicVideo_720P-575d,MusicVideo,720,1280,720,2.335,0.759,12.503,0.578
744,MusicVideo_720P-5c9c,MusicVideo,720,1280,720,0.928,0.675,15.602,0.228
745,MusicVideo_720P-62df,MusicVideo,720,1280,720,1.118,0.301,0.986,0.084
746,MusicVideo_720P-734f,MusicVideo,720,1280,720,0.472,0.378,1.394,0.072
747,MusicVideo_720P-7501,MusicVideo,720,1280,720,1.687,0.841,9.262,0.02
748,MusicVideo_720P-7bcf,MusicVideo,720,1280,720,0.254,0.566,2.203,0
749,NewsClip_1080P-00c3,NewsClip,1080,1920,1080,1.363,0.318,1.785,0.097
750,NewsClip_1080P-02fd,NewsClip,1080,1920,1080,0.651,0.555,0.362,0.425
751,NewsClip_1080P-06df,NewsClip,1080,1920,1080,1.017,0.21,1.797,0.183
752,NewsClip_1080P-0abf,NewsClip,1080,1920,1080,1.56,0.604,5.635,0.518
753,NewsClip_1080P-1db0,NewsClip,1080,1920,1080,2.263,0.094,1.189,0.193
754,NewsClip_1080P-22b3,NewsClip,1080,1440,1080,1.182,0.53,3.767,0.41
755,NewsClip_1080P-27fb,NewsClip,1080,1920,1080,1.873,0.337,1.639,0.262
756,NewsClip_1080P-2eb0,NewsClip,1080,1920,1080,0.934,0.548,2.505,0.183
757,NewsClip_1080P-3427,NewsClip,1080,1920,1080,0.889,0.252,4.491,0.176
758,NewsClip_1080P-3c7c,NewsClip,1080,1920,1080,2.083,0.129,2.057,0.194
759,NewsClip_1080P-4241,NewsClip,1080,1920,1080,0.754,0.291,4.905,0.532
760,NewsClip_1080P-48ae,NewsClip,1080,1920,1080,0.786,0.173,0.431,0.111
761,NewsClip_1080P-5b53,NewsClip,1080,1920,1080,0.927,0.161,0.279,0.246
762,NewsClip_1080P-5be1,NewsClip,1080,1920,1080,0.831,0.243,4.903,0.186
763,NewsClip_1080P-632e,NewsClip,1080,1920,1080,0.914,0.545,5.022,0.311
764,NewsClip_1080P-67dc,NewsClip,1080,1920,1080,2.006,0.355,5.893,0.181
765,NewsClip_1080P-7816,NewsClip,1080,1920,1080,0.84,0.279,7.782,0.15
766,NewsClip_360P-0376,NewsClip,360,640,360,1.162,0.207,4.811,0.671
767,NewsClip_360P-0c17,NewsClip,360,480,360,2.35,0.267,0.789,0.426
768,NewsClip_360P-0ff8,NewsClip,360,640,360,1.222,0.119,7.164,0.537
769,NewsClip_360P-1093,NewsClip,360,480,360,1.494,0.118,1.845,0.177
770,NewsClip_360P-12fc,NewsClip,360,480,360,1.315,0.357,4.818,0.498
771,NewsClip_360P-1b1c,NewsClip,360,640,360,1.773,0.159,3.991,0.199
772,NewsClip_360P-1e1c,NewsClip,360,480,360,1.656,0.181,3.381,0.098
773,NewsClip_360P-1eae,NewsClip,360,640,360,0.741,0.037,0.433,0.74
774,NewsClip_360P-22ce,NewsClip,360,480,360,2.492,0.21,14.186,0.1
775,NewsClip_360P-274e,NewsClip,360,480,360,2.413,0.343,8.297,0.153
776,NewsClip_360P-2986,NewsClip,360,640,360,1.151,0.194,3.849,0.235
777,NewsClip_360P-2c91,NewsClip,360,480,320,2.261,0.359,2.25,0.184
778,NewsClip_360P-311a,NewsClip,360,480,360,1.019,0.226,2.349,0.345
779,NewsClip_360P-3451,NewsClip,360,480,320,1.224,0.361,1.443,0.337
780,NewsClip_360P-4288,NewsClip,360,640,352,2.08,0.161,7.559,0.259
781,NewsClip_360P-439a,NewsClip,360,480,320,2.396,0.064,1.772,0.268
782,NewsClip_360P-4417,NewsClip,360,480,320,2.585,0.199,5.959,0.148
783,NewsClip_360P-5052,NewsClip,360,640,360,1.767,0.268,6.692,0.179
784,NewsClip_360P-5752,NewsClip,360,480,360,2.342,0.216,9.723,0.303
785,NewsClip_360P-5bcc,NewsClip,360,480,360,1.07,0.151,5.161,0.142
786,NewsClip_360P-5f3b,NewsClip,360,480,360,1.226,0.454,2.535,0.451
787,NewsClip_360P-66ae,NewsClip,360,480,360,1.831,0.088,6.699,0.264
788,NewsClip_360P-67ce,NewsClip,360,640,360,1.246,0.193,1.08,0.225
789,NewsClip_360P-7a96,NewsClip,360,480,360,1.224,0.35,8.592,0.275
790,NewsClip_480P-0269,NewsClip,480,720,480,0.999,0.615,3.396,0.275
791,NewsClip_480P-0ce5,NewsClip,480,720,480,1.246,0.3,1.22,0.549
792,NewsClip_480P-15fa,NewsClip,480,640,480,2.593,0.233,10.042,0.182
793,NewsClip_480P-2407,NewsClip,480,640,480,2.138,0.825,1.714,0.445
794,NewsClip_480P-2642,NewsClip,480,600,480,0.71,0.247,0.742,0.096
795,NewsClip_480P-28eb,NewsClip,480,728,480,0.838,0.242,0.575,0.447
796,NewsClip_480P-2b9b,NewsClip,480,640,480,1.291,0.641,9.867,0.543
797,NewsClip_480P-2ba7,NewsClip,480,640,480,1.158,0.468,2.684,0.555
798,NewsClip_480P-31bd,NewsClip,480,854,480,0.78,0.04,0.392,0.464
799,NewsClip_480P-3672,NewsClip,480,640,480,2.845,0.164,7.651,0.183
800,NewsClip_480P-36d0,NewsClip,480,640,480,1.916,0.16,4.924,0.181
801,NewsClip_480P-4072,NewsClip,480,600,480,0.686,0.257,0.66,0.096
802,NewsClip_480P-41b1,NewsClip,480,854,480,0.934,0.177,4.845,0.192
803,NewsClip_480P-437c,NewsClip,480,720,480,2.361,0.467,4.98,0.412
804,NewsClip_480P-49c9,NewsClip,480,640,480,1.793,0.226,9.687,0.175
805,NewsClip_480P-4a9f,NewsClip,480,720,480,1.285,0.473,4.305,0.323
806,NewsClip_480P-4e77,NewsClip,480,854,480,1.32,0.211,7.775,0.365
807,NewsClip_480P-543f,NewsClip,480,856,480,0.937,0.298,3.37,0.51
808,NewsClip_480P-5a3b,NewsClip,480,640,480,0.967,0.475,3.463,0.026
809,NewsClip_480P-5e7f,NewsClip,480,640,480,1.883,0.106,0.72,0.087
810,NewsClip_480P-606e,NewsClip,480,856,480,0.902,0.262,3.87,0.63
811,NewsClip_480P-6615,NewsClip,480,854,480,0.877,0.153,3.36,0.506
812,NewsClip_480P-696e,NewsClip,480,640,480,1.244,0.139,2.98,0.136
813,NewsClip_480P-6bfa,NewsClip,480,640,480,1.862,0.503,9.337,0.262
814,NewsClip_480P-7232,NewsClip,480,856,480,2.045,0.262,2.641,0.292
815,NewsClip_480P-72b8,NewsClip,480,640,480,1.649,0.317,5.758,0.208
816,NewsClip_480P-7a0d,NewsClip,480,640,480,2.201,0.194,1.011,0.168
817,NewsClip_720P-04ba,NewsClip,720,1280,720,0.86,0.281,1.873,0.079
818,NewsClip_720P-0c81,NewsClip,720,1280,720,1.799,0.076,0.62,0.178
819,NewsClip_720P-1971,NewsClip,720,1280,720,1.718,0.498,7.472,0.343
820,NewsClip_720P-2182,NewsClip,720,1280,720,2.914,0.486,3.219,0.349
821,NewsClip_720P-23e0,NewsClip,720,1280,720,2.481,0.28,5.277,0.144
822,NewsClip_720P-2882,NewsClip,720,1280,720,1.045,0.469,2.964,0.426
823,NewsClip_720P-35d9,NewsClip,720,1280,720,0.319,0.291,0.732,0.033
824,NewsClip_720P-37f7,NewsClip,720,1280,720,0.989,0.294,5.926,0.258
825,NewsClip_720P-4603,NewsClip,720,1280,720,0.929,0.143,1.199,0.303
826,NewsClip_720P-4e87,NewsClip,720,1280,720,1.127,0.468,7.243,0.627
827,NewsClip_720P-5564,NewsClip,720,1280,720,1.489,0.196,7.392,0.259
828,NewsClip_720P-5787,NewsClip,720,1280,720,0.928,0.467,6.622,0.461
829,NewsClip_720P-579b,NewsClip,720,1280,720,1.47,0.472,4.617,0.273
830,NewsClip_720P-5d89,NewsClip,720,1280,720,0.795,0.279,3.534,0.481
831,NewsClip_720P-6016,NewsClip,720,1280,720,1.83,0.159,3.463,0.18
832,NewsClip_720P-6106,NewsClip,720,1280,720,1.976,0.486,5.797,0.147
833,NewsClip_720P-672c,NewsClip,720,1280,720,0.949,0.484,7.456,0.444
834,NewsClip_720P-6a19,NewsClip,720,1280,720,0.852,0.168,3.732,0.143
835,NewsClip_720P-6aa6,NewsClip,720,1280,720,1.609,0.046,0.438,0.396
836,NewsClip_720P-6cde,NewsClip,720,1280,720,2.053,0.158,1.836,0.478
837,NewsClip_720P-72d2,NewsClip,720,1280,720,1.51,0.322,9.788,0.182
838,NewsClip_720P-7345,NewsClip,720,1280,720,2.267,0.225,1.634,0.141
839,NewsClip_720P-739b,NewsClip,720,1280,720,1.129,0.42,0.322,0.693
840,NewsClip_720P-7745,NewsClip,720,1280,720,0.637,0.351,1.868,0.466
841,NewsClip_720P-7b7e,NewsClip,720,1280,720,2.054,0.307,0.515,0.464
842,NewsClip_720P-7b97,NewsClip,720,1280,720,0.451,0.3,0.643,0.054
843,NewsClip_720P-7c67,NewsClip,720,1280,720,0.984,0.067,3.542,0.18
844,NewsClip_720P-7e56,NewsClip,720,1280,720,0.991,0.026,0.581,0.111
845,Sports_1080P-0063,Sports,1080,1920,1080,3.185,0.538,10.673,0.098
846,Sports_1080P-0640,Sports,1080,1920,1080,1.129,0.645,2.562,0.533
847,Sports_1080P-08e1,Sports,1080,1920,1080,2.066,0.374,11.307,0.198
848,Sports_1080P-0d0c,Sports,1080,1920,1080,3.04,0.182,1.405,0.424
849,Sports_1080P-15d1,Sports,1080,1920,1080,2.512,0.189,0.623,0.212
850,Sports_1080P-19d8,Sports,1080,1920,1080,1.037,0.104,0.028,0.191
851,Sports_1080P-1ae3,Sports,1080,1440,1080,2.557,0.454,6.506,0.299
852,Sports_1080P-1bf7,Sports,1080,1920,1080,2.154,0.209,5.157,0.088
853,Sports_1080P-1d78,Sports,1080,1920,1080,2.754,0.662,5.746,0.185
854,Sports_1080P-241e,Sports,1080,1920,1080,2.521,0.199,5.166,0.164
855,Sports_1080P-2524,Sports,1080,1920,1080,1.561,0.2,0.672,0.121
856,Sports_1080P-28a6,Sports,1080,1920,1080,1.239,0.138,0.146,0.13
857,Sports_1080P-2a21,Sports,1080,1920,1080,0.857,0.515,5.413,0.275
858,Sports_1080P-3a3b,Sports,1080,1440,1080,1.826,0.742,4.223,0.046
859,Sports_1080P-3db7,Sports,1080,1440,1080,1.372,0.308,2.409,0.311
860,Sports_1080P-3eb0,Sports,1080,1920,1080,0.364,0.576,1.008,0.241
861,Sports_1080P-43e2,Sports,1080,1920,1080,1.736,0.174,4.118,0.088
862,Sports_1080P-46ed,Sports,1080,1920,1080,2.623,0.497,12.383,0.147
863,Sports_1080P-47e9,Sports,1080,1920,1080,1.087,0.143,9.728,0.307
864,Sports_1080P-4978,Sports,1080,1920,1080,1.742,0.104,0.603,0.076
865,Sports_1080P-49c5,Sports,1080,1920,1080,0.335,0.373,1.217,0.073
866,Sports_1080P-4e05,Sports,1080,1920,1080,2.4,0.666,6.433,0.132
867,Sports_1080P-53a0,Sports,1080,1920,1080,2.805,0.632,11.721,0.181
868,Sports_1080P-5d25,Sports,1080,1920,1080,3.072,0.655,12.538,0.173
869,Sports_1080P-6571,Sports,1080,1920,1080,1.209,0.412,1.758,0.24
870,Sports_1080P-6710,Sports,1080,1920,1080,1.433,0.205,5.045,0.094
871,Sports_1080P-679d,Sports,1080,1920,1080,0.893,0.377,5.007,0.344
872,Sports_1080P-7203,Sports,1080,1920,1080,1.328,0.78,1.272,0.059
873,Sports_1080P-7584,Sports,1080,1920,1080,1.187,0.605,2.385,0.087
874,Sports_1080P-76a2,Sports,1080,1920,1080,1.142,0.328,1.813,0.128
875,Sports_1080P-7dba,Sports,1080,1440,1080,2.594,0.244,6.604,0.181
876,Sports_2160P-0455,Sports,2160,3840,2160,1.789,0.368,2.071,0.072
877,Sports_2160P-086d,Sports,2160,3840,2160,0.892,0.528,0.311,0.178
878,Sports_2160P-1261,Sports,2160,3840,2160,0.646,0.273,0.676,0.093
879,Sports_2160P-1733,Sports,2160,3840,2160,0.745,0.271,4.884,0.262
880,Sports_2160P-1b70,Sports,2160,3840,2160,1.121,0.337,0.686,0.385
881,Sports_2160P-1ddc,Sports,2160,3840,2160,0.529,0.39,1.261,0.073
882,Sports_2160P-210c,Sports,2160,3840,2160,2.29,0.168,0.579,0.169
883,Sports_2160P-2568,Sports,2160,3840,2160,0.552,0.346,2.078,0.173
884,Sports_2160P-2626,Sports,2160,3840,2160,0.812,0.64,0.47,0.399
885,Sports_2160P-279f,Sports,2160,3840,2160,0.795,0.134,0.217,0.235
886,Sports_2160P-2a83,Sports,2160,3840,2160,1.23,0.298,0.301,0.174
887,Sports_2160P-2e1d,Sports,2160,3840,2160,0.924,0.617,5.603,0.373
888,Sports_2160P-2eda,Sports,2160,3840,2160,2.11,0.159,0.682,0.091
889,Sports_2160P-300d,Sports,2160,3840,2160,0.3,0.707,1.175,0.067
890,Sports_2160P-324e,Sports,2160,3840,2160,1.063,0.333,1.81,0.094
891,Sports_2160P-3794,Sports,2160,3840,2160,1.124,0.901,1.412,0.242
892,Sports_2160P-391a,Sports,2160,3840,2160,2.202,0.199,1.461,0.074
893,Sports_2160P-3a9a,Sports,2160,3840,2160,0.821,0.597,4.967,0.472
894,Sports_2160P-3d85,Sports,2160,3840,2160,2.06,0.35,5.938,0.218
895,Sports_2160P-4024,Sports,2160,3840,2160,0.659,0.64,1.808,0.176
896,Sports_2160P-4201,Sports,2160,3840,2160,0.15,0.665,1.481,0.074
897,Sports_2160P-49f1,Sports,2160,3840,2160,1.019,0.311,4.807,0.287
898,Sports_2160P-4aae,Sports,2160,3840,2160,0.675,0.3,0.139,0.093
899,Sports_2160P-4e9f,Sports,2160,3840,2160,2.242,0.251,1.259,0.177
900,Sports_2160P-5ef3,Sports,2160,3840,2160,2.169,0.377,0.776,0.264
901,Sports_2160P-69b9,Sports,2160,3840,2160,0.431,0.34,0.195,0.379
902,Sports_2160P-6b28,Sports,2160,3840,2160,0.52,0.14,0.252,0.662
903,Sports_2160P-7165,Sports,2160,3840,2160,1.333,0.247,0.767,0.058
904,Sports_2160P-7a11,Sports,2160,3840,2160,2.369,0.344,2.208,0.135
905,Sports_2160P-7af7,Sports,2160,3840,2160,1.072,0.414,0.227,0.56
906,Sports_2160P-7af8,Sports,2160,3840,2160,0.508,0.621,0.897,0.43
907,Sports_2160P-7bbe,Sports,2160,3840,2160,2.102,0.357,0.307,0.179
908,Sports_360P-02c3,Sports,360,640,360,1.87,0.16,1.311,0.184
909,Sports_360P-0c66,Sports,360,720,360,2.776,0.181,4.425,0.178
910,Sports_360P-0dda,Sports,360,768,432,2.002,0.332,6.688,0.262
911,Sports_360P-11b7,Sports,360,480,360,0.968,0.343,4.386,0
912,Sports_360P-1803,Sports,360,720,400,1.15,0.359,7.937,0.19
913,Sports_360P-1d5c,Sports,360,640,360,2.882,0.307,16.533,0.143
914,Sports_360P-2725,Sports,360,640,352,1.204,0.538,1.996,0.346
915,Sports_360P-27b0,Sports,360,640,352,1.998,0.215,1.624,0.156
916,Sports_360P-2ace,Sports,360,720,412,1.202,0.402,6.417,0.288
917,Sports_360P-2e48,Sports,360,512,384,1.239,0.624,4.082,0.307
918,Sports_360P-301d,Sports,360,720,400,2.574,0.41,17.187,0.164
919,Sports_360P-32d3,Sports,360,640,352,3.087,0.419,7.356,0.485
920,Sports_360P-3960,Sports,360,480,360,1.061,0.308,2.242,0.252
921,Sports_360P-3e68,Sports,360,640,360,0.73,0.319,1.21,0
922,Sports_360P-4545,Sports,360,624,464,1.079,0.412,7.785,0.177
923,Sports_360P-4802,Sports,360,628,468,1.221,0.56,5.246,0.192
924,Sports_360P-4ad7,Sports,360,632,468,0.926,0.519,6.026,0.196
925,Sports_360P-50fd,Sports,360,718,366,2.967,0.543,10.05,0.581
926,Sports_360P-5252,Sports,360,624,464,0.933,0.414,4.008,0.213
927,Sports_360P-5ded,Sports,360,684,384,3.135,0.098,0.926,0.003
928,Sports_360P-61f6,Sports,360,720,400,2.606,0.06,2.912,0.259
929,Sports_360P-65f3,Sports,360,360,360,2.971,0.13,3.675,0.088
930,Sports_360P-6b4f,Sports,360,720,406,3.086,0.265,4.21,0.329
931,Sports_360P-6c6f,Sports,360,480,360,3.418,0.24,3.519,0.569
932,Sports_360P-6f62,Sports,360,640,360,1.412,0.276,0.664,0.386
933,Sports_360P-7f50,Sports,360,624,464,2.298,0.43,9.103,0.137
934,Sports_480P-0623,Sports,480,720,576,2.868,0.666,14.05,0.425
935,Sports_480P-0827,Sports,480,720,576,1.781,0.672,1.745,0.092
936,Sports_480P-0af9,Sports,480,640,480,1.904,0.025,0.523,0.157
937,Sports_480P-0bb9,Sports,480,720,576,1.237,0.585,8.146,0.399
938,Sports_480P-0efe,Sports,480,848,480,1.703,0.441,2.766,0.094
939,Sports_480P-1019,Sports,480,768,576,0.64,0.64,8.481,0.015
940,Sports_480P-1056,Sports,480,720,576,2.883,0.553,13.768,0.121
941,Sports_480P-11ec,Sports,480,720,480,0.795,0.682,1.839,0
942,Sports_480P-1396,Sports,480,720,576,1.121,0.655,11.618,0.043
943,Sports_480P-19e4,Sports,480,854,480,2.786,0.176,7.268,0.15
944,Sports_480P-1d1b,Sports,480,768,576,2.636,0.778,8.679,0
945,Sports_480P-1fe9,Sports,480,720,480,3.206,0.553,6.742,0.415
946,Sports_480P-2053,Sports,480,720,576,1.252,0.328,13.465,0.305
947,Sports_480P-211f,Sports,480,352,480,2.975,0.222,6.333,0.542
948,Sports_480P-2dfe,Sports,480,720,576,0.992,0.367,1.331,0.179
949,Sports_480P-3195,Sports,480,720,576,2.402,0.454,25.251,0.192
950,Sports_480P-3404,Sports,480,854,480,1.161,0.099,0.345,0.185
951,Sports_480P-35ea,Sports,480,720,480,2.901,0.378,7.81,0.579
952,Sports_480P-3ca4,Sports,480,720,576,3.143,0.738,7.118,0
953,Sports_480P-3dfd,Sports,480,640,480,0.744,0.148,0.985,0.093
954,Sports_480P-3f50,Sports,480,960,540,2.273,0.315,10.852,0.283
955,Sports_480P-41a5,Sports,480,854,480,2.815,0.728,20.017,0.168
956,Sports_480P-44e5,Sports,480,720,576,3.457,0.699,16.666,0.399
957,Sports_480P-4cf8,Sports,480,720,576,2.945,0.824,7.151,0.183
958,Sports_480P-5224,Sports,480,640,480,0.8,0.795,2.207,0.547
959,Sports_480P-5871,Sports,480,640,480,1.368,0.517,4.154,0.488
960,Sports_480P-5f38,Sports,480,360,640,0.655,0.084,0.241,0.192
961,Sports_480P-6508,Sports,480,720,576,1.593,0.695,3.601,0.085
962,Sports_480P-6e41,Sports,480,720,576,1.752,0.397,3.968,0.392
963,Sports_480P-77e3,Sports,480,720,480,2.572,0.292,7.375,0.456
964,Sports_480P-7f7e,Sports,480,720,576,0.748,0.462,1.239,0.196
965,Sports_720P-00a1,Sports,720,1280,960,2.511,0.7,3.109,0.114
966,Sports_720P-0104,Sports,720,1280,720,3.014,0.139,4.674,0.162
967,Sports_720P-058f,Sports,720,1280,720,2.882,0.625,11.062,0.254
968,Sports_720P-07d0,Sports,720,1280,720,1.022,0.037,0.296,0.156
969,Sports_720P-0b9e,Sports,720,1280,720,3.117,0.607,11.316,0.219
970,Sports_720P-17fb,Sports,720,1280,720,1.352,0.762,8.807,0.121
971,Sports_720P-2191,Sports,720,1280,720,1.031,0.425,2.377,0.099
972,Sports_720P-2234,Sports,720,1280,720,1.995,0.24,8.48,0.226
973,Sports_720P-2632,Sports,720,1280,720,1.553,0.555,12.375,0.07
974,Sports_720P-2c06,Sports,720,1280,720,1.74,0.356,10.846,0.183
975,Sports_720P-2c80,Sports,720,1280,720,2.947,0.415,4.429,0.286
976,Sports_720P-3072,Sports,720,1280,720,0.92,0.708,2.035,0.376
977,Sports_720P-3338,Sports,720,1280,720,1.308,0.296,0.44,0.327
978,Sports_720P-33c6,Sports,720,1280,720,1.001,0.684,0.157,0.255
979,Sports_720P-38a1,Sports,720,1280,720,1.028,0.298,4.121,0.046
980,Sports_720P-3eb4,Sports,720,1280,720,0.813,0.065,0.164,0.168
981,Sports_720P-3ffe,Sports,720,1280,720,1.358,0.624,8.423,0.194
982,Sports_720P-4b69,Sports,720,1280,720,3.523,0.187,1.547,0.205
983,Sports_720P-4c6f,Sports,720,1280,720,1.204,0.255,9.249,0.206
984,Sports_720P-50cf,Sports,720,1280,720,2.829,0.567,1.469,0.414
985,Sports_720P-531c,Sports,720,1280,720,1.766,0.167,1.049,0.171
986,Sports_720P-5833,Sports,720,1280,720,1.075,0.334,4.737,0.511
987,Sports_720P-5ae1,Sports,720,1280,720,2.539,0.135,0.143,0.463
988,Sports_720P-5bfd,Sports,720,1280,960,0.814,0.302,3.42,0.294
989,Sports_720P-5e39,Sports,720,1280,720,1.456,0.133,0.423,0.092
990,Sports_720P-5ea4,Sports,720,1280,720,3.02,0.481,11.973,0.185
991,Sports_720P-62ba,Sports,720,1280,720,1.236,0.366,0.472,0.47
992,Sports_720P-6365,Sports,720,1280,720,2.446,0.597,5.946,0.185
993,Sports_720P-675b,Sports,720,1280,720,1.094,0.68,1.187,0.089
994,Sports_720P-69a0,Sports,720,1280,720,1.007,0.37,0.806,0.185
995,Sports_720P-6bb7,Sports,720,1280,720,0.812,0.473,1.895,0.125
996,Sports_720P-6d04,Sports,720,1280,720,2.884,0.473,5.336,0.507
997,Sports_720P-7ba7,Sports,720,1280,720,2.399,0.325,0.614,0.419
998,TelevisionClip_1080P-0604,TelevisionClip,1080,1920,1080,2.261,0.549,5.95,0.348
999,TelevisionClip_1080P-3758,TelevisionClip,1080,1920,1080,0.694,0.368,0.692,0.302
1000,TelevisionClip_1080P-39e3,TelevisionClip,1080,1440,1080,1.539,0.312,1.643,0.158
1001,TelevisionClip_1080P-3b9b,TelevisionClip,1080,1920,1080,2.749,0.024,1.312,0.191
1002,TelevisionClip_1080P-3d10,TelevisionClip,1080,1920,1080,1.04,0.059,1.28,0.075
1003,TelevisionClip_1080P-3d83,TelevisionClip,1080,1920,1080,0.329,0.487,0.533,0.077
1004,TelevisionClip_1080P-3e42,TelevisionClip,1080,1440,1080,0.14,0.719,0.836,0.353
1005,TelevisionClip_1080P-401e,TelevisionClip,1080,1920,1080,0.747,0.167,1.454,0.23
1006,TelevisionClip_1080P-4c24,TelevisionClip,1080,1920,1080,2.413,0.269,1.185,0.186
1007,TelevisionClip_1080P-4c94,TelevisionClip,1080,1920,1080,0.299,0.532,0.909,0.078
1008,TelevisionClip_1080P-525d,TelevisionClip,1080,1920,1080,1.987,0.358,11.398,0.308
1009,TelevisionClip_1080P-5278,TelevisionClip,1080,1920,1080,1.105,0.248,0.872,0.5
1010,TelevisionClip_1080P-5e68,TelevisionClip,1080,1920,1080,1.873,0.207,9.471,0.266
1011,TelevisionClip_1080P-6026,TelevisionClip,1080,1920,1080,0.698,0.168,0.899,0.418
1012,TelevisionClip_1080P-6282,TelevisionClip,1080,1920,1080,0.74,0.175,0.574,0.16
1013,TelevisionClip_1080P-63e6,TelevisionClip,1080,1920,1080,1.366,0.177,2.328,0.187
1014,TelevisionClip_1080P-64e2,TelevisionClip,1080,1920,1080,0.559,0.238,1.229,0
1015,TelevisionClip_1080P-68c6,TelevisionClip,1080,1920,1080,1.948,0.45,11.912,0.142
1016,TelevisionClip_1080P-7eff,TelevisionClip,1080,1920,1080,1.067,0.538,1.306,0.341
1017,TelevisionClip_360P-0951,TelevisionClip,360,642,360,0.96,0.072,0.519,0.499
1018,TelevisionClip_360P-11d5,TelevisionClip,360,540,360,2.138,0.156,4.531,0.189
1019,TelevisionClip_360P-29f1,TelevisionClip,360,480,360,1.73,0.052,2.358,0.184
1020,TelevisionClip_360P-3b9a,TelevisionClip,360,480,360,2.679,0.146,5.186,0.243
1021,TelevisionClip_360P-74dd,TelevisionClip,360,640,360,1.576,0.176,4.311,0.376
1022,TelevisionClip_360P-7b23,TelevisionClip,360,640,360,1.8,0.177,3.492,0.189
1023,TelevisionClip_480P-09d8,TelevisionClip,480,640,480,1.291,0.384,0.408,0.611
1024,TelevisionClip_480P-0d89,TelevisionClip,480,720,480,2.508,0.346,4.178,0.291
1025,TelevisionClip_480P-0e46,TelevisionClip,480,640,480,2.063,0.806,0.957,0.888
1026,TelevisionClip_480P-19d3,TelevisionClip,480,854,480,2.594,0.219,3.334,0.216
1027,TelevisionClip_480P-1b49,TelevisionClip,480,640,480,2.788,0.416,1.049,0.629
1028,TelevisionClip_480P-27ca,TelevisionClip,480,640,480,1.396,0.737,4.608,0.286
1029,TelevisionClip_480P-280f,TelevisionClip,480,854,480,1.495,0.021,0.58,0.15
1030,TelevisionClip_480P-2ead,TelevisionClip,480,722,480,0.928,0.344,1.317,0.001
1031,TelevisionClip_480P-30b6,TelevisionClip,480,640,480,0.442,0.433,5.47,0.16
1032,TelevisionClip_480P-3284,TelevisionClip,480,656,480,0.894,0.21,0.496,0.458
1033,TelevisionClip_480P-3617,TelevisionClip,480,848,480,1.117,0.797,3.308,0.414
1034,TelevisionClip_480P-373d,TelevisionClip,480,720,480,2.438,0.096,3.024,0.758
1035,TelevisionClip_480P-3c64,TelevisionClip,480,640,480,0.757,0.275,5.379,0.617
1036,TelevisionClip_480P-415c,TelevisionClip,480,720,480,1.104,0.089,1.177,0.625
1037,TelevisionClip_480P-436c,TelevisionClip,480,368,480,1.299,0.185,1.511,0.051
1038,TelevisionClip_480P-4c6b,TelevisionClip,480,720,480,1.145,0.119,0.655,0.156
1039,TelevisionClip_480P-59f0,TelevisionClip,480,640,480,1.316,0.168,9.204,0.572
1040,TelevisionClip_480P-723e,TelevisionClip,480,640,480,1.151,0.409,6.3,0.549
1041,TelevisionClip_720P-1862,TelevisionClip,720,1280,720,1.164,0.066,0.874,0
1042,TelevisionClip_720P-19de,TelevisionClip,720,1280,720,2.117,0.221,5.808,0.745
1043,TelevisionClip_720P-1b61,TelevisionClip,720,1280,720,1.785,0.021,0.25,0.066
1044,TelevisionClip_720P-2b20,TelevisionClip,720,1280,720,0.361,0.48,5.011,0.367
1045,TelevisionClip_720P-31ce,TelevisionClip,720,1280,720,1.801,0.224,6.139,0.473
1046,TelevisionClip_720P-3f4c,TelevisionClip,720,1280,720,0.63,0.464,2.556,0.075
1047,TelevisionClip_720P-44d1,TelevisionClip,720,1280,720,1.208,0.076,0.164,0.667
1048,TelevisionClip_720P-4af1,TelevisionClip,720,1280,720,0.685,0.354,3.675,0.15
1049,TelevisionClip_720P-4edb,TelevisionClip,720,1280,720,0.767,0.313,1.69,0.573
1050,TelevisionClip_720P-522a,TelevisionClip,720,1280,720,0.684,0.131,0.571,0.231
1051,TelevisionClip_720P-5e93,TelevisionClip,720,1280,720,0.689,0.104,0.704,0.189
1052,TelevisionClip_720P-7c06,TelevisionClip,720,1280,720,1.952,0.041,0.51,0.084
1053,VerticalVideo_1080P-04d4,VerticalVideo,1080,1920,1080,1.037,0.293,0.759,0.113
1054,VerticalVideo_1080P-1105,VerticalVideo,1080,1920,1080,0.665,0.72,6.557,0.349
1055,VerticalVideo_1080P-1ac1,VerticalVideo,1080,1920,1080,0.665,0.625,1.303,0.284
1056,VerticalVideo_1080P-1c86,VerticalVideo,1080,1920,1080,0.163,0.899,0.348,0.005
1057,VerticalVideo_1080P-2195,VerticalVideo,1080,1088,1920,0.78,0.678,8.809,0.595
1058,VerticalVideo_1080P-2f00,VerticalVideo,1080,1920,1080,0.824,0.275,0.647,0.126
1059,VerticalVideo_1080P-30b0,VerticalVideo,1080,1920,1088,2.12,0.568,10.436,0.187
1060,VerticalVideo_1080P-34ba,VerticalVideo,1080,1080,1920,1.241,0.375,0.919,0.63
1061,VerticalVideo_1080P-360f,VerticalVideo,1080,1080,2220,1.197,0.049,0.353,0.637
1062,VerticalVideo_1080P-3709,VerticalVideo,1080,1920,1080,1.164,0.402,2.156,0.116
1063,VerticalVideo_1080P-3a9b,VerticalVideo,1080,1080,1920,1.13,0.143,4.847,0.602
1064,VerticalVideo_1080P-3d96,VerticalVideo,1080,1920,1080,1.079,0.247,0.274,0.146
1065,VerticalVideo_1080P-4591,VerticalVideo,1080,1920,1080,0.356,0.788,0.998,0.137
1066,VerticalVideo_1080P-4925,VerticalVideo,1080,1920,1080,1.32,0.484,10.099,0.228
1067,VerticalVideo_1080P-4b92,VerticalVideo,1080,1920,1080,1.777,0.223,0.243,0.136
1068,VerticalVideo_1080P-4da5,VerticalVideo,1080,1440,2560,0.586,0.164,1.921,0.058
1069,VerticalVideo_1080P-6e19,VerticalVideo,1080,1088,1920,2.233,0.357,2.049,0.137
1070,VerticalVideo_1080P-73b6,VerticalVideo,1080,1920,1080,1.601,0.492,5.322,0.276
1071,VerticalVideo_1080P-766b,VerticalVideo,1080,1920,1080,0.2,0.44,0.109,0.476
1072,VerticalVideo_1080P-7c5c,VerticalVideo,1080,1920,1080,1.837,0.356,1.971,0.165
1073,VerticalVideo_1080P-7cf3,VerticalVideo,1080,1080,1920,0.386,0.349,0.216,0.306
1074,VerticalVideo_2160P-6d62,VerticalVideo,2160,3840,2160,0.315,0.729,0.428,0.224
1075,VerticalVideo_360P-0d29,VerticalVideo,360,640,480,0.234,0.413,0.456,0.553
1076,VerticalVideo_360P-1424,VerticalVideo,360,480,800,2.688,0.131,0.694,0.172
1077,VerticalVideo_360P-145e,VerticalVideo,360,640,480,1.489,0.649,9.095,0.104
1078,VerticalVideo_360P-2bb0,VerticalVideo,360,480,720,0.571,0.444,2.036,0.138
1079,VerticalVideo_360P-2fa3,VerticalVideo,360,540,720,3.308,0.024,0.579,0.634
1080,VerticalVideo_360P-3936,VerticalVideo,360,270,480,1.156,0.397,2.412,0.226
1081,VerticalVideo_360P-3b4e,VerticalVideo,360,640,480,1.498,0.578,5.032,0.389
1082,VerticalVideo_360P-42f1,VerticalVideo,360,406,720,1.901,0.402,2.048,0.093
1083,VerticalVideo_360P-49de,VerticalVideo,360,640,480,3.371,0.562,20.974,0.23
1084,VerticalVideo_360P-52c1,VerticalVideo,360,202,360,2.93,0.416,6.02,0.11
1085,VerticalVideo_360P-5429,VerticalVideo,360,352,640,2.031,0.234,1.784,0.14
1086,VerticalVideo_360P-54f7,VerticalVideo,360,480,800,2.084,0.088,1.553,0.631
1087,VerticalVideo_360P-579c,VerticalVideo,360,600,600,1.227,0.098,8.024,0.726
1088,VerticalVideo_360P-634f,VerticalVideo,360,432,768,1.866,0.309,1.236,0.733
1089,VerticalVideo_360P-6490,VerticalVideo,360,720,480,0.959,0.251,1.553,0.16
1090,VerticalVideo_360P-694d,VerticalVideo,360,640,480,0.963,0.158,0.34,0.39
1091,VerticalVideo_360P-6ff2,VerticalVideo,360,640,480,1.657,0.579,4.909,0.482
1092,VerticalVideo_360P-70a9,VerticalVideo,360,480,720,1.276,0.616,7.998,0.319
1093,VerticalVideo_360P-7ba8,VerticalVideo,360,720,720,2.084,0.544,5.583,0.044
1094,VerticalVideo_360P-7ec3,VerticalVideo,360,406,720,2.785,0.094,2.287,0.69
1095,VerticalVideo_480P-1bb9,VerticalVideo,480,768,1024,1.258,0.047,0.894,0.12
1096,VerticalVideo_480P-2aa1,VerticalVideo,480,608,1080,1.432,0.285,1.053,0.224
1097,VerticalVideo_480P-2fa4,VerticalVideo,480,608,1080,0.834,0.204,0.676,0.38
1098,VerticalVideo_480P-34b9,VerticalVideo,480,480,856,0.574,0.324,0.219,0.168
1099,VerticalVideo_480P-3a6a,VerticalVideo,480,480,854,2.261,0.559,2.109,0.537
1100,VerticalVideo_480P-419c,VerticalVideo,480,848,480,1.169,0.303,0.526,0.743
1101,VerticalVideo_480P-467e,VerticalVideo,480,480,854,0.466,0.726,1.798,0.489
1102,VerticalVideo_480P-5168,VerticalVideo,480,640,1136,3.431,0.688,3.495,0.474
1103,VerticalVideo_480P-51b7,VerticalVideo,480,608,1080,0.543,0.16,1.252,0.134
1104,VerticalVideo_480P-550d,VerticalVideo,480,608,1080,0.567,0.124,1.602,0.461
1105,VerticalVideo_480P-572a,VerticalVideo,480,480,856,0.585,0.307,0.156,0.173
1106,VerticalVideo_480P-7278,VerticalVideo,480,1088,612,0.266,0.579,0.384,0.619
1107,VerticalVideo_480P-729c,VerticalVideo,480,1080,1080,0.164,0.068,0.255,0.083
1108,VerticalVideo_480P-790a,VerticalVideo,480,720,1080,0.293,0.03,0.568,0.122
1109,VerticalVideo_720P-0750,VerticalVideo,720,1280,720,0.939,0.55,3.782,0.22
1110,VerticalVideo_720P-0dac,VerticalVideo,720,720,1280,0.417,0.128,0.456,0.543
1111,VerticalVideo_720P-0f61,VerticalVideo,720,740,1324,0.484,0.247,4.395,0.304
1112,VerticalVideo_720P-19fa,VerticalVideo,720,1280,720,2.02,0.351,2.809,0.208
1113,VerticalVideo_720P-1ada,VerticalVideo,720,1280,720,0.684,0.553,0.982,0.079
1114,VerticalVideo_720P-2efc,VerticalVideo,720,720,1280,0.824,0.635,4.322,0.418
1115,VerticalVideo_720P-3df7,VerticalVideo,720,1280,720,1.058,0.639,3.943,0.29
1116,VerticalVideo_720P-42f2,VerticalVideo,720,1280,720,0.703,0.625,4.94,0.271
1117,VerticalVideo_720P-44de,VerticalVideo,720,720,1280,1.412,0.112,0.536,0.741
1118,VerticalVideo_720P-456c,VerticalVideo,720,720,1280,1.02,0.396,3.751,0.644
1119,VerticalVideo_720P-4730,VerticalVideo,720,1280,720,1.488,0.152,3.279,0.171
1120,VerticalVideo_720P-4ca7,VerticalVideo,720,748,1332,0.724,0.172,3.53,0.221
1121,VerticalVideo_720P-57eb,VerticalVideo,720,720,1280,1.448,0.492,9.658,0.152
1122,VerticalVideo_720P-6580,VerticalVideo,720,720,1280,0.412,0.219,0.271,0
1123,VerticalVideo_720P-665d,VerticalVideo,720,1280,720,2.509,0.23,1.494,0.224
1124,VerticalVideo_720P-669d,VerticalVideo,720,720,1280,0.283,0.049,0.462,0.125
1125,VerticalVideo_720P-6bf7,VerticalVideo,720,1280,720,2.197,0.515,11.247,0.244
1126,VerticalVideo_720P-7517,VerticalVideo,720,750,1334,1.136,0.298,4.648,0.493
1127,VerticalVideo_720P-7859,VerticalVideo,720,720,1280,0.628,0.511,1.893,0.12
1128,VerticalVideo_720P-7c1d,VerticalVideo,720,720,1280,0.326,0.112,1.709,0.093
1129,Vlog_1080P-010b,Vlog,1080,1920,1080,2.003,0.352,10.362,0.099
1130,Vlog_1080P-04fe,Vlog,1080,1920,1080,0.528,0.768,9.259,0.094
1131,Vlog_1080P-1609,Vlog,1080,1920,1080,0.442,1.025,6.529,0.171
1132,Vlog_1080P-18da,Vlog,1080,1920,1080,2.75,0.385,26.126,0.411
1133,Vlog_1080P-19bb,Vlog,1080,1920,1080,0.657,0.864,4.663,0.027
1134,Vlog_1080P-19cc,Vlog,1080,1440,1080,2.393,0.473,8.838,0.1
1135,Vlog_1080P-1a53,Vlog,1080,1920,1080,2.501,0.307,5.842,0.093
1136,Vlog_1080P-1df9,Vlog,1080,1920,1080,1.205,0.275,2.581,0.207
1137,Vlog_1080P-1e70,Vlog,1080,1920,1080,0.134,0.963,0.593,0.142
1138,Vlog_1080P-1f0a,Vlog,1080,1920,1080,0.456,0.413,9.389,0.034
1139,Vlog_1080P-21f5,Vlog,1080,1920,1080,1.246,0.932,12.347,0.188
1140,Vlog_1080P-232f,Vlog,1080,1920,1080,0.281,1.057,2.665,0.033
1141,Vlog_1080P-2394,Vlog,1080,1920,1080,2.655,0.106,1.141,0.326
1142,Vlog_1080P-23cb,Vlog,1080,1920,1080,1.655,0.822,20.218,0.199
1143,Vlog_1080P-25de,Vlog,1080,1920,1080,0.212,0.818,0.904,0.215
1144,Vlog_1080P-2600,Vlog,1080,1920,1080,1.143,0.593,0.791,0.084
1145,Vlog_1080P-26dc,Vlog,1080,1920,1080,1.967,0.813,19.006,0.402
1146,Vlog_1080P-2cda,Vlog,1080,1920,1080,1.195,0.401,9.608,0.228
1147,Vlog_1080P-322f,Vlog,1080,1920,1080,2.106,0.484,11.045,0.272
1148,Vlog_1080P-34cb,Vlog,1080,1920,1080,2.389,0.718,38.626,0.147
1149,Vlog_1080P-35cd,Vlog,1080,1920,1080,0.393,0.836,0.749,0.41
1150,Vlog_1080P-3744,Vlog,1080,1920,1080,0.399,0.504,7.02,0.076
1151,Vlog_1080P-37cf,Vlog,1080,1920,1080,0.456,1.228,1.35,0.335
1152,Vlog_1080P-45c9,Vlog,1080,1920,1080,0.281,0.888,0.596,0.059
1153,Vlog_1080P-4921,Vlog,1080,1920,1080,1.755,0.837,18.357,0.347
1154,Vlog_1080P-4a91,Vlog,1080,1920,1080,2.869,0.464,8.73,0.01
1155,Vlog_1080P-4ba9,Vlog,1080,1920,1080,0.281,0.516,13.263,0.061
1156,Vlog_1080P-4f26,Vlog,1080,1920,1080,0.501,0.544,5.187,0.262
1157,Vlog_1080P-52fe,Vlog,1080,1920,1080,1.109,0.584,2.606,0.465
1158,Vlog_1080P-58ad,Vlog,1080,1920,1080,0.193,0.971,1.403,0.086
1159,Vlog_1080P-5904,Vlog,1080,1920,1080,1.372,0.317,7.323,0.176
1160,Vlog_1080P-5a19,Vlog,1080,1920,1080,0.788,0.711,12.225,0.289
1161,Vlog_1080P-5c65,Vlog,1080,1920,1080,0.193,0.264,0.394,0.06
1162,Vlog_1080P-5f28,Vlog,1080,1920,1080,1.419,0.703,40.49,0.104
1163,Vlog_1080P-62fc,Vlog,1080,1920,1080,2.93,0.352,2.116,0.089
1164,Vlog_1080P-634b,Vlog,1080,1920,1080,0.675,0.623,5.68,0.086
1165,Vlog_1080P-64b6,Vlog,1080,1088,1088,1.567,0.558,8.092,0.193
1166,Vlog_1080P-6686,Vlog,1080,1920,1080,3.322,0.81,20.427,0.887
1167,Vlog_1080P-687a,Vlog,1080,1920,1080,0.774,0.883,18.299,0.384
1168,Vlog_1080P-7062,Vlog,1080,1920,1080,1.129,0.647,3.686,0.091
1169,Vlog_1080P-75b0,Vlog,1080,1920,1080,0.474,0.86,9.024,0.331
1170,Vlog_1080P-7b67,Vlog,1080,1920,1080,1.15,0.421,5.645,0.152
1171,Vlog_1080P-7e8c,Vlog,1080,1920,1080,0.802,0.868,8.568,0.058
1172,Vlog_2160P-0289,Vlog,2160,3840,2160,0.763,0.24,7.198,0.387
1173,Vlog_2160P-030a,Vlog,2160,3840,2160,0.935,0.71,9.807,0.376
1174,Vlog_2160P-03a9,Vlog,2160,3840,2160,0.525,0.354,5.92,0.392
1175,Vlog_2160P-0577,Vlog,2160,3840,2160,1.816,0.424,16.594,0.146
1176,Vlog_2160P-059c,Vlog,2160,3840,2160,0.4,0.489,6.056,0.211
1177,Vlog_2160P-09c9,Vlog,2160,3840,2160,2.203,0.533,20.736,0.112
1178,Vlog_2160P-0fb2,Vlog,2160,3840,2160,1.694,0.537,4.692,0.251
1179,Vlog_2160P-1021,Vlog,2160,3840,2160,0.805,0.468,6.483,0.605
1180,Vlog_2160P-11c0,Vlog,2160,3840,2160,0.291,0.767,2.247,0.19
1181,Vlog_2160P-13a1,Vlog,2160,3840,2160,0.331,0.769,3.921,0.074
1182,Vlog_2160P-13fe,Vlog,2160,3840,2160,1.24,0.363,5.48,0.213
1183,Vlog_2160P-19f9,Vlog,2160,3840,2160,1.025,0.349,2.273,0.056
1184,Vlog_2160P-1ff6,Vlog,2160,3840,2160,0.444,0.783,4.002,0.126
1185,Vlog_2160P-217c,Vlog,2160,3840,2160,0.521,0.644,9.142,0.426
1186,Vlog_2160P-255c,Vlog,2160,3840,2160,0.688,0.087,3.458,0.132
1187,Vlog_2160P-266c,Vlog,2160,5120,2160,0.366,0.487,5.019,0.752
1188,Vlog_2160P-26ef,Vlog,2160,5120,2160,0.343,0.684,4.881,0.729
1189,Vlog_2160P-2953,Vlog,2160,3840,2160,0.622,0.758,3.616,0.093
1190,Vlog_2160P-2b2d,Vlog,2160,3840,2160,0.658,0.585,5.689,0.321
1191,Vlog_2160P-2b61,Vlog,2160,5120,2160,0.258,0.359,5.29,0.752
1192,Vlog_2160P-3019,Vlog,2160,3840,2160,0.865,0.377,0.508,0.524
1193,Vlog_2160P-310b,Vlog,2160,3840,2160,2.025,0.341,5.651,0.171
1194,Vlog_2160P-327a,Vlog,2160,3840,2160,0.295,0.781,6.3,0.555
1195,Vlog_2160P-342a,Vlog,2160,3840,2160,1.095,0.315,1.644,0.213
1196,Vlog_2160P-3a75,Vlog,2160,3840,2160,0.437,0.588,2.039,0.162
1197,Vlog_2160P-408f,Vlog,2160,3840,2160,0.961,0.243,1.224,0.138
1198,Vlog_2160P-416c,Vlog,2160,3840,2160,0.256,0.751,3.052,0.197
1199,Vlog_2160P-4362,Vlog,2160,3840,2160,0.88,0.446,7.34,0.186
1200,Vlog_2160P-4419,Vlog,2160,3840,2160,0.864,0.595,5.438,0.17
1201,Vlog_2160P-4655,Vlog,2160,3840,2160,0.604,0.565,8.681,0.187
1202,Vlog_2160P-4f98,Vlog,2160,3840,2160,0.201,1.168,4.952,0.615
1203,Vlog_2160P-522f,Vlog,2160,3840,2160,1.191,0.466,3.476,0.139
1204,Vlog_2160P-56e4,Vlog,2160,3840,2160,1.051,0.513,11.795,0.4
1205,Vlog_2160P-5874,Vlog,2160,3840,2160,0.883,0.68,3.802,0.345
1206,Vlog_2160P-62b2,Vlog,2160,3840,2160,0.423,0.714,4.499,0.057
1207,Vlog_2160P-6629,Vlog,2160,3840,2160,1.719,0.302,2.618,0.212
1208,Vlog_2160P-6bf1,Vlog,2160,5120,2160,0.373,0.781,3.85,0.68
1209,Vlog_2160P-6f92,Vlog,2160,3840,2160,0.49,0.622,5.155,0.076
1210,Vlog_2160P-700c,Vlog,2160,3840,2160,1.389,0.494,5.791,0.233
1211,Vlog_2160P-70d6,Vlog,2160,3840,2160,1.073,0.91,12.678,0.208
1212,Vlog_2160P-7295,Vlog,2160,5120,2160,0.292,0.597,3.503,0.769
1213,Vlog_2160P-7324,Vlog,2160,3840,2160,0.661,0.512,9.146,0.173
1214,Vlog_2160P-77d8,Vlog,2160,3840,2160,0.558,0.602,5.062,0.055
1215,Vlog_2160P-7b10,Vlog,2160,3840,2160,0.5,0.713,5.737,0.122
1216,Vlog_2160P-7b5c,Vlog,2160,3840,2160,0.406,0.771,5.223,0.121
1217,Vlog_2160P-7bfb,Vlog,2160,3840,2160,0.41,0.272,4.978,0.134
1218,Vlog_2160P-7f05,Vlog,2160,3840,2160,0.584,0.769,13.536,0.322
1219,Vlog_2160P-7f9f,Vlog,2160,5120,2160,0.289,0.605,6.519,0.9
1220,Vlog_360P-0432,Vlog,360,640,360,2.132,0.262,6.322,0.137
1221,Vlog_360P-1e5b,Vlog,360,640,360,2.029,0.285,3.287,0.184
1222,Vlog_360P-22a0,Vlog,360,640,360,1.131,0.525,7.19,0.158
1223,Vlog_360P-2973,Vlog,360,640,360,1.7,0.074,1.201,0
1224,Vlog_360P-2e9d,Vlog,360,640,360,1.444,0.073,0.467,0.416
1225,Vlog_360P-3121,Vlog,360,640,360,2.946,0.571,6.831,0.252
1226,Vlog_360P-3bc2,Vlog,360,640,360,1.241,0.623,1.734,0.186
1227,Vlog_360P-433e,Vlog,360,640,360,2.012,0.104,1.111,0.284
1228,Vlog_360P-435d,Vlog,360,640,360,0.795,0.2,0.689,0.564
1229,Vlog_360P-4697,Vlog,360,640,360,2.498,0.048,0.763,0.314
1230,Vlog_360P-4795,Vlog,360,640,360,0.75,0.547,2.646,0.365
1231,Vlog_360P-4ad1,Vlog,360,640,360,3,0.194,7.194,0.149
1232,Vlog_360P-4d71,Vlog,360,640,360,1.353,0.616,7.458,0.258
1233,Vlog_360P-5f43,Vlog,360,640,360,2.393,0.192,6.253,0.302
1234,Vlog_360P-6279,Vlog,360,640,360,1.74,0.473,6.445,0.191
1235,Vlog_360P-7334,Vlog,360,640,360,1.001,0.614,12.567,0.382
1236,Vlog_360P-76ae,Vlog,360,640,360,1.124,0.136,1.104,0.263
1237,Vlog_360P-7efe,Vlog,360,640,360,1.491,0.372,6.568,0.285
1238,Vlog_480P-08c7,Vlog,480,854,480,1.48,0.478,7.755,0.525
1239,Vlog_480P-0980,Vlog,480,720,480,0.339,0.069,0.786,0.078
1240,Vlog_480P-0ddc,Vlog,480,720,480,3.164,0.199,3.542,0.096
1241,Vlog_480P-1b39,Vlog,480,640,480,0.868,0.607,2.742,0.403
1242,Vlog_480P-206f,Vlog,480,640,480,1.553,0.766,4.05,0.37
1243,Vlog_480P-279d,Vlog,480,720,480,1.544,0.584,8.991,0.092
1244,Vlog_480P-2cad,Vlog,480,720,480,1.69,0.706,7.142,0.193
1245,Vlog_480P-34ba,Vlog,480,640,480,0.541,0.391,1.276,0
1246,Vlog_480P-476b,Vlog,480,854,480,3.026,0.198,1.331,0.386
1247,Vlog_480P-4beb,Vlog,480,640,480,3.201,0.564,1.639,0.265
1248,Vlog_480P-5275,Vlog,480,640,480,1.17,0.592,7.469,0.174
1249,Vlog_480P-535d,Vlog,480,720,480,0.644,0.3,1.407,0.301
1250,Vlog_480P-59dc,Vlog,480,640,480,1.494,0.753,1.216,0.599
1251,Vlog_480P-5a31,Vlog,480,720,480,2.787,0.792,9.85,0.311
1252,Vlog_480P-5dfe,Vlog,480,854,480,1.24,0.315,6.801,0.259
1253,Vlog_480P-5e1c,Vlog,480,640,480,4.209,0.001,0.421,0
1254,Vlog_480P-5ebd,Vlog,480,854,480,3.084,0.335,11.602,0.16
1255,Vlog_480P-6395,Vlog,480,640,480,2.596,0.339,3.549,0.081
1256,Vlog_480P-6c60,Vlog,480,640,480,0.669,0.38,2.789,0.794
1257,Vlog_480P-7105,Vlog,480,720,480,3.772,0.829,5.693,0.317
1258,Vlog_480P-7237,Vlog,480,854,480,2.585,0.273,6.191,0.165
1259,Vlog_480P-7615,Vlog,480,640,480,3.202,0.574,1.438,0.224
1260,Vlog_480P-7754,Vlog,480,854,480,0.916,0.466,0.907,0.093
1261,Vlog_480P-7d0c,Vlog,480,640,480,1.294,0.698,9.785,0.546
1262,Vlog_480P-7ecf,Vlog,480,720,480,2.951,0.779,9.177,0.193
1263,Vlog_720P-033a,Vlog,720,1280,720,2.166,0.227,6.092,0.155
1264,Vlog_720P-03d5,Vlog,720,1280,720,2.05,0.705,18.499,0.063
1265,Vlog_720P-03f9,Vlog,720,1280,720,2.997,0.254,3.647,0.07
1266,Vlog_720P-0d79,Vlog,720,1280,720,1.213,0.565,13.624,0.353
1267,Vlog_720P-1003,Vlog,720,1280,720,2.534,0.241,5.898,0.05
1268,Vlog_720P-11c5,Vlog,720,1280,720,1.427,0.279,4.442,0.069
1269,Vlog_720P-135c,Vlog,720,1280,720,2.857,0.228,20.579,0.197
1270,Vlog_720P-141f,Vlog,720,1280,720,0.157,0.805,1.132,0.012
1271,Vlog_720P-155f,Vlog,720,1280,720,1.195,0.683,3.871,0.196
1272,Vlog_720P-2929,Vlog,720,1280,720,4.41,0.442,18.44,0.186
1273,Vlog_720P-313f,Vlog,720,1280,720,1.197,0.267,6.148,0.085
1274,Vlog_720P-329f,Vlog,720,1280,720,2.22,0.47,2.457,0.186
1275,Vlog_720P-32b2,Vlog,720,1280,720,2.156,0.187,0.813,0.185
1276,Vlog_720P-343d,Vlog,720,1280,720,0.318,0.611,1.639,0.087
1277,Vlog_720P-372d,Vlog,720,1280,720,2.39,0.229,7.951,0.109
1278,Vlog_720P-3e9c,Vlog,720,1280,720,2.015,0.009,0.341,0.363
1279,Vlog_720P-4e3d,Vlog,720,1280,720,2.362,0.173,6.818,0.35
1280,Vlog_720P-5364,Vlog,720,1280,720,0.693,0.655,8.489,0.706
1281,Vlog_720P-55b6,Vlog,720,1280,720,2.542,0.241,0.699,0.09
1282,Vlog_720P-561e,Vlog,720,1280,720,2.188,0.034,1.128,0.39
1283,Vlog_720P-5d08,Vlog,720,732,720,4.128,0.285,2.126,0.248
1284,Vlog_720P-60f8,Vlog,720,1280,720,1.554,0.344,2.466,0.25
1285,Vlog_720P-6410,Vlog,720,1280,720,0.698,0.833,13.297,0.229
1286,Vlog_720P-6d56,Vlog,720,1280,720,1.074,0.428,11.794,0.415
